ID,Tahun Akad,Tahun Realisasi,Bank,Asosiasi,Jenis Rumah,Provinsi,Kabupaten,Kecamatan,Kelurahan,Kelamin,Pekerjaan,Penghasilan,Nama Pengembang,Nama Perumahan,Luas Bangunan,Luas Tanah,Harga Rumah,Tenor,Suku Bunga Kpr,Nilai Flpp,Tgl Akad,Tanggal Pencairan
751189,2022,2022,BANK BTN,REI,tapak,JAMBI,KAB BUNGO,Rimbo Tengah,Cadika,L,SWASTA,4.500.000,PT BERKAH CIPTA PERKASA,AL MINA RESIDENCE,36,96,140.000.000,240,5%,99.750.000,"7 January, 2022","25 February, 2022"
751313,2022,2022,BANK BTN,APERSI,tapak,JAMBI,KAB BUNGO,Rimbo Tengah,Cadika,L,SWASTA,5.955.000,PT SINAR PENYELAMAT UMAT,AL KAUTSAR RESIDENCE 5,36,111,150.500.000,180,5%,106.875.000,"10 January, 2022","25 February, 2022"
751377,2022,2022,BANK BTN,REI,tapak,JAMBI,KAB BUNGO,Rimbo Tengah,Cadika,P,PNS,3.898.440,PT CIPTA JAYA EWISA,BUNGO CIPTA GRAHA 3,36,108,140.000.000,240,5%,99.750.000,"10 January, 2022","25 February, 2022"
751465,2022,2022,BANK BTN,APERSI,tapak,JAMBI,KAB BUNGO,Rimbo Tengah,Sungai Mengkuang,L,SWASTA,7.651.298,PT BANGUN TIGA ARTHA,PONDOK SIGINJAI SARI,36,120,150.000.000,240,5%,106.875.000,"24 January, 2022","25 February, 2022"
751928,2022,2022,BANK BTN,REI,tapak,JAMBI,KAB BUNGO,Bungo Dani,Talang Pantai,P,SWASTA,2.500.000,PT KHAIRUNNISA BUNGO DEMPO,DEMPO RESIDENCE,36,111,140.000.000,240,5%,92.250.000,"10 January, 2022","25 February, 2022"
751932,2022,2022,BANK BTN,REI,tapak,JAMBI,KAB BUNGO,Bungo Dani,Talang Pantai,L,SWASTA,3.500.000,PT KHAIRUNNISA BUNGO DEMPO,DEMPO RESIDENCE,36,113,140.000.000,240,5%,99.750.000,"21 January, 2022","25 February, 2022"
763023,2022,2022,BANK BTN,REI,tapak,JAMBI,KAB BUNGO,Bungo Dani,Sungai Kerjan,P,SWASTA,7.500.000,PT BERKAH CIPTA PERKASA,AZIZIYAH RESIDENCE,36,108,150.000.000,180,5%,106.875.000,"21 January, 2022","25 February, 2022"
763292,2022,2022,BANK BTN,REI,tapak,JAMBI,KAB BUNGO,Rimbo Tengah,Cadika,P,SWASTA,4.550.000,PT CANDIKA KAPITAL PROPERTINDO,CANDIKA ASRI,36,108,140.000.000,240,5%,99.750.000,"28 January, 2022","25 February, 2022"
763318,2022,2022,BANK BTN,REI,tapak,JAMBI,KAB BUNGO,Bathin III,Bungo Taman Agung,P,SWASTA,3.280.000,PT BUNGO GRAHA INDAH,GRAHA NUSA INDAH,36,108,150.000.000,240,5%,106.875.000,"14 January, 2022","25 February, 2022"
763325,2022,2022,BANK BTN,REI,tapak,JAMBI,KAB BUNGO,Bathin III,Bungo Taman Agung,L,TNI/POLRI,7.465.300,PT BUNGO GRAHA INDAH,GRAHA NUSA INDAH,36,108,150.000.000,240,5%,106.875.000,"14 January, 2022","25 February, 2022"
766482,2022,2022,BANK BTN,REI,tapak,JAMBI,KAB BUNGO,Bungo Dani,Talang Pantai,P,SWASTA,7.027.038,PT ANUGERAH REZEKI BERSAUDARA MADANI,BUNGO DANI RESIDENCE 3,36,108,150.500.000,120,5%,107.231.250,"17 January, 2022","25 February, 2022"
766556,2022,2022,BANK BTN,REI,tapak,JAMBI,KAB BUNGO,Bathin III,Manggis,L,SWASTA,4.464.946,PT Wijoyo Oridina Properti,BUNGO CITY RESIDENCE 2,36,84,150.000.000,180,5%,106.875.000,"17 January, 2022","25 February, 2022"
767488,2022,2022,BANK BTN,APERSI,tapak,JAMBI,KAB BUNGO,Rimbo Tengah,Sungai Mengkuang,L,SWASTA,5.400.000,PT KARYA ABADI WIGUNA,BUNGO PERSADA INDAH 3,36,96,140.000.000,240,5%,99.750.000,"21 January, 2022","25 February, 2022"
767497,2022,2022,BANK BTN,APERSI,tapak,JAMBI,KAB BUNGO,Rimbo Tengah,Cadika,L,SWASTA,4.989.700,PT SINAR PENYELAMAT UMAT,AL KAUTSAR RESIDENCE 5,36,96,150.500.000,180,5%,106.875.000,"21 January, 2022","25 February, 2022"
768107,2022,2022,BANK BTN,REI,tapak,JAMBI,KAB BUNGO,Rimbo Tengah,Cadika,L,SWASTA,7.800.000,PT BERKAH CIPTA PERKASA,AL MINA RESIDENCE,36,96,140.000.000,180,5%,99.750.000,"21 January, 2022","25 February, 2022"
772609,2022,2022,BANK JAMBI,APERSI,tapak,JAMBI,KAB BUNGO,Rimbo Tengah,Cadika,P,SWASTA,6.640.000,PT SINAR PENYELAMAT UMAT,AL KAUTSAR RESIDENCE 5,36,96,150.500.000,180,5%,107.231.250,"3 February, 2022","25 February, 2022"
772611,2022,2022,BANK JAMBI,APERSI,tapak,JAMBI,KAB BUNGO,Rimbo Tengah,Cadika,L,SWASTA,6.872.668,PT SINAR PENYELAMAT UMAT,AL KAUTSAR RESIDENCE 5,36,96,150.500.000,180,5%,107.231.250,"8 February, 2022","25 February, 2022"
772613,2022,2022,BANK JAMBI,APERSI,tapak,JAMBI,KAB BUNGO,Rimbo Tengah,Cadika,P,SWASTA,4.780.124,PT SINAR PENYELAMAT UMAT,AL KAUTSAR RESIDENCE 5,36,96,150.500.000,240,5%,107.231.250,"3 February, 2022","25 February, 2022"
772616,2022,2022,BANK JAMBI,APERSI,tapak,JAMBI,KAB BUNGO,Rimbo Tengah,Cadika,L,SWASTA,2.834.147,PT SINAR PENYELAMAT UMAT,AL KAUTSAR RESIDENCE 5,36,96,150.500.000,180,5%,107.231.250,"3 February, 2022","25 February, 2022"
779847,2022,2022,BANK BTN,REI,tapak,JAMBI,KAB BUNGO,Bathin III,Manggis,L,SWASTA,6.000.000,PT Wijoyo Oridina Properti,BUNGO CITY RESIDENCE 2,36,84,150.000.000,240,5%,106.875.000,"27 January, 2022","25 February, 2022"
780156,2022,2022,BANK BTN,APERSI,tapak,JAMBI,KAB BUNGO,Bathin III,Sungai Binjai,L,SWASTA,5.499.960,PT MITRA SENTOSA MANDIRI,VILLA ADEVA SENTOSA,36,120,150.000.000,216,5%,106.875.000,"28 January, 2022","25 February, 2022"
780160,2022,2022,BANK BTN,REI,tapak,JAMBI,KAB BUNGO,Rimbo Tengah,Cadika,P,SWASTA,6.670.000,PT CIPTA JAYA EWISA,BUNGO CIPTA GRAHA 3,36,108,140.000.000,240,5%,99.750.000,"28 January, 2022","25 February, 2022"
791459,2022,2022,BANK BTN,REI,tapak,JAMBI,KAB BUNGO,Bathin III,Bungo Taman Agung,L,SWASTA,3.800.000,PT BUNGO GRAHA INDAH,GRAHA NUSA INDAH,36,108,150.000.000,240,5%,106.875.000,"9 February, 2022","25 February, 2022"
791463,2022,2022,BANK BTN,REI,tapak,JAMBI,KAB BUNGO,Rimbo Tengah,Sungai Mengkuang,P,SWASTA,3.800.000,PT CAHAYA BINTANG FENDRA,BARCELONA,36,96,150.500.000,240,5%,107.231.250,"7 February, 2022","25 February, 2022"
791620,2022,2022,BANK BTN,REI,tapak,JAMBI,KAB BUNGO,Bungo Dani,Talang Pantai,L,TNI/POLRI,5.596.700,PT ANUGERAH REZEKI BERSAUDARA MADANI,BUNGO DANI RESIDENCE 3,36,108,150.500.000,180,5%,107.625.000,"7 February, 2022","25 February, 2022"
791812,2022,2022,BANK BTN,REI,tapak,JAMBI,KAB BUNGO,Rimbo Tengah,Cadika,L,SWASTA,5.763.400,PT CIPTA JAYA EWISA,BUNGO CIPTA GRAHA 3,36,108,140.000.000,240,5%,99.750.000,"9 February, 2022","25 February, 2022"
798102,2022,2022,BANK BTN,APERSI,tapak,JAMBI,KAB BUNGO,Rimbo Tengah,Cadika,L,SWASTA,7.400.000,PT SINAR PENYELAMAT UMAT,AL KAUTSAR RESIDENCE 5,36,96,150.500.000,180,5%,107.231.250,"11 February, 2022","1 March, 2022"
802794,2022,2022,BANK BTN,APERSI,tapak,JAMBI,KAB BUNGO,Bathin III,Sungai Binjai,L,SWASTA,4.000.000,PT MITRA SENTOSA MANDIRI,VILLA ADEVA SENTOSA,36,120,150.000.000,240,5%,106.875.000,"28 January, 2022","1 March, 2022"
802839,2022,2022,BANK BTN,REI,tapak,JAMBI,KAB BUNGO,Bungo Dani,Sungai Kerjan,L,SWASTA,6.730.000,PT BERKAH CIPTA PERKASA,AZIZIYAH RESIDENCE,36,96,150.000.000,180,5%,106.875.000,"21 January, 2022","1 March, 2022"
802844,2022,2022,BANK BTN,REI,tapak,JAMBI,KAB BUNGO,Rimbo Tengah,Sungai Mengkuang,L,SWASTA,5.500.000,PT BERKAH CIPTA PERKASA,AL MADINAH 2,36,108,138.100.000,180,5%,98.325.000,"21 January, 2022","1 March, 2022"
803364,2022,2022,BANK BTN,REI,tapak,JAMBI,KAB BUNGO,Bungo Dani,Sungai Kerjan,L,PNS,4.146.340,PT BERKAH CIPTA PERKASA,AZIZIYAH RESIDENCE,36,96,150.500.000,240,5%,107.231.250,"21 January, 2022","1 March, 2022"
803365,2022,2022,BANK BTN,REI,tapak,JAMBI,KAB BUNGO,Bungo Dani,Sungai Kerjan,L,TNI/POLRI,7.039.600,PT BERKAH CIPTA PERKASA,AZIZIYAH RESIDENCE,36,98,150.000.000,120,5%,106.875.000,"21 January, 2022","1 March, 2022"
805406,2022,2022,BANK BTN,APERSI,tapak,JAMBI,KAB BUNGO,Bathin III,Manggis,L,SWASTA,5.000.000,PT LIDYA JAYA ABADI,BUNGO GRIYA ABADI,36,108,150.500.000,240,5%,106.875.000,"15 February, 2022","2 March, 2022"
806970,2022,2022,BANK JAMBI,APERSI,tapak,JAMBI,KAB BUNGO,Rimbo Tengah,Cadika,P,SWASTA,2.980.124,PT SINAR PENYELAMAT UMAT,AL KAUTSAR RESIDENCE 5,36,96,150.500.000,120,5%,107.231.250,"8 February, 2022","1 March, 2022"
817691,2022,2022,BANK BNI,REI,tapak,JAMBI,KAB BUNGO,Rimbo Tengah,Sungai Mengkuang,L,SWASTA,5.152.281,PT BERKAH CIPTA PERKASA,AL MADINAH 2,36,108,150.500.000,180,5%,107.250.000,"24 January, 2022","2 March, 2022"
817692,2022,2022,BANK BNI,REI,tapak,JAMBI,KAB BUNGO,Bungo Dani,Sungai Kerjan,L,SWASTA,4.030.000,PT BERKAH CIPTA PERKASA,AZIZIYAH RESIDENCE,36,96,150.500.000,240,5%,107.250.000,"24 January, 2022","2 March, 2022"
817693,2022,2022,BANK BNI,REI,tapak,JAMBI,KAB BUNGO,Bungo Dani,Sungai Kerjan,L,SWASTA,3.900.000,PT BERKAH CIPTA PERKASA,AZIZIYAH RESIDENCE,36,108,150.500.000,180,5%,107.250.000,"24 January, 2022","2 March, 2022"
817706,2022,2022,BANK BNI,REI,tapak,JAMBI,KAB BUNGO,Bathin III,Sungai Binjai,P,SWASTA,3.100.000,PT KHAIRUNNISA BUNGO DEMPO,DEMPO RESIDENCE 2,36,108,140.000.000,180,5%,99.750.000,"26 January, 2022","2 March, 2022"
818177,2022,2022,BANK BNI,REI,tapak,JAMBI,KAB BUNGO,Bathin III,Sungai Binjai,P,SWASTA,3.600.000,PT KHAIRUNNISA BUNGO DEMPO,DEMPO RESIDENCE 2,36,108,140.000.000,216,5%,99.750.000,"27 January, 2022","2 March, 2022"
818179,2022,2022,BANK BNI,REI,tapak,JAMBI,KAB BUNGO,Bathin III,Sungai Binjai,P,SWASTA,4.357.913,PT KHAIRUNNISA BUNGO DEMPO,DEMPO RESIDENCE 2,36,108,140.000.000,180,5%,99.750.000,"27 January, 2022","2 March, 2022"
818180,2022,2022,BANK BNI,REI,tapak,JAMBI,KAB BUNGO,Bathin III,Sungai Binjai,P,SWASTA,3.300.000,PT KHAIRUNNISA BUNGO DEMPO,DEMPO RESIDENCE 2,36,108,140.000.000,240,5%,99.750.000,"27 January, 2022","2 March, 2022"
818237,2022,2022,BANK BNI,REI,tapak,JAMBI,KAB BUNGO,Bungo Dani,Sungai Kerjan,L,SWASTA,5.730.165,PT BERKAH CIPTA PERKASA,AZIZIYAH RESIDENCE,36,108,150.500.000,180,5%,107.250.000,"9 February, 2022","2 March, 2022"
818247,2022,2022,BANK BNI,REI,tapak,JAMBI,KAB BUNGO,Rimbo Tengah,Sungai Mengkuang,L,SWASTA,4.280.600,PT BERKAH CIPTA PERKASA,AL MADINAH 2,36,108,150.500.000,240,5%,107.250.000,"10 February, 2022","2 March, 2022"
824318,2022,2022,BANK BTN,REI,tapak,JAMBI,KAB BUNGO,Rimbo Tengah,Cadika,L,SWASTA,4.394.793,PT CIPTA JAYA EWISA,BUNGO CIPTA GRAHA 3,36,108,140.000.000,240,5%,99.750.000,"28 January, 2022","4 March, 2022"
824843,2022,2022,BANK BTN,APERSI,tapak,JAMBI,KAB BUNGO,Rimbo Tengah,Cadika,P,SWASTA,5.230.000,PT SINAR PENYELAMAT UMAT,AL KAUTSAR RESIDENCE 5,36,110,150.500.000,240,5%,106.875.000,"31 January, 2022","4 March, 2022"
826881,2022,2022,BANK BTN,REI,tapak,JAMBI,KAB BUNGO,Bathin III,Bungo Taman Agung,L,SWASTA,4.150.000,PT BUNGO GRAHA INDAH,GRAHA NUSA INDAH,36,108,150.000.000,240,5%,106.875.000,"18 February, 2022","4 March, 2022"
827466,2022,2022,BANK BTN,APERSI,tapak,JAMBI,KAB BUNGO,Rimbo Tengah,Sungai Mengkuang,P,SWASTA,3.700.000,PT BANGUN TIGA ARTHA,PONDOK SIGINJAI SARI,36,120,150.000.000,180,5%,106.875.000,"24 February, 2022","4 March, 2022"
829600,2022,2022,BANK BTN,APERSI,tapak,JAMBI,KAB BUNGO,Rimbo Tengah,Cadika,L,SWASTA,4.514.334,PT SINAR PENYELAMAT UMAT,AL KAUTSAR RESIDENCE 5,36,110,150.500.000,240,5%,107.231.250,"23 February, 2022","4 March, 2022"
839428,2022,2022,BANK BNI,REI,tapak,JAMBI,KAB BUNGO,Bungo Dani,Sungai Kerjan,L,SWASTA,3.354.793,PT BERKAH CIPTA PERKASA,AZIZIYAH RESIDENCE,36,130,150.500.000,180,5%,107.250.000,"25 February, 2022","15 March, 2022"
839505,2022,2022,BANK BNI,REI,tapak,JAMBI,KAB BUNGO,Bungo Dani,Sungai Kerjan,L,SWASTA,3.500.000,PT PERMATA REAL ESTATE,PERMATA SEI KERJAN,36,144,150.500.000,180,5%,107.250.000,"17 February, 2022","15 March, 2022"
839506,2022,2022,BANK BNI,REI,tapak,JAMBI,KAB BUNGO,Bungo Dani,Sungai Kerjan,L,SWASTA,4.000.000,PT BERKAH CIPTA PERKASA,AZIZIYAH RESIDENCE,36,96,150.500.000,180,5%,107.250.000,"17 February, 2022","15 March, 2022"
839507,2022,2022,BANK BNI,REI,tapak,JAMBI,KAB BUNGO,Bungo Dani,Sungai Kerjan,L,SWASTA,3.600.000,PT PERMATA REAL ESTATE,PERMATA SEI KERJAN,36,120,150.500.000,180,5%,107.250.000,"17 February, 2022","15 March, 2022"
839509,2022,2022,BANK BNI,REI,tapak,JAMBI,KAB BUNGO,Bungo Dani,Sungai Kerjan,L,SWASTA,4.500.000,PT BERKAH CIPTA PERKASA,AZIZIYAH RESIDENCE,36,96,150.500.000,120,5%,107.250.000,"17 February, 2022","15 March, 2022"
839520,2022,2022,BANK BNI,REI,tapak,JAMBI,KAB BUNGO,Bungo Dani,Sungai Kerjan,L,SWASTA,4.500.000,PT BERKAH CIPTA PERKASA,AZIZIYAH RESIDENCE,36,108,150.500.000,180,5%,107.250.000,"23 February, 2022","15 March, 2022"
841401,2022,2022,BANK JAMBI,APERSI,tapak,JAMBI,KAB BUNGO,Rimbo Tengah,Cadika,L,SWASTA,3.046.429,PT SINAR PENYELAMAT UMAT,AL KAUTSAR RESIDENCE 5,36,96,150.500.000,240,5%,107.231.250,"4 March, 2022","10 March, 2022"
847784,2022,2022,BANK BTN,REI,tapak,JAMBI,KAB BUNGO,Rimbo Tengah,Sungai Mengkuang,P,SWASTA,3.400.000,PT CAHAYA BINTANG FENDRA,BARCELONA,36,96,150.500.000,240,5%,106.875.000,"17 February, 2022","10 March, 2022"
852714,2022,2022,BANK BTN,REI,tapak,JAMBI,KAB BUNGO,Bathin III,Bungo Taman Agung,P,SWASTA,3.540.000,PT BUNGO GRAHA INDAH,GRAHA NUSA INDAH,36,108,150.000.000,240,5%,106.875.000,"18 February, 2022","16 March, 2022"
852715,2022,2022,BANK BTN,REI,tapak,JAMBI,KAB BUNGO,Bathin III,Bungo Taman Agung,P,SWASTA,3.540.000,PT BUNGO GRAHA INDAH,GRAHA NUSA INDAH,36,108,150.000.000,240,5%,106.875.000,"18 February, 2022","16 March, 2022"
852723,2022,2022,BANK BTN,REI,tapak,JAMBI,KAB BUNGO,Bungo Dani,Talang Pantai,P,SWASTA,7.463.735,PT ANUGERAH REZEKI BERSAUDARA MADANI,BUNGO DANI RESIDENCE 3,36,108,150.500.000,240,5%,107.231.250,"24 February, 2022","16 March, 2022"
852727,2022,2022,BANK BTN,APERSI,tapak,JAMBI,KAB BUNGO,Bathin III,Bungo Taman Agung,L,SWASTA,3.350.000,PT JAYA BAKTI PERMATA SARI,PURWOBAKTI INDAH DUO,36,133,140.000.000,180,5%,99.750.000,"24 February, 2022","16 March, 2022"
857499,2022,2022,BANK BTN,REI,tapak,JAMBI,KAB BUNGO,Bungo Dani,Talang Pantai,L,SWASTA,4.000.000,PT ANUGERAH REZEKI BERSAUDARA MADANI,BUNGO DANI RESIDENCE 3,36,108,150.500.000,240,5%,106.875.000,"9 March, 2022","16 March, 2022"
857500,2022,2022,BANK BTN,REI,tapak,JAMBI,KAB BUNGO,Bathin III,Sungai Binjai,L,SWASTA,4.600.000,PT KHAIRUNNISA BUNGO DEMPO,DEMPO RESIDENCE 2,36,108,140.000.000,180,5%,99.750.000,"9 March, 2022","16 March, 2022"
857954,2022,2022,BANK BTN,REI,tapak,JAMBI,KAB BUNGO,Bathin III,Bungo Taman Agung,L,SWASTA,3.488.500,PT BUNGO GRAHA INDAH,GRAHA NUSA INDAH,36,108,150.000.000,180,5%,106.875.000,"9 March, 2022","16 March, 2022"
875994,2022,2022,BANK BTN,REI,tapak,JAMBI,KAB BUNGO,Bathin III,Sungai Binjai,L,SWASTA,3.100.000,PT KHAIRUNNISA BUNGO DEMPO,DEMPO RESIDENCE 2,36,108,140.000.000,240,5%,99.750.000,"14 March, 2022","18 March, 2022"
880604,2022,2022,BANK BNI,REI,tapak,JAMBI,KAB BUNGO,Bungo Dani,Sungai Kerjan,L,SWASTA,4.000.000,PT BERKAH CIPTA PERKASA,AZIZIYAH RESIDENCE,36,96,150.500.000,180,5%,107.250.000,"10 March, 2022","21 March, 2022"
880605,2022,2022,BANK BNI,REI,tapak,JAMBI,KAB BUNGO,Rimbo Tengah,Sungai Mengkuang,P,SWASTA,4.500.000,PT BERKAH CIPTA PERKASA,AL MADINAH 2,36,109,150.500.000,240,5%,107.250.000,"11 March, 2022","21 March, 2022"
880676,2022,2022,BANK BNI,REI,tapak,JAMBI,KAB BUNGO,Bungo Dani,Sungai Kerjan,L,SWASTA,4.000.000,PT BERKAH CIPTA PERKASA,AZIZIYAH RESIDENCE,36,97,150.500.000,120,5%,107.250.000,"15 March, 2022","21 March, 2022"
885041,2022,2022,BANK BTN,APERSI,tapak,JAMBI,KAB BUNGO,Bathin III,Sungai Binjai,L,SWASTA,4.500.000,PT MITRA SENTOSA MANDIRI,VILLA ADEVA SENTOSA,36,120,150.000.000,240,5%,106.875.000,"17 March, 2022","23 March, 2022"
886284,2022,2022,BANK BTN,REI,tapak,JAMBI,KAB BUNGO,Rimbo Tengah,Cadika,L,SWASTA,4.269.393,PT CIPTA JAYA EWISA,BUNGO CIPTA GRAHA 3,36,108,140.000.000,240,5%,99.750.000,"11 March, 2022","23 March, 2022"
886802,2022,2022,BANK BTN,APERSI,tapak,JAMBI,KAB BUNGO,Bathin III,Sungai Binjai,P,SWASTA,4.300.000,PT MITRA SENTOSA MANDIRI,VILLA ADEVA SENTOSA,36,120,150.000.000,204,5%,106.875.000,"17 March, 2022","23 March, 2022"
890861,2022,2022,BANK BTN,APERSI,tapak,JAMBI,KAB BUNGO,Bathin III,Manggis,L,SWASTA,4.274.620,PT LIDYA JAYA ABADI,BUNGO GRIYA ABADI,36,108,150.500.000,204,5%,107.231.250,"18 March, 2022","24 March, 2022"
890866,2022,2022,BANK BTN,APERSI,tapak,JAMBI,KAB BUNGO,Bathin III,Sungai Binjai,L,SWASTA,7.000.000,PT MITRA SENTOSA MANDIRI,VILLA ADEVA SENTOSA,36,120,150.000.000,180,5%,106.875.000,"17 March, 2022","24 March, 2022"
894544,2022,2022,BANK BTN,APERSI,tapak,JAMBI,KAB BUNGO,Rimbo Tengah,Sungai Mengkuang,L,SWASTA,4.183.333,PT BANGUN TIGA ARTHA,PONDOK SIGINJAI SARI,36,120,150.000.000,240,5%,106.875.000,"22 March, 2022","25 March, 2022"
895244,2022,2022,BANK BNI,REI,tapak,JAMBI,KAB BUNGO,Bungo Dani,Sungai Kerjan,P,SWASTA,4.500.000,PT BERKAH CIPTA PERKASA,AZIZIYAH RESIDENCE,36,96,150.500.000,180,5%,107.250.000,"21 March, 2022","28 March, 2022"
895284,2022,2022,BANK BNI,REI,tapak,JAMBI,KAB BUNGO,Bungo Dani,Sungai Kerjan,P,SWASTA,4.000.000,PT BERKAH CIPTA PERKASA,AZIZIYAH RESIDENCE,36,110,150.500.000,240,5%,107.250.000,"21 March, 2022","28 March, 2022"
895289,2022,2022,BANK BNI,REI,tapak,JAMBI,KAB BUNGO,Bungo Dani,Sungai Kerjan,P,SWASTA,4.500.000,PT BERKAH CIPTA PERKASA,AZIZIYAH RESIDENCE,36,96,150.500.000,240,5%,107.250.000,"22 March, 2022","28 March, 2022"
895290,2022,2022,BANK BNI,REI,tapak,JAMBI,KAB BUNGO,Bungo Dani,Sungai Kerjan,P,SWASTA,4.500.000,PT BERKAH CIPTA PERKASA,AZIZIYAH RESIDENCE,36,96,150.500.000,240,5%,107.250.000,"22 March, 2022","28 March, 2022"
900714,2022,2022,BANK BTN,REI,tapak,JAMBI,KAB BUNGO,Rimbo Tengah,Sungai Mengkuang,L,SWASTA,3.800.000,PT KHOVIZ LANSKAP PROPERTI,PESSONA BUNGO RESIDENCE,36,108,150.500.000,240,5%,107.231.250,"23 March, 2022","28 March, 2022"
901910,2022,2022,BANK BNI,REI,tapak,JAMBI,KAB BUNGO,Rimbo Tengah,Sungai Mengkuang,L,SWASTA,4.500.000,PT BERKAH CIPTA PERKASA,AL MADINAH 2,36,108,150.500.000,240,5%,107.250.000,"24 March, 2022","28 March, 2022"
903296,2022,2022,BANK BTN,APERSI,tapak,JAMBI,KAB BUNGO,Bathin III,Sungai Binjai,P,SWASTA,4.000.000,PT MITRA SENTOSA MANDIRI,VILLA ADEVA SENTOSA,36,120,150.000.000,240,5%,106.875.000,"17 March, 2022","28 March, 2022"
903433,2022,2022,BANK BTN,REI,tapak,JAMBI,KAB BUNGO,Rimbo Tengah,Sungai Mengkuang,L,SWASTA,5.000.000,PT KHOVIZ LANSKAP PROPERTI,PESSONA BUNGO RESIDENCE,36,108,150.500.000,240,5%,107.231.250,"23 March, 2022","28 March, 2022"
908377,2022,2022,BANK MANDIRI,APERSI,tapak,JAMBI,KAB BUNGO,Bathin III,Manggis,P,SWASTA,4.000.000,PT LIDYA JAYA ABADI,BUNGO GRIA ABADI,36,108,150.500.000,180,5%,107.231.250,"15 March, 2022","30 March, 2022"
909965,2022,2022,BANK BTN,REI,tapak,JAMBI,KAB BUNGO,Rimbo Tengah,Sungai Mengkuang,L,SWASTA,3.151.170,PT KHOVIZ LANSKAP PROPERTI,PESSONA BUNGO RESIDENCE,36,108,150.500.000,240,5%,107.231.250,"25 March, 2022","30 March, 2022"
914911,2022,2022,BANK BTN,REI,tapak,JAMBI,KAB BUNGO,Rimbo Tengah,Cadika,L,SWASTA,3.700.000,PT CANDIKA KAPITAL PROPERTINDO,CANDIKA ASRI,36,108,140.000.000,240,5%,99.750.000,"28 March, 2022","1 April, 2022"
921482,2022,2022,BANK BTN,APERSI,tapak,JAMBI,KAB BUNGO,Rimbo Tengah,Sungai Mengkuang,P,SWASTA,3.000.000,PT KARYA ABADI WIGUNA,BUNGO PERSADA INDAH 3,36,84,140.000.000,204,5%,99.750.000,"28 March, 2022","1 April, 2022"
922628,2022,2022,BANK BTN,REI,tapak,JAMBI,KAB BUNGO,Bungo Dani,Talang Pantai,L,SWASTA,3.900.000,PT ANUGERAH REZEKI BERSAUDARA MADANI,BUNGO DANI RESIDENCE 3,36,108,150.500.000,240,5%,106.875.000,"27 January, 2022","1 April, 2022"
928729,2022,2022,BANK BTN,APERSI,tapak,JAMBI,KAB BUNGO,Bathin III,Sungai Binjai,P,SWASTA,6.000.000,PT MITRA SENTOSA MANDIRI,VILLA ADEVA SENTOSA,36,120,150.000.000,240,5%,106.875.000,"9 February, 2022","12 April, 2022"
929271,2022,2022,BANK BTN,REI,tapak,JAMBI,KAB BUNGO,Rimbo Tengah,Sungai Mengkuang,P,SWASTA,4.500.000,PT CAHAYA BINTANG FENDRA,BARCELONA,36,96,140.000.000,180,5%,99.750.000,"12 January, 2022","12 April, 2022"
937051,2022,2022,BANK BNI,REI,tapak,JAMBI,KAB BUNGO,Bungo Dani,Sungai Kerjan,P,SWASTA,3.422.500,PT PERMATA REAL ESTATE,PERMATA SEI KERJAN,36,120,150.500.000,180,5%,107.250.000,"29 March, 2022","12 April, 2022"
940232,2022,2022,BANK BTN,APERSI,tapak,JAMBI,KAB BUNGO,Rimbo Tengah,Sungai Mengkuang,L,TNI/POLRI,4.094.300,PT SINAR PENYELAMAT UMAT,AL KAUTSAR RESIDENCE 6,36,104,150.500.000,180,5%,106.267.500,"31 March, 2022","12 April, 2022"
940460,2022,2022,BANK BTN,REI,tapak,JAMBI,KAB BUNGO,Rimbo Tengah,Pasir Putih,L,SWASTA,4.500.000,PT ARAH BANGUN PRESTASI MANDIRI,PURI INDAH MARSAWA,36,96,150.000.000,240,5%,108.375.000,"30 March, 2022","12 April, 2022"
947945,2022,2022,BANK BTN,APERSI,tapak,JAMBI,KAB BUNGO,Rimbo Tengah,Sungai Mengkuang,P,SWASTA,4.620.000,PT SINAR PENYELAMAT UMAT,AL KAUTSAR RESIDENCE 6,36,104,150.500.000,240,5%,102.937.500,"1 April, 2022","14 April, 2022"
949432,2022,2022,BANK BTN,APERSI,tapak,JAMBI,KAB BUNGO,Rimbo Tengah,Sungai Mengkuang,L,SWASTA,4.800.000,PT BANGUN TIGA ARTHA,PONDOK SIGINJAI SARI,36,120,150.000.000,240,5%,106.875.000,"7 April, 2022","14 April, 2022"
951300,2022,2022,BANK BTN,REI,tapak,JAMBI,KAB BUNGO,Rimbo Tengah,Cadika,L,SWASTA,4.596.206,PT CANDIKA KAPITAL PROPERTINDO,CANDIKA ASRI,36,108,140.000.000,168,5%,99.750.000,"11 April, 2022","19 April, 2022"
951416,2022,2022,BANK BTN,REI,tapak,JAMBI,KAB BUNGO,Bathin III,Manggis,L,SWASTA,2.998.312,PT Wijoyo Oridina Properti,BUNGO CITY RESIDENCE 2,36,84,140.000.000,216,5%,99.750.000,"12 April, 2022","19 April, 2022"
952511,2022,2022,BANK BNI,APERSI,tapak,JAMBI,KAB BUNGO,Rimbo Tengah,Cadika,L,SWASTA,3.900.000,PT SINAR PENYELAMAT UMAT,AL KAUTSAR RESIDENCE 5,36,96,150.500.000,180,5%,107.250.000,"6 April, 2022","19 April, 2022"
952516,2022,2022,BANK BNI,APERSI,tapak,JAMBI,KAB BUNGO,Rimbo Tengah,Cadika,L,SWASTA,5.498.491,PT SINAR PENYELAMAT UMAT,AL KAUTSAR RESIDENCE 5,36,128,150.500.000,144,5%,107.250.000,"11 April, 2022","19 April, 2022"
952521,2022,2022,BANK BNI,APERSI,tapak,JAMBI,KAB BUNGO,Rimbo Tengah,Cadika,L,SWASTA,5.606.658,PT SINAR PENYELAMAT UMAT,AL KAUTSAR RESIDENCE 5,36,106,150.500.000,180,5%,107.250.000,"12 April, 2022","19 April, 2022"
952528,2022,2022,BANK BNI,REI,tapak,JAMBI,KAB BUNGO,Bungo Dani,Sungai Kerjan,P,SWASTA,2.200.000,PT BERKAH CIPTA PERKASA,AZIZIYAH RESIDENCE,36,96,150.500.000,240,5%,107.250.000,"14 April, 2022","19 April, 2022"
952669,2022,2022,BANK JAMBI,REI,tapak,JAMBI,KAB BUNGO,Pelepat Ilir,Purwosari,P,SWASTA,4.000.000,PT JINGGA DIRGA PUSPITA,JINGGA KEDATON,36,100,150.500.000,240,5%,107.231.250,"25 March, 2022","19 April, 2022"
952674,2022,2022,BANK JAMBI,REI,tapak,JAMBI,KAB BUNGO,Pelepat Ilir,Purwosari,L,SWASTA,2.700.000,PT JINGGA DIRGA PUSPITA,JINGGA KEDATON,36,100,150.500.000,180,5%,107.231.250,"25 March, 2022","19 April, 2022"
954861,2022,2022,BANK BTN,APERSI,tapak,JAMBI,KAB BUNGO,Bathin III,Manggis,L,SWASTA,4.500.000,PT LIDYA JAYA ABADI,BUNGO GRIYA ABADI,36,135,150.500.000,216,5%,107.231.250,"13 April, 2022","20 April, 2022"
954929,2022,2022,BANK BTN,APERSI,tapak,JAMBI,KAB BUNGO,Bathin III,Manggis,P,SWASTA,6.860.592,PT LIDYA JAYA ABADI,BUNGO GRIYA ABADI,36,128,150.500.000,240,5%,107.231.250,"13 April, 2022","20 April, 2022"
963167,2022,2022,BANK BNI,REI,tapak,JAMBI,KAB BUNGO,Rimbo Tengah,Sungai Mengkuang,P,SWASTA,4.573.378,PT BERKAH CIPTA PERKASA,AL MADINAH 2,36,110,150.500.000,180,5%,107.250.000,"19 April, 2022","22 April, 2022"
963168,2022,2022,BANK BNI,REI,tapak,JAMBI,KAB BUNGO,Rimbo Tengah,Sungai Mengkuang,P,SWASTA,5.250.000,PT BERKAH CIPTA PERKASA,AL MADINAH 2,36,108,150.500.000,120,5%,107.250.000,"19 April, 2022","22 April, 2022"
968951,2022,2022,BANK BNI,REI,tapak,JAMBI,KAB BUNGO,Rimbo Tengah,Sungai Mengkuang,L,SWASTA,4.500.000,PT BERKAH CIPTA PERKASA,AL MADINAH 2,36,112,150.500.000,120,5%,107.250.000,"21 April, 2022","26 April, 2022"
968952,2022,2022,BANK BNI,REI,tapak,JAMBI,KAB BUNGO,Bungo Dani,Sungai Kerjan,L,SWASTA,3.842.500,PT BERKAH CIPTA PERKASA,AZIZIYAH RESIDENCE,36,96,150.500.000,144,5%,107.250.000,"21 April, 2022","26 April, 2022"
973388,2022,2022,BANK BTN,APERSI,tapak,JAMBI,KAB BUNGO,Bathin III,Bungo Taman Agung,L,TNI/POLRI,4.200.000,PT JAYA BAKTI PERMATA SARI,PURWOBAKTI INDAH DUO,36,161,140.000.000,180,5%,99.750.000,"22 April, 2022","26 April, 2022"
978208,2022,2022,BANK BNI,REI,tapak,JAMBI,KAB BUNGO,Rimbo Tengah,Sungai Mengkuang,L,SWASTA,4.000.000,PT BERKAH CIPTA PERKASA,AL MADINAH 2,36,108,150.500.000,240,5%,107.250.000,"25 April, 2022","27 April, 2022"
978209,2022,2022,BANK BNI,REI,tapak,JAMBI,KAB BUNGO,Rimbo Tengah,Sungai Mengkuang,P,SWASTA,1.629.167,PT BERKAH CIPTA PERKASA,AL MADINA 2,36,144,150.500.000,240,5%,107.250.000,"25 April, 2022","27 April, 2022"
986711,2022,2022,BANK BTN,APERSI,tapak,JAMBI,KAB BUNGO,Rimbo Tengah,Sungai Mengkuang,L,SWASTA,7.900.000,PT SINAR PENYELAMAT UMAT,AL KAUTSAR RESIDENCE 6,36,96,150.500.000,180,5%,107.231.250,"31 March, 2022","27 April, 2022"
987943,2022,2022,BANK BTN,REI,tapak,JAMBI,KAB BUNGO,Rimbo Tengah,Pasir Putih,L,SWASTA,4.370.000,PT ARAH BANGUN PRESTASI MANDIRI,PURI INDAH MARSAWA,36,131,150.000.000,180,5%,108.375.000,"31 March, 2022","28 April, 2022"
991557,2022,2022,BANK MANDIRI,REI,tapak,JAMBI,KAB BUNGO,Bungo Dani,Talang Pantai,L,SWASTA,4.385.000,PT KHAIRUNNISA BUNGO DEMPO,Dempo residence 1,36,116,140.000.000,240,5%,99.750.000,"20 April, 2022","9 May, 2022"
993028,2022,2022,BANK BTN,APERSI,tapak,JAMBI,KAB BUNGO,Rimbo Tengah,Sungai Mengkuang,P,SWASTA,7.062.500,PT SINAR PENYELAMAT UMAT,AL KAUTSAR RESIDENCE 6,36,104,150.500.000,240,5%,107.231.250,"31 March, 2022","9 May, 2022"
993029,2022,2022,BANK BTN,APERSI,tapak,JAMBI,KAB BUNGO,Rimbo Tengah,Sungai Mengkuang,P,SWASTA,7.550.000,PT SINAR PENYELAMAT UMAT,AL KAUTSAR RESIDENCE 6,36,104,150.500.000,180,5%,107.231.250,"1 April, 2022","9 May, 2022"
995944,2022,2022,BANK BTN,APERSI,tapak,JAMBI,KAB BUNGO,Rimbo Tengah,Sungai Mengkuang,P,SWASTA,3.800.000,PT SINAR PENYELAMAT UMAT,AL KAUTSAR RESIDENCE 6,36,104,150.500.000,240,5%,107.231.250,"26 April, 2022","28 April, 2022"
995945,2022,2022,BANK BTN,APERSI,tapak,JAMBI,KAB BUNGO,Rimbo Tengah,Sungai Mengkuang,L,SWASTA,5.618.062,PT SINAR PENYELAMAT UMAT,AL KAUTSAR RESIDENCE 6,36,108,150.500.000,120,5%,107.231.250,"26 April, 2022","28 April, 2022"
995952,2022,2022,BANK BTN,APERSI,tapak,JAMBI,KAB BUNGO,Rimbo Tengah,Sungai Mengkuang,P,SWASTA,3.700.000,PT SINAR PENYELAMAT UMAT,AL KAUTSAR RESIDENCE 6,36,104,150.500.000,240,5%,107.231.250,"26 April, 2022","28 April, 2022"
995953,2022,2022,BANK BTN,APERSI,tapak,JAMBI,KAB BUNGO,Rimbo Tengah,Sungai Mengkuang,L,TNI/POLRI,6.718.600,PT SINAR PENYELAMAT UMAT,AL KAUTSAR RESIDENCE 6,36,104,150.500.000,240,5%,108.746.250,"26 April, 2022","28 April, 2022"
995998,2022,2022,BANK BTN,REI,tapak,JAMBI,KAB BUNGO,Bathin III,Bungo Taman Agung,L,SWASTA,3.000.000,PT BUNGO GRAHA INDAH,GRAHA NUSA INDAH,36,108,150.000.000,240,5%,106.875.000,"13 April, 2022","28 April, 2022"
995999,2022,2022,BANK BTN,REI,tapak,JAMBI,KAB BUNGO,Rimbo Tengah,Cadika,L,SWASTA,4.394.739,PT CIPTA JAYA EWISA,BUNGO CIPTA GRAHA 3,36,108,140.000.000,132,5%,99.750.000,"13 April, 2022","28 April, 2022"
996043,2022,2022,BANK BTN,REI,tapak,JAMBI,KAB BUNGO,Rimbo Tengah,Pasir Putih,P,SWASTA,3.800.000,PT ARAH BANGUN PRESTASI MANDIRI,PURI INDAH MARSAWA,36,96,150.000.000,240,5%,108.375.000,"22 April, 2022","28 April, 2022"
996179,2022,2022,BANK BTN,REI,tapak,JAMBI,KAB BUNGO,Rimbo Tengah,Sungai Mengkuang,L,SWASTA,3.237.000,PT BERKAH CIPTA PERKASA,AL MADINAH 2,36,108,140.000.000,240,5%,98.508.300,"26 April, 2022","28 April, 2022"
996180,2022,2022,BANK BTN,REI,tapak,JAMBI,KAB BUNGO,Rimbo Tengah,Sungai Mengkuang,P,SWASTA,3.424.333,PT BERKAH CIPTA PERKASA,AL MADINAH 2,36,108,140.000.000,240,5%,99.750.000,"26 April, 2022","28 April, 2022"
996552,2022,2022,BANK BTN,APERSI,tapak,JAMBI,KAB BUNGO,Rimbo Tengah,Sungai Mengkuang,L,SWASTA,5.185.124,PT SINAR PENYELAMAT UMAT,AL KAUTSAR RESIDENCE 6,36,104,150.500.000,240,5%,107.231.250,"31 March, 2022","28 April, 2022"
996553,2022,2022,BANK BTN,APERSI,tapak,JAMBI,KAB BUNGO,Rimbo Tengah,Sungai Mengkuang,L,SWASTA,3.497.947,PT SINAR PENYELAMAT UMAT,AL KAUTSAR RESIDENCE 6,36,104,150.500.000,240,5%,107.231.250,"1 April, 2022","28 April, 2022"
996554,2022,2022,BANK BTN,APERSI,tapak,JAMBI,KAB BUNGO,Rimbo Tengah,Sungai Mengkuang,L,SWASTA,5.275.000,PT SINAR PENYELAMAT UMAT,AL KAUTSAR RESIDENCE 6,36,104,150.500.000,120,5%,107.231.250,"1 April, 2022","28 April, 2022"
996565,2022,2022,BANK BTN,APERSI,tapak,JAMBI,KAB BUNGO,Rimbo Tengah,Sungai Mengkuang,L,SWASTA,5.050.000,PT SINAR PENYELAMAT UMAT,AL KAUTSAR RESIDENCE 6,36,104,150.500.000,240,5%,107.231.250,"31 March, 2022","28 April, 2022"
996583,2022,2022,BANK BTN,APERSI,tapak,JAMBI,KAB BUNGO,Rimbo Tengah,Sungai Mengkuang,L,SWASTA,4.290.000,PT SINAR PENYELAMAT UMAT,AL KAUTSAR RESIDENCE 6,36,104,150.500.000,240,5%,107.231.250,"1 April, 2022","28 April, 2022"
1003270,2022,2022,BANK BTN,REI,tapak,JAMBI,KAB BUNGO,Rimbo Tengah,Sungai Mengkuang,P,SWASTA,3.600.000,PT CAHAYA BINTANG FENDRA,BARCELONA,36,96,150.500.000,204,5%,107.231.250,"27 April, 2022","10 May, 2022"
1005395,2022,2022,BANK BTN,APERSI,tapak,JAMBI,KAB BUNGO,Rimbo Tengah,Sungai Mengkuang,L,SWASTA,3.940.515,PT SINAR PENYELAMAT UMAT,AL KAUTSAR RESIDENCE 6,36,104,150.500.000,240,5%,107.231.250,"1 April, 2022","13 May, 2022"
1011066,2022,2022,BANK BNI,REI,tapak,JAMBI,KAB BUNGO,Bungo Dani,Talang Pantai,P,SWASTA,2.300.000,PT PERMATA REAL ESTATE,PERMATA SEI KERJAN,36,120,150.500.000,180,5%,107.250.000,"26 April, 2022","18 May, 2022"
1011067,2022,2022,BANK BNI,REI,tapak,JAMBI,KAB BUNGO,Bungo Dani,Sungai Kerjan,L,SWASTA,4.061.667,PT BERKAH CIPTA PERKASA,AZIZIYAH RESIDENCE,36,96,150.500.000,240,5%,107.250.000,"27 April, 2022","18 May, 2022"
1015559,2022,2022,BANK BTN,REI,tapak,JAMBI,KAB BUNGO,Rimbo Tengah,Sungai Mengkuang,L,SWASTA,2.758.606,PT BERKAH CIPTA PERKASA,AL MADINAH 2,36,108,140.000.000,240,5%,98.508.300,"26 April, 2022","19 May, 2022"
1016601,2022,2022,BANK BNI,REI,tapak,JAMBI,KAB BUNGO,Rimbo Tengah,Sungai Mengkuang,L,SWASTA,3.750.000,PT BERKAH CIPTA PERKASA,AL MADINAH 2,36,108,150.500.000,240,5%,107.250.000,"13 May, 2022","24 May, 2022"
1016607,2022,2022,BANK BNI,REI,tapak,JAMBI,KAB BUNGO,Bungo Dani,Sungai Kerjan,L,SWASTA,4.400.000,PT BERKAH CIPTA PERKASA,AZIZIYAH RESIDENCE,36,139,150.500.000,180,5%,107.250.000,"18 May, 2022","24 May, 2022"
1024610,2022,2022,BANK BNI,REI,tapak,JAMBI,KAB BUNGO,Bungo Dani,Sungai Kerjan,P,SWASTA,4.000.000,PT BERKAH CIPTA PERKASA,AZIZIYAH RESIDENCE,36,96,150.500.000,240,5%,107.250.000,"23 May, 2022","27 May, 2022"
1024612,2022,2022,BANK BNI,REI,tapak,JAMBI,KAB BUNGO,Bungo Dani,Sungai Kerjan,L,SWASTA,5.016.110,PT BERKAH CIPTA PERKASA,AZIZIYAH RESIDENCE,36,108,150.500.000,180,5%,107.250.000,"23 May, 2022","27 May, 2022"
1027678,2022,2022,BANK BTN,REI,tapak,JAMBI,KAB BUNGO,Bathin III,Bungo Taman Agung,L,SWASTA,3.532.107,PT BUNGO GRAHA INDAH,GRAHA NUSA INDAH,36,108,150.000.000,180,5%,106.875.000,"25 May, 2022","30 May, 2022"
1027789,2022,2022,BANK BTN,REI,tapak,JAMBI,KAB BUNGO,Bungo Dani,Sungai Kerjan,L,SWASTA,3.600.000,PT BERKAH CIPTA PERKASA,AZIZIYAH RESIDENCE,36,96,150.500.000,240,5%,107.231.250,"25 May, 2022","30 May, 2022"
1032046,2022,2022,BANK BTN,REI,tapak,JAMBI,KAB BUNGO,Bungo Dani,Talang Pantai,P,SWASTA,4.000.000,PT ANUGERAH REZEKI BERSAUDARA MADANI,BUNGO DANI RESIDENCE 3,36,108,150.500.000,180,5%,107.231.250,"25 May, 2022","31 May, 2022"
1045900,2022,2022,BANK BTN,REI,tapak,JAMBI,KAB BUNGO,Bathin III,Bungo Taman Agung,L,PNS,3.715.675,PT BUNGO GRAHA INDAH,GRAHA NUSA INDAH,36,108,150.000.000,180,5%,106.875.000,"3 June, 2022","8 June, 2022"
1047579,2022,2022,BANK BTN,REI,tapak,JAMBI,KAB BUNGO,Rimbo Tengah,Pasir Putih,L,SWASTA,7.132.150,PT MARGA MULYA INDAH ASRI,MULYA INDAH ASRI,36,84,150.000.000,120,5%,106.875.000,"8 June, 2022","10 June, 2022"
1048799,2022,2022,BANK BTN,REI,tapak,JAMBI,KAB BUNGO,Rimbo Tengah,Sungai Mengkuang,L,SWASTA,5.015.146,PT BERKAH CIPTA PERKASA,AL MADINAH 2,36,108,150.500.000,240,5%,107.231.250,"8 June, 2022","13 June, 2022"
1049512,2022,2022,BANK BTN,APERSI,tapak,JAMBI,KAB BUNGO,Bathin III,Sungai Binjai,L,SWASTA,7.950.000,PT MITRA SENTOSA MANDIRI,VILLA ADEVA SENTOSA,36,120,150.000.000,216,5%,106.875.000,"30 May, 2022","15 June, 2022"
1052741,2022,2022,BANK BTN,APERSI,tapak,JAMBI,KAB BUNGO,Bathin III,Sungai Binjai,P,SWASTA,4.000.000,PT MITRA SENTOSA MANDIRI,VILLA ADEVA SENTOSA,36,120,150.000.000,240,5%,106.875.000,"30 May, 2022","16 June, 2022"
1053078,2022,2022,BANK BTN,REI,tapak,JAMBI,KAB BUNGO,Bathin III,Bungo Taman Agung,L,SWASTA,5.775.600,PT BUNGO GRAHA INDAH,GRAHA NUSA INDAH,36,108,150.000.000,216,5%,106.875.000,"13 June, 2022","16 June, 2022"
1053149,2022,2022,BANK BTN,APERSI,tapak,JAMBI,KAB BUNGO,Bathin III,Manggis,L,SWASTA,3.490.000,PT LIDYA JAYA ABADI,BUNGO GRIYA ABADI,36,108,150.500.000,240,5%,107.231.250,"10 June, 2022","16 June, 2022"
1053344,2022,2022,BANK BTN,REI,tapak,JAMBI,KAB BUNGO,Rimbo Tengah,Sungai Mengkuang,L,SWASTA,3.764.690,PT KHOVIZ LANSKAP PROPERTI,PESSONA BUNGO RESIDENCE,36,108,150.500.000,144,5%,97.500.000,"10 June, 2022","16 June, 2022"
1053521,2022,2022,BANK BTN,REI,tapak,JAMBI,KAB BUNGO,Bathin III,Bungo Taman Agung,L,SWASTA,6.000.000,PT BUNGO GRAHA INDAH,GRAHA NUSA INDAH,36,108,150.000.000,180,5%,106.875.000,"13 June, 2022","16 June, 2022"
1053698,2022,2022,BANK BTN,REI,tapak,JAMBI,KAB BUNGO,Rimbo Tengah,Sungai Mengkuang,L,SWASTA,3.160.000,PT KHOVIZ LANSKAP PROPERTI,PESSONA BUNGO RESIDENCE,36,108,150.500.000,240,5%,107.175.000,"10 June, 2022","16 June, 2022"
1062648,2022,2022,BANK BNI,APERSI,tapak,JAMBI,KAB BUNGO,Rimbo Tengah,Sungai Mengkuang,P,SWASTA,3.900.000,PT SINAR PENYELAMAT UMAT,AL KAUTSAR RESIDENCE 6,36,104,150.500.000,180,5%,108.375.000,"8 June, 2022","21 June, 2022"
1062649,2022,2022,BANK BNI,APERSI,tapak,JAMBI,KAB BUNGO,Rimbo Tengah,Sungai Mengkuang,P,SWASTA,3.900.000,PT SINAR PENYELAMAT UMAT,AL KAUTSAR RESIDENCE 6,36,104,150.500.000,180,5%,108.375.000,"9 June, 2022","21 June, 2022"
1062650,2022,2022,BANK BNI,APERSI,tapak,JAMBI,KAB BUNGO,Rimbo Tengah,Sungai Mengkuang,L,SWASTA,5.609.167,PT SINAR PENYELAMAT UMAT,AL KAUTSAR RESIDENCE 6,36,104,150.500.000,180,5%,108.375.000,"9 June, 2022","21 June, 2022"
1067211,2022,2022,BANK BTN,REI,tapak,JAMBI,KAB BUNGO,Rimbo Tengah,Sungai Mengkuang,L,SWASTA,3.090.000,PT CAHAYA BINTANG FENDRA,BARCELONA,36,96,150.500.000,240,5%,106.875.000,"20 June, 2022","24 June, 2022"
1071103,2022,2022,BANK BNI,REI,tapak,JAMBI,KAB BUNGO,Bungo Dani,Sungai Kerjan,P,SWASTA,3.600.000,PT BERKAH CIPTA PERKASA,AZIZIYAH RESIDENCE,36,96,150.500.000,120,5%,107.250.000,"27 May, 2022","28 June, 2022"
1071104,2022,2022,BANK BNI,REI,tapak,JAMBI,KAB BUNGO,Bungo Dani,Sungai Kerjan,L,SWASTA,4.243.200,PT BERKAH CIPTA PERKASA,AZIZIYAH RESIDENCE,36,127,150.500.000,240,5%,107.250.000,"30 May, 2022","28 June, 2022"
1071112,2022,2022,BANK BNI,REI,tapak,JAMBI,KAB BUNGO,Rimbo Tengah,Sungai Mengkuang,P,SWASTA,2.601.000,PT BERKAH CIPTA PERKASA,AL MADINAH 2,36,108,150.500.000,180,5%,107.250.000,"13 June, 2022","28 June, 2022"
1071114,2022,2022,BANK BNI,APERSI,tapak,JAMBI,KAB BUNGO,Rimbo Tengah,Sungai Mengkuang,L,SWASTA,4.450.000,PT SINAR PENYELAMAT UMAT,AL KAUTSAR RESIDENCE 6,36,104,150.500.000,180,5%,108.375.000,"13 June, 2022","28 June, 2022"
1071120,2022,2022,BANK BNI,APERSI,tapak,JAMBI,KAB BUNGO,Rimbo Tengah,Sungai Mengkuang,L,SWASTA,5.897.333,PT SINAR PENYELAMAT UMAT,AL KAUTSAR RESIDENCE 6,36,104,150.500.000,240,5%,108.375.000,"14 June, 2022","28 June, 2022"
1071124,2022,2022,BANK BNI,APERSI,tapak,JAMBI,KAB BUNGO,Rimbo Tengah,Sungai Mengkuang,L,SWASTA,2.691.485,PT SINAR PENYELAMAT UMAT,AL KAUTSAR RESIDENCE 6,36,104,150.500.000,120,5%,108.375.000,"15 June, 2022","28 June, 2022"
1071125,2022,2022,BANK BNI,APERSI,tapak,JAMBI,KAB BUNGO,Rimbo Tengah,Sungai Mengkuang,L,SWASTA,4.756.991,PT SINAR PENYELAMAT UMAT,AL KAUTSAR RESIDENCE 6,36,104,150.500.000,180,5%,108.375.000,"16 June, 2022","28 June, 2022"
1078541,2022,2022,BANK BTN,APERSI,tapak,JAMBI,KAB BUNGO,Rimbo Tengah,Sungai Mengkuang,L,SWASTA,4.500.000,PT SINAR PENYELAMAT UMAT,AL KAUTSAR RESIDENCE 6,36,148,150.500.000,204,5%,107.231.250,"24 June, 2022","28 June, 2022"
1078720,2022,2022,BANK BTN,APERSI,tapak,JAMBI,KAB BUNGO,Rimbo Tengah,Sungai Mengkuang,L,SWASTA,5.504.000,PT SINAR PENYELAMAT UMAT,AL KAUTSAR RESIDENCE 6,36,104,150.500.000,180,5%,107.231.250,"24 June, 2022","28 June, 2022"
1078724,2022,2022,BANK BTN,APERSI,tapak,JAMBI,KAB BUNGO,Rimbo Tengah,Sungai Mengkuang,L,SWASTA,5.382.437,PT SINAR PENYELAMAT UMAT,AL KAUTSAR RESIDENCE 6,36,104,150.500.000,240,5%,107.231.250,"24 June, 2022","28 June, 2022"
1078838,2022,2022,BANK BTN,APERSI,tapak,JAMBI,KAB BUNGO,Bathin III,Manggis,L,SWASTA,3.278.270,PT LIDYA JAYA ABADI,BUNGO GRIYA ABADI,36,109,150.500.000,240,5%,107.231.250,"24 June, 2022","28 June, 2022"
1078922,2022,2022,BANK BTN,APERSI,tapak,JAMBI,KAB BUNGO,Rimbo Tengah,Sungai Mengkuang,L,SWASTA,4.400.000,PT SINAR PENYELAMAT UMAT,AL KAUTSAR RESIDENCE 6,36,104,150.500.000,204,5%,107.231.250,"24 June, 2022","28 June, 2022"
1078943,2022,2022,BANK BTN,REI,tapak,JAMBI,KAB BUNGO,Rimbo Tengah,Cadika,L,SWASTA,4.044.793,PT CIPTA JAYA EWISA,BUNGO CIPTA GRAHA 3,36,108,140.000.000,240,5%,99.750.000,"23 June, 2022","28 June, 2022"
1079106,2022,2022,BANK BTN,APERSI,tapak,JAMBI,KAB BUNGO,Bathin III,Manggis,L,SWASTA,2.889.930,PT MITRA SENTOSA MANDIRI,SENTOSA RESIDENCE,36,108,150.500.000,240,5%,107.231.250,"24 June, 2022","28 June, 2022"
1082169,2022,2022,BANK BTN,APERSI,tapak,JAMBI,KAB BUNGO,Rimbo Tengah,Sungai Mengkuang,L,SWASTA,3.900.000,PT SINAR PENYELAMAT UMAT,AL KAUTSAR RESIDENCE 6,36,104,150.500.000,240,5%,107.231.250,"24 June, 2022","30 June, 2022"
1082328,2022,2022,BANK BTN,APERSI,tapak,JAMBI,KAB BUNGO,Rimbo Tengah,Sungai Mengkuang,L,SWASTA,6.206.489,PT SINAR PENYELAMAT UMAT,AL KAUTSAR RESIDENCE 6,36,104,150.500.000,180,5%,107.231.250,"24 June, 2022","30 June, 2022"
1082344,2022,2022,BANK BTN,APERSI,tapak,JAMBI,KAB BUNGO,Rimbo Tengah,Sungai Mengkuang,L,SWASTA,5.800.000,PT SINAR PENYELAMAT UMAT,AL KAUTSAR RESIDENCE 6,36,108,150.500.000,240,5%,107.231.250,"24 June, 2022","30 June, 2022"
1082360,2022,2022,BANK BTN,APERSI,tapak,JAMBI,KAB BUNGO,Rimbo Tengah,Sungai Mengkuang,L,SWASTA,4.800.000,PT SINAR PENYELAMAT UMAT,AL KAUTSAR RESIDENCE 6,36,104,150.500.000,240,5%,107.231.250,"24 June, 2022","30 June, 2022"
1082510,2022,2022,BANK BTN,APERSI,tapak,JAMBI,KAB BUNGO,Bathin III,Manggis,L,SWASTA,2.900.000,PT MITRA SENTOSA MANDIRI,SENTOSA RESIDENCE,36,108,150.500.000,240,5%,107.231.250,"24 June, 2022","30 June, 2022"
1089210,2022,2022,BANK BTN,APERSI,tapak,JAMBI,KAB BUNGO,Rimbo Tengah,Sungai Mengkuang,L,SWASTA,5.000.000,PT SINAR PENYELAMAT UMAT,AL KAUTSAR RESIDENCE 6,36,104,150.500.000,240,5%,107.231.250,"24 June, 2022","30 June, 2022"
1089211,2022,2022,BANK BTN,APERSI,tapak,JAMBI,KAB BUNGO,Rimbo Tengah,Sungai Mengkuang,L,SWASTA,4.800.000,PT SINAR PENYELAMAT UMAT,AL KAUTSAR RESIDENCE 6,36,104,150.500.000,240,5%,107.231.250,"24 June, 2022","30 June, 2022"
1089253,2022,2022,BANK BTN,APERSI,tapak,JAMBI,KAB BUNGO,Rimbo Tengah,Sungai Mengkuang,P,SWASTA,4.255.383,PT SINAR PENYELAMAT UMAT,AL KAUTSAR RESIDENCE 6,36,108,150.500.000,240,5%,107.231.250,"24 June, 2022","30 June, 2022"
1089255,2022,2022,BANK BTN,APERSI,tapak,JAMBI,KAB BUNGO,Rimbo Tengah,Sungai Mengkuang,L,SWASTA,4.051.409,PT SINAR PENYELAMAT UMAT,AL KAUTSAR RESIDENCE 6,36,110,150.500.000,240,5%,107.231.250,"24 June, 2022","30 June, 2022"
1089261,2022,2022,BANK BTN,APERSI,tapak,JAMBI,KAB BUNGO,Rimbo Tengah,Sungai Mengkuang,L,SWASTA,4.400.000,PT SINAR PENYELAMAT UMAT,AL KAUTSAR RESIDENCE 6,36,104,150.500.000,240,5%,107.231.250,"24 June, 2022","30 June, 2022"
1089262,2022,2022,BANK BTN,APERSI,tapak,JAMBI,KAB BUNGO,Rimbo Tengah,Sungai Mengkuang,L,SWASTA,7.456.446,PT SINAR PENYELAMAT UMAT,AL KAUTSAR RESIDENCE 6,36,104,150.500.000,240,5%,107.231.250,"24 June, 2022","30 June, 2022"
1089263,2022,2022,BANK BTN,APERSI,tapak,JAMBI,KAB BUNGO,Rimbo Tengah,Sungai Mengkuang,L,SWASTA,4.789.491,PT SINAR PENYELAMAT UMAT,AL KAUTSAR RESIDENCE 6,36,104,150.500.000,204,5%,107.231.250,"24 June, 2022","30 June, 2022"
1089264,2022,2022,BANK BTN,APERSI,tapak,JAMBI,KAB BUNGO,Rimbo Tengah,Sungai Mengkuang,L,SWASTA,4.500.000,PT SINAR PENYELAMAT UMAT,AL KAUTSAR RESIDENCE 6,36,104,150.500.000,240,5%,107.231.250,"24 June, 2022","30 June, 2022"
1089265,2022,2022,BANK BTN,APERSI,tapak,JAMBI,KAB BUNGO,Rimbo Tengah,Sungai Mengkuang,L,SWASTA,3.800.000,PT SINAR PENYELAMAT UMAT,AL KAUTSAR RESIDENCE 6,36,104,150.500.000,240,5%,107.231.250,"24 June, 2022","30 June, 2022"
1089581,2022,2022,BANK BTN,REI,tapak,JAMBI,KAB BUNGO,Bungo Dani,Talang Pantai,L,SWASTA,3.829.000,PT ANUGERAH REZEKI BERSAUDARA MADANI,BUNGO DANI RESIDENCE 3,36,108,150.500.000,240,5%,107.231.250,"29 June, 2022","30 June, 2022"
1091951,2022,2022,BANK BTN,APERSI,tapak,JAMBI,KAB BUNGO,Bathin III,Sungai Binjai,P,SWASTA,7.400.000,PT MITRA SENTOSA MANDIRI,VILLA ADEVA SENTOSA,36,120,150.000.000,240,5%,106.875.000,"29 June, 2022","1 July, 2022"
1092012,2022,2022,BANK BTN,APERSI,tapak,JAMBI,KAB BUNGO,Rimbo Tengah,Sungai Mengkuang,P,PNS,3.300.000,PT BANGUN TIGA ARTHA,PONDOK SIGINJAI SARI,36,120,150.000.000,240,5%,106.875.000,"29 June, 2022","1 July, 2022"
1093715,2022,2022,BANK BTN,REI,tapak,JAMBI,KAB BUNGO,Bungo Dani,Talang Pantai,L,SWASTA,4.300.000,PT ANUGERAH REZEKI BERSAUDARA MADANI,BUNGO DANI RESIDENCE 3,36,108,150.500.000,240,5%,107.231.250,"23 June, 2022","1 July, 2022"
1093991,2022,2022,BANK JAMBI,APERSI,tapak,JAMBI,KAB BUNGO,Rimbo Tengah,Sungai Mengkuang,L,SWASTA,2.668.780,PT SINAR PENYELAMAT UMAT,AL KAUTSAR RESIDENCE 6,36,104,150.500.000,144,5%,107.231.250,"28 June, 2022","1 July, 2022"
1099386,2022,2022,BANK BTN,APERSI,tapak,JAMBI,KAB BUNGO,Rimbo Tengah,Sungai Mengkuang,L,SWASTA,4.500.000,PT BANGUN TIGA ARTHA,PONDOK SIGINJAI SARI,36,120,150.000.000,180,5%,106.875.000,"29 June, 2022","5 July, 2022"
1099417,2022,2022,BANK BTN,APERSI,tapak,JAMBI,KAB BUNGO,Rimbo Tengah,Sungai Mengkuang,L,SWASTA,6.000.000,PT BANGUN TIGA ARTHA,PONDOK SIGINJAI SARI,36,120,150.000.000,120,5%,106.875.000,"29 June, 2022","5 July, 2022"
1099444,2022,2022,BANK BTN,APERSI,tapak,JAMBI,KAB BUNGO,Bathin III,Sungai Binjai,P,SWASTA,4.407.738,PT MITRA SENTOSA MANDIRI,VILLA ADEVA SENTOSA,36,120,150.000.000,240,5%,106.875.000,"29 June, 2022","5 July, 2022"
1099524,2022,2022,BANK BTN,APERSI,tapak,JAMBI,KAB BUNGO,Bathin III,Manggis,P,SWASTA,5.000.000,PT MITRA SENTOSA MANDIRI,SENTOSA RESIDENCE,36,108,150.500.000,180,5%,107.231.250,"1 July, 2022","5 July, 2022"
1099554,2022,2022,BANK BTN,APERSI,tapak,JAMBI,KAB BUNGO,Bathin III,Sungai Binjai,P,SWASTA,5.500.000,PT MITRA SENTOSA MANDIRI,VILLA ADEVA SENTOSA,36,120,150.000.000,240,5%,106.875.000,"30 June, 2022","5 July, 2022"
1099598,2022,2022,BANK BTN,APERSI,tapak,JAMBI,KAB BUNGO,Bathin III,Sungai Binjai,L,SWASTA,6.000.000,PT MITRA SENTOSA MANDIRI,VILLA ADEVA SENTOSA,36,120,150.000.000,240,5%,106.875.000,"30 June, 2022","5 July, 2022"
1099610,2022,2022,BANK BTN,APERSI,tapak,JAMBI,KAB BUNGO,Bathin III,Sungai Binjai,P,SWASTA,5.250.000,PT MITRA SENTOSA MANDIRI,VILLA ADEVA SENTOSA,36,120,150.000.000,240,5%,106.875.000,"30 June, 2022","5 July, 2022"
1099618,2022,2022,BANK BTN,APERSI,tapak,JAMBI,KAB BUNGO,Bathin III,Sungai Binjai,L,SWASTA,6.752.666,PT MITRA SENTOSA MANDIRI,VILLA ADEVA SENTOSA,36,120,150.000.000,240,5%,106.875.000,"30 June, 2022","5 July, 2022"
1099957,2022,2022,BANK BTN,REI,tapak,JAMBI,KAB BUNGO,Rimbo Tengah,Sungai Mengkuang,L,SWASTA,3.173.000,PT KHOVIZ LANSKAP PROPERTI,PESSONA BUNGO RESIDENCE,36,108,150.500.000,240,5%,107.231.250,"30 June, 2022","5 July, 2022"
1099963,2022,2022,BANK BTN,REI,tapak,JAMBI,KAB BUNGO,Rimbo Tengah,Pasir Putih,P,SWASTA,7.900.000,PT ARAH BANGUN PRESTASI MANDIRI,PURI INDAH MARSAWA,36,95,150.000.000,204,5%,108.375.000,"30 June, 2022","5 July, 2022"
1102157,2022,2022,BANK BNI,APERSI,tapak,JAMBI,KAB BUNGO,Rimbo Tengah,Sungai Mengkuang,L,SWASTA,6.000.000,PT SINAR PENYELAMAT UMAT,AL KAUTSAR RESIDENCE 6,36,104,150.500.000,180,5%,108.375.000,"10 June, 2022","7 July, 2022"
1102158,2022,2022,BANK BNI,APERSI,tapak,JAMBI,KAB BUNGO,Rimbo Tengah,Sungai Mengkuang,L,SWASTA,3.900.000,PT SINAR PENYELAMAT UMAT,AL KAUTSAR RESIDENCE 6,36,104,150.500.000,180,5%,108.375.000,"10 June, 2022","7 July, 2022"
1102167,2022,2022,BANK BNI,REI,tapak,JAMBI,KAB BUNGO,Rimbo Tengah,Sungai Mengkuang,P,SWASTA,3.600.000,PT BERKAH CIPTA PERKASA,AL MADINAH 2,36,108,150.500.000,240,5%,107.250.000,"16 June, 2022","7 July, 2022"
1102170,2022,2022,BANK BNI,APERSI,tapak,JAMBI,KAB BUNGO,Rimbo Tengah,Sungai Mengkuang,L,SWASTA,3.900.000,PT SINAR PENYELAMAT UMAT,AL KAUTSAR RESIDENCE 6,36,104,150.500.000,180,5%,108.375.000,"20 June, 2022","7 July, 2022"
1102171,2022,2022,BANK BNI,APERSI,tapak,JAMBI,KAB BUNGO,Rimbo Tengah,Sungai Mengkuang,L,SWASTA,5.561.805,PT SINAR PENYELAMAT UMAT,AL KAUTSAR RESIDENCE 6,36,104,150.500.000,120,5%,108.375.000,"20 June, 2022","7 July, 2022"
1102174,2022,2022,BANK BNI,REI,tapak,JAMBI,KAB BUNGO,Bungo Dani,Sungai Kerjan,P,SWASTA,4.747.760,PT BERKAH CIPTA PERKASA,AZIZIYAH RESIDENCE,36,96,150.500.000,120,5%,107.250.000,"21 June, 2022","7 July, 2022"
1102198,2022,2022,BANK BNI,REI,tapak,JAMBI,KAB BUNGO,Bungo Dani,Sungai Kerjan,P,SWASTA,3.800.000,PT BERKAH CIPTA PERKASA,AZIZIYAH RESIDENCE,36,116,150.500.000,132,5%,107.250.000,"23 June, 2022","7 July, 2022"
1102202,2022,2022,BANK BNI,REI,tapak,JAMBI,KAB BUNGO,Bungo Dani,Sungai Kerjan,L,SWASTA,3.706.468,PT BERKAH CIPTA PERKASA,AZIZIYAH RESIDENCE,36,96,150.500.000,180,5%,107.250.000,"28 June, 2022","7 July, 2022"
1102203,2022,2022,BANK BNI,REI,tapak,JAMBI,KAB BUNGO,Bungo Dani,Sungai Kerjan,L,SWASTA,6.407.358,PT BERKAH CIPTA PERKASA,AZIZIYAH RESIDENCE,36,96,150.500.000,180,5%,107.250.000,"28 June, 2022","7 July, 2022"
1102204,2022,2022,BANK BNI,REI,tapak,JAMBI,KAB BUNGO,Bungo Dani,Sungai Kerjan,L,SWASTA,3.772.208,PT BERKAH CIPTA PERKASA,AZIZIYAH RESIDENCE,36,115,150.500.000,180,5%,107.250.000,"28 June, 2022","7 July, 2022"
1102205,2022,2022,BANK BNI,APERSI,tapak,JAMBI,KAB BUNGO,Rimbo Tengah,Sungai Mengkuang,L,SWASTA,5.275.124,PT SINAR PENYELAMAT UMAT,AL KAUTSAR RESIDENCE 6,36,104,150.500.000,180,5%,108.375.000,"29 June, 2022","7 July, 2022"
1102206,2022,2022,BANK BNI,APERSI,tapak,JAMBI,KAB BUNGO,Rimbo Tengah,Sungai Mengkuang,L,SWASTA,4.340.000,PT SINAR PENYELAMAT UMAT,AL KAUTSAR RESIDENCE 6,36,104,150.500.000,180,5%,108.375.000,"29 June, 2022","7 July, 2022"
1102214,2022,2022,BANK BNI,APERSI,tapak,JAMBI,KAB BUNGO,Rimbo Tengah,Sungai Mengkuang,P,SWASTA,3.570.000,PT SINAR PENYELAMAT UMAT,AL KAUTSAR RESIDENCE 6,36,102,150.500.000,180,5%,108.375.000,"30 June, 2022","7 July, 2022"
1102254,2022,2022,BANK BNI,REI,tapak,JAMBI,KAB BUNGO,Bungo Dani,Sungai Kerjan,L,SWASTA,4.421.289,PT BERKAH CIPTA PERKASA,AZIZIYAH RESIDENCE,36,119,150.500.000,180,5%,107.250.000,"22 June, 2022","7 July, 2022"
1102255,2022,2022,BANK BNI,REI,tapak,JAMBI,KAB BUNGO,Bungo Dani,Sungai Kerjan,P,SWASTA,3.600.000,PT BERKAH CIPTA PERKASA,AZIZIYAH RESIDENCE,36,96,150.500.000,240,5%,107.250.000,"22 June, 2022","7 July, 2022"
1104920,2022,2022,BANK JAMBI,REI,tapak,JAMBI,KAB BUNGO,Pelepat Ilir,Purwosari,L,SWASTA,3.400.000,PT JINGGA DIRGA PUSPITA,JINGGA KEDATON,36,100,150.500.000,120,5%,107.231.250,"13 June, 2022","13 July, 2022"
1106334,2022,2022,BANK BNI,APERSI,tapak,JAMBI,KAB BUNGO,Rimbo Tengah,Sungai Mengkuang,L,SWASTA,3.900.000,PT SINAR PENYELAMAT UMAT,AL KAUTSAR RESIDENCE 6,36,104,150.500.000,180,5%,108.375.000,"8 July, 2022","19 July, 2022"
1106336,2022,2022,BANK BNI,REI,tapak,JAMBI,KAB BUNGO,Rimbo Tengah,Sungai Mengkuang,P,SWASTA,3.700.000,PT BERKAH CIPTA PERKASA,AL MADINAH 2,36,108,150.500.000,180,5%,107.250.000,"11 July, 2022","19 July, 2022"
1106445,2022,2022,BANK MANDIRI,APERSI,tapak,JAMBI,KAB BUNGO,Bathin III,Manggis,P,SWASTA,3.721.000,PT MITRA SENTOSA MANDIRI,SENTOSA RESIDENCE,36,108,150.500.000,180,5%,107.231.250,"8 July, 2022","14 July, 2022"
1110653,2022,2022,BANK BTN,REI,tapak,JAMBI,KAB BUNGO,Rimbo Tengah,Pasir Putih,P,SWASTA,2.900.000,PT MITRA HARAPAN KENTJANA,GRAHA BUNGO KENTJANA,36,84,150.500.000,240,5%,107.231.250,"8 July, 2022","15 July, 2022"
1110683,2022,2022,BANK BTN,REI,tapak,JAMBI,KAB BUNGO,Rimbo Tengah,Pasir Putih,P,SWASTA,3.588.333,PT MITRA HARAPAN KENTJANA,GRAHA BUNGO KENTJANA,36,84,150.500.000,204,5%,107.231.250,"8 July, 2022","15 July, 2022"
1110686,2022,2022,BANK BTN,REI,tapak,JAMBI,KAB BUNGO,Rimbo Tengah,Pasir Putih,L,SWASTA,3.100.000,PT MITRA HARAPAN KENTJANA,GRAHA BUNGO KENTJANA,36,84,150.500.000,216,5%,106.500.000,"8 July, 2022","15 July, 2022"
1111493,2022,2022,BANK BTN,APERSI,tapak,JAMBI,KAB BUNGO,Bathin III,Manggis,L,SWASTA,5.500.000,PT LIDYA JAYA ABADI,BUNGO GRIYA ABADI,36,108,150.500.000,240,5%,107.231.250,"4 July, 2022","15 July, 2022"
1113072,2022,2022,BANK BNI,REI,tapak,JAMBI,KAB BUNGO,Rimbo Tengah,Sungai Mengkuang,L,SWASTA,3.565.758,PT BERKAH CIPTA PERKASA,AL MADINAH 2,36,108,150.500.000,216,5%,107.250.000,"12 July, 2022","19 July, 2022"
1116687,2022,2022,BANK BTN,REI,tapak,JAMBI,KAB BUNGO,Bathin III,Bungo Taman Agung,P,SWASTA,3.500.000,PT BUNGO GRAHA INDAH,GRAHA NUSA INDAH,36,108,150.000.000,180,5%,106.875.000,"15 July, 2022","21 July, 2022"
1116689,2022,2022,BANK BTN,REI,tapak,JAMBI,KAB BUNGO,Bathin III,Bungo Taman Agung,L,SWASTA,4.837.808,PT BUNGO GRAHA INDAH,GRAHA NUSA INDAH,36,108,150.000.000,180,5%,106.875.000,"18 July, 2022","21 July, 2022"
1116693,2022,2022,BANK BTN,APERSI,tapak,JAMBI,KAB BUNGO,Rimbo Tengah,Sungai Mengkuang,L,SWASTA,3.894.456,PT BANGUN TIGA ARTHA,PONDOK SIGINJAI SARI,36,120,150.000.000,240,5%,106.875.000,"15 July, 2022","21 July, 2022"
1116901,2022,2022,BANK BTN,APERSI,tapak,JAMBI,KAB BUNGO,Bathin III,Manggis,L,SWASTA,4.000.000,PT MITRA SENTOSA MANDIRI,SENTOSA RESIDENCE,36,108,150.500.000,240,5%,107.231.250,"18 July, 2022","21 July, 2022"
1117965,2022,2022,BANK BTN,APERSI,tapak,JAMBI,KAB BUNGO,Rimbo Tengah,Sungai Mengkuang,L,SWASTA,7.000.000,PT KARYA ABADI WIGUNA,BUNGO PERSADA INDAH 3,36,96,140.000.000,204,5%,100.950.000,"18 July, 2022","21 July, 2022"
1120583,2022,2022,BANK BTN,REI,tapak,JAMBI,KAB BUNGO,Rimbo Tengah,Sungai Mengkuang,L,SWASTA,3.120.000,PT CAHAYA BINTANG FENDRA,BARCELONA,36,96,150.500.000,240,5%,107.231.250,"20 July, 2022","27 July, 2022"
1120584,2022,2022,BANK BTN,REI,tapak,JAMBI,KAB BUNGO,Rimbo Tengah,Sungai Mengkuang,L,SWASTA,4.050.000,PT CAHAYA BINTANG FENDRA,BARCELONA,36,96,150.500.000,240,5%,107.231.250,"20 July, 2022","27 July, 2022"
1120666,2022,2022,BANK BTN,APERSI,tapak,JAMBI,KAB BUNGO,Bathin III,Manggis,L,SWASTA,5.400.000,PT MITRA SENTOSA MANDIRI,SENTOSA RESIDENCE,36,108,150.500.000,188,5%,107.231.250,"21 July, 2022","27 July, 2022"
1120716,2022,2022,BANK BTN,REI,tapak,JAMBI,KAB BUNGO,Rimbo Tengah,Cadika,L,SWASTA,2.679.000,PT CIPTA JAYA EWISA,BUNGO CIPTA GRAHA 3,36,108,140.000.000,240,5%,99.750.000,"21 July, 2022","27 July, 2022"
1120737,2022,2022,BANK BTN,REI,tapak,JAMBI,KAB BUNGO,Rimbo Tengah,Sungai Mengkuang,L,SWASTA,3.665.000,PT KHOVIZ LANSKAP PROPERTI,PESSONA BUNGO RESIDENCE,36,108,150.500.000,240,5%,107.231.250,"22 July, 2022","27 July, 2022"
1124814,2022,2022,BANK BNI,REI,tapak,JAMBI,KAB BUNGO,Bungo Dani,Sungai Kerjan,P,SWASTA,4.888.498,PT BERKAH CIPTA PERKASA,AZIZIYAH RESIDENCE,36,96,150.500.000,120,5%,107.250.000,"18 July, 2022","27 July, 2022"
1124815,2022,2022,BANK BNI,REI,tapak,JAMBI,KAB BUNGO,Bungo Dani,Sungai Kerjan,L,SWASTA,5.990.318,PT BERKAH CIPTA PERKASA,AZIZIYAH RESIDENCE,36,96,150.500.000,192,5%,107.250.000,"19 July, 2022","27 July, 2022"
1148122,2022,2022,BANK BNI,REI,tapak,JAMBI,KAB BUNGO,Bungo Dani,Sungai Kerjan,L,SWASTA,4.500.000,PT BERKAH CIPTA PERKASA,AZIZIYAH RESIDENCE,36,96,150.500.000,120,5%,107.250.000,"25 July, 2022","2 August, 2022"
1148128,2022,2022,BANK BNI,REI,tapak,JAMBI,KAB BUNGO,Bungo Dani,Sungai Kerjan,L,SWASTA,3.000.000,PT BERKAH CIPTA PERKASA,AZIZIYAH RESIDENCE,36,96,150.500.000,180,5%,107.250.000,"27 July, 2022","2 August, 2022"
1148139,2022,2022,BANK BNI,REI,tapak,JAMBI,KAB BUNGO,Bungo Dani,Sungai Kerjan,L,SWASTA,4.270.000,PT BERKAH CIPTA PERKASA,AZIZIYAH RESIDENCE,36,96,150.500.000,180,5%,107.250.000,"28 July, 2022","2 August, 2022"
1152548,2022,2022,BANK BTN,REI,tapak,JAMBI,KAB BUNGO,Bungo Dani,Talang Pantai,P,SWASTA,4.500.000,PT ANUGERAH REZEKI BERSAUDARA MADANI,BUNGO DANI RESIDENCE 3,36,108,150.500.000,240,5%,107.231.250,"29 July, 2022","2 August, 2022"
1152661,2022,2022,BANK BTN,REI,tapak,JAMBI,KAB BUNGO,Bathin III,Bungo Taman Agung,L,SWASTA,3.117.950,PT BUNGO GRAHA INDAH,GRAHA NUSA INDAH,36,108,150.000.000,240,5%,103.875.000,"28 July, 2022","2 August, 2022"
1153286,2022,2022,BANK BTN,REI,tapak,JAMBI,KAB BUNGO,Rimbo Tengah,Cadika,L,SWASTA,5.700.000,PT CANDIKA KAPITAL PROPERTINDO,CANDIKA ASRI,36,118,140.000.000,240,5%,99.750.000,"29 July, 2022","2 August, 2022"
1153403,2022,2022,BANK BTN,APERSI,tapak,JAMBI,KAB BUNGO,Rimbo Tengah,Sungai Mengkuang,L,SWASTA,6.443.000,PT SINAR PENYELAMAT UMAT,AL KAUTSAR RESIDENCE 6,36,104,150.500.000,180,5%,107.231.250,"29 July, 2022","2 August, 2022"
1159377,2022,2022,BANK BNI,REI,tapak,JAMBI,KAB BUNGO,Rimbo Tengah,Sungai Mengkuang,L,SWASTA,4.500.000,PT BERKAH CIPTA PERKASA,AL MADINAH 2,36,108,150.500.000,120,5%,107.250.000,"5 August, 2022","9 August, 2022"
1159925,2022,2022,BANK BNI,REI,tapak,JAMBI,KAB BUNGO,Rimbo Tengah,Sungai Mengkuang,L,SWASTA,3.400.000,PT BERKAH CIPTA PERKASA,AL MADINAH 2,36,108,150.500.000,120,5%,107.250.000,"8 August, 2022","9 August, 2022"
1164358,2022,2022,BANK BTN,APERSI,tapak,JAMBI,KAB BUNGO,Bathin III,Sungai Binjai,P,SWASTA,4.450.000,PT MITRA SENTOSA MANDIRI,VILLA ADEVA SENTOSA,36,120,150.000.000,204,5%,106.875.000,"8 August, 2022","11 August, 2022"
1164380,2022,2022,BANK BTN,APERSI,tapak,JAMBI,KAB BUNGO,Bathin III,Sungai Binjai,L,SWASTA,4.000.000,PT MITRA SENTOSA MANDIRI,VILLA ADEVA SENTOSA,36,120,150.000.000,240,5%,106.875.000,"8 August, 2022","11 August, 2022"
1164933,2022,2022,BANK BTN,APERSI,tapak,JAMBI,KAB BUNGO,Bathin III,Sungai Binjai,P,SWASTA,7.752.080,PT MITRA SENTOSA MANDIRI,VILLA ADEVA SENTOSA,36,120,150.000.000,180,5%,106.875.000,"8 August, 2022","11 August, 2022"
1165008,2022,2022,BANK BTN,APERSI,tapak,JAMBI,KAB BUNGO,Bathin III,Sungai Binjai,P,SWASTA,3.019.183,PT MITRA SENTOSA MANDIRI,VILLA ADEVA SENTOSA,36,120,150.000.000,240,5%,106.875.000,"8 August, 2022","11 August, 2022"
1165159,2022,2022,BANK BTN,REI,tapak,JAMBI,KAB BUNGO,Bungo Dani,Talang Pantai,L,SWASTA,3.500.000,PT ANUGERAH REZEKI BERSAUDARA MADANI,BUNGO DANI RESIDENCE 3,36,108,150.500.000,180,5%,107.231.250,"28 July, 2022","11 August, 2022"
1168820,2022,2022,BANK BTN,APERSI,tapak,JAMBI,KAB BUNGO,Rimbo Tengah,Sungai Mengkuang,L,SWASTA,4.200.000,PT BANGUN TIGA ARTHA,PONDOK SIGINJAI SARI,36,120,150.000.000,180,5%,106.875.000,"12 August, 2022","18 August, 2022"
1173129,2022,2022,BANK BTN,REI,tapak,JAMBI,KAB BUNGO,Bungo Dani,Talang Pantai,L,SWASTA,3.022.500,PT ANUGERAH REZEKI BERSAUDARA MADANI,PERUMAHAN BUNGO DANI 2,36,108,130.000.000,240,5%,92.250.000,"18 August, 2022","22 August, 2022"
1173245,2022,2022,BANK BTN,APERSI,tapak,JAMBI,KAB BUNGO,Rimbo Tengah,Sungai Mengkuang,L,SWASTA,4.600.000,PT SINAR PENYELAMAT UMAT,AL KAUTSAR RESIDENCE 6,36,104,150.500.000,180,5%,107.231.250,"12 August, 2022","22 August, 2022"
1173247,2022,2022,BANK BTN,APERSI,tapak,JAMBI,KAB BUNGO,Rimbo Tengah,Sungai Mengkuang,L,SWASTA,4.100.000,PT SINAR PENYELAMAT UMAT,AL KAUTSAR RESIDENCE 6,36,109,150.500.000,240,5%,107.231.250,"12 August, 2022","22 August, 2022"
1173264,2022,2022,BANK BTN,APERSI,tapak,JAMBI,KAB BUNGO,Rimbo Tengah,Sungai Mengkuang,L,SWASTA,7.901.025,PT SINAR PENYELAMAT UMAT,AL KAUTSAR RESIDENCE 6,36,104,150.500.000,180,5%,107.231.250,"12 August, 2022","22 August, 2022"
1173475,2022,2022,BANK BTN,APERSI,tapak,JAMBI,KAB BUNGO,Bathin III,Sungai Binjai,L,SWASTA,3.500.000,PT MITRA SENTOSA MANDIRI,VILLA ADEVA SENTOSA,36,120,150.000.000,180,5%,106.875.000,"18 August, 2022","22 August, 2022"
1175264,2022,2022,BANK BTN,APERSI,tapak,JAMBI,KAB BUNGO,Bathin III,Manggis,P,SWASTA,3.011.104,PT MITRA SENTOSA MANDIRI,SENTOSA RESIDENCE,36,108,150.500.000,240,5%,107.231.250,"19 August, 2022","23 August, 2022"
1175286,2022,2022,BANK BTN,APERSI,tapak,JAMBI,KAB BUNGO,Rimbo Tengah,Sungai Mengkuang,P,SWASTA,6.200.000,PT BANGUN TIGA ARTHA,PONDOK SIGINJAI SARI,36,150,150.000.000,120,5%,106.875.000,"19 August, 2022","23 August, 2022"
1175882,2022,2022,BANK BNI,REI,tapak,JAMBI,KAB BUNGO,Bathin III,Sungai Binjai,L,SWASTA,4.000.000,PT KHAIRUNNISA BUNGO DEMPO,DEMPO RESIDENCE 2,36,108,140.000.000,240,5%,99.750.000,"10 August, 2022","29 August, 2022"
1175885,2022,2022,BANK BNI,REI,tapak,JAMBI,KAB BUNGO,Bungo Dani,Sungai Kerjan,P,SWASTA,4.000.000,PT BERKAH CIPTA PERKASA,AZIZIYAH RESIDENCE,36,96,150.500.000,180,5%,107.250.000,"11 August, 2022","29 August, 2022"
1175887,2022,2022,BANK BNI,REI,tapak,JAMBI,KAB BUNGO,Bungo Dani,Sungai Kerjan,L,SWASTA,3.680.713,PT BERKAH CIPTA PERKASA,AZIZIYAH RESIDENCE,36,96,150.500.000,180,5%,107.250.000,"12 August, 2022","29 August, 2022"
1175889,2022,2022,BANK BNI,REI,tapak,JAMBI,KAB BUNGO,Bungo Dani,Sungai Kerjan,L,SWASTA,3.654.564,PT BERKAH CIPTA PERKASA,AZIZIYAH RESIDENCE,36,96,150.500.000,180,5%,107.250.000,"19 August, 2022","29 August, 2022"
1175890,2022,2022,BANK BNI,APERSI,tapak,JAMBI,KAB BUNGO,Rimbo Tengah,Sungai Mengkuang,L,SWASTA,4.953.941,PT SINAR PENYELAMAT UMAT,AL KAUTSAR RESIDENCE 6,36,98,150.500.000,180,5%,108.375.000,"19 August, 2022","29 August, 2022"
1176957,2022,2022,BANK BTN,REI,tapak,JAMBI,KAB BUNGO,Rimbo Tengah,Sungai Mengkuang,L,SWASTA,4.400.000,PT CIPTA JAYA EWISA,BUNGO CIPTA GRAHA 2,36,108,140.000.000,240,5%,99.750.000,"22 August, 2022","30 August, 2022"
1177781,2022,2022,BANK BTN,REI,tapak,JAMBI,KAB BUNGO,Bungo Dani,Talang Pantai,L,SWASTA,3.000.000,PT ANUGERAH REZEKI BERSAUDARA MADANI,BUNGO DANI RESIDENCE 3,36,108,150.500.000,240,5%,107.231.250,"23 August, 2022","30 August, 2022"
1180343,2022,2022,BANK BNI,REI,tapak,JAMBI,KAB BUNGO,Bungo Dani,Sungai Kerjan,P,SWASTA,3.000.000,PT BERKAH CIPTA PERKASA,AZIZIYAH RESIDENCE,36,96,150.500.000,180,5%,107.250.000,"22 August, 2022","29 August, 2022"
1180346,2022,2022,BANK BNI,REI,tapak,JAMBI,KAB BUNGO,Bungo Dani,Sungai Kerjan,L,SWASTA,4.680.000,PT BERKAH CIPTA PERKASA,AZIZIYAH RESIDENCE,36,96,150.500.000,180,5%,107.250.000,"23 August, 2022","29 August, 2022"
1181599,2022,2022,BANK BTN,REI,tapak,JAMBI,KAB BUNGO,Rimbo Tengah,Sungai Mengkuang,P,SWASTA,3.148.000,PT KHOVIZ LANSKAP PROPERTI,PESSONA BUNGO RESIDENCE,36,108,150.500.000,240,5%,107.231.250,"24 August, 2022","30 August, 2022"
1182213,2022,2022,BANK BTN,REI,tapak,JAMBI,KAB BUNGO,Rimbo Tengah,Cadika,L,SWASTA,3.150.000,PT CANDIKA KAPITAL PROPERTINDO,CANDIKA ASRI,36,108,150.000.000,240,5%,87.375.000,"23 August, 2022","30 August, 2022"
1188063,2022,2022,BANK BTN,REI,tapak,JAMBI,KAB BUNGO,Rimbo Tengah,Pasir Putih,L,SWASTA,3.090.000,PT MITRA HARAPAN KENTJANA,GRAHA BUNGO KENTJANA,36,84,150.500.000,240,5%,107.231.250,"28 June, 2022","1 September, 2022"
1188071,2022,2022,BANK BTN,REI,tapak,JAMBI,KAB BUNGO,Rimbo Tengah,Sungai Mengkuang,L,SWASTA,4.200.000,PT CIPTA JAYA EWISA,BUNGO CIPTA GRAHA 2,36,108,140.000.000,204,5%,99.750.000,"29 June, 2022","1 September, 2022"
1190790,2022,2022,BANK BTN,APERSI,tapak,JAMBI,KAB BUNGO,Bathin III,Manggis,P,SWASTA,4.000.000,PT MITRA SENTOSA MANDIRI,SENTOSA RESIDENCE,36,108,150.500.000,180,5%,107.231.250,"22 August, 2022","1 September, 2022"
1191458,2022,2022,BANK BNI,REI,tapak,JAMBI,KAB BUNGO,Bungo Dani,Sungai Kerjan,P,SWASTA,3.706.468,PT BERKAH CIPTA PERKASA,AZIZIYAH RESIDENCE,36,104,150.500.000,240,5%,107.250.000,"26 August, 2022","1 September, 2022"
1191459,2022,2022,BANK BNI,REI,tapak,JAMBI,KAB BUNGO,Bungo Dani,Sungai Kerjan,L,SWASTA,3.686.333,PT BERKAH CIPTA PERKASA,AZIZIYAH RESIDENCE,36,96,150.500.000,120,5%,107.250.000,"26 August, 2022","1 September, 2022"
1191461,2022,2022,BANK BNI,REI,tapak,JAMBI,KAB BUNGO,Bathin III,Sungai Binjai,L,SWASTA,3.019.032,PT KHAIRUNNISA BUNGO DEMPO,DEMPO RESIDENCE 2,36,108,140.000.000,180,5%,99.750.000,"29 August, 2022","1 September, 2022"
1199293,2022,2022,BANK BTN,APERSI,tapak,JAMBI,KAB BUNGO,Bathin III,Manggis,L,SWASTA,2.900.000,PT MITRA SENTOSA MANDIRI,SENTOSA RESIDENCE,36,108,150.500.000,240,5%,107.231.250,"17 June, 2022","2 September, 2022"
1199294,2022,2022,BANK BTN,APERSI,tapak,JAMBI,KAB BUNGO,Bathin III,Manggis,L,SWASTA,2.900.000,PT MITRA SENTOSA MANDIRI,SENTOSA RESIDENCE,36,108,150.500.000,240,5%,107.231.250,"17 June, 2022","2 September, 2022"
1199295,2022,2022,BANK BTN,APERSI,tapak,JAMBI,KAB BUNGO,Bathin III,Manggis,L,SWASTA,3.000.000,PT MITRA SENTOSA MANDIRI,SENTOSA RESIDENCE,36,108,150.500.000,240,5%,107.231.250,"17 June, 2022","2 September, 2022"
1199541,2022,2022,BANK BTN,APERSI,tapak,JAMBI,KAB BUNGO,Bathin III,Manggis,P,SWASTA,3.500.000,PT MITRA SENTOSA MANDIRI,SENTOSA RESIDENCE,36,108,150.500.000,240,5%,107.231.250,"18 July, 2022","2 September, 2022"
1199542,2022,2022,BANK BTN,APERSI,tapak,JAMBI,KAB BUNGO,Bathin III,Manggis,P,SWASTA,3.500.000,PT MITRA SENTOSA MANDIRI,SENTOSA RESIDENCE,36,108,150.500.000,240,5%,107.231.250,"15 July, 2022","2 September, 2022"
1199561,2022,2022,BANK BTN,APERSI,tapak,JAMBI,KAB BUNGO,Bathin III,Manggis,P,SWASTA,4.000.000,PT MITRA SENTOSA MANDIRI,SENTOSA RESIDENCE,36,108,150.500.000,240,5%,107.231.250,"28 July, 2022","2 September, 2022"
1204967,2022,2022,BANK BTN,REI,tapak,JAMBI,KAB BUNGO,Bungo Dani,Talang Pantai,L,SWASTA,4.700.000,PT ANUGERAH REZEKI BERSAUDARA MADANI,BUNGO DANI RESIDENCE 3,36,108,150.500.000,180,5%,107.231.250,"8 August, 2022","2 September, 2022"
1205922,2022,2022,BANK BTN,APERSI,tapak,JAMBI,KAB BUNGO,Bathin III,Manggis,L,SWASTA,3.559.498,PT MITRA SENTOSA MANDIRI,SENTOSA RESIDENCE,36,108,150.500.000,240,5%,107.231.250,"30 August, 2022","2 September, 2022"
1206029,2022,2022,BANK BTN,APERSI,tapak,JAMBI,KAB BUNGO,Rimbo Tengah,Sungai Mengkuang,L,SWASTA,4.000.000,PT BANGUN TIGA ARTHA,PONDOK SIGINJAI SARI,36,120,150.000.000,180,5%,106.875.000,"30 August, 2022","2 September, 2022"
1206266,2022,2022,BANK BTN,APERSI,tapak,JAMBI,KAB BUNGO,Bathin III,Manggis,L,SWASTA,3.543.073,PT MITRA SENTOSA MANDIRI,SENTOSA RESIDENCE,36,108,150.500.000,204,5%,107.231.250,"30 August, 2022","2 September, 2022"
1206506,2022,2022,BANK BTN,REI,tapak,JAMBI,KAB BUNGO,Bungo Dani,Talang Pantai,P,SWASTA,3.000.000,PT ANUGERAH REZEKI BERSAUDARA MADANI,BUNGO DANI RESIDENCE 3,36,108,150.500.000,238,5%,87.750.000,"30 August, 2022","2 September, 2022"
1207156,2022,2022,BANK BTN,REI,tapak,JAMBI,KAB BUNGO,Rimbo Tengah,Sungai Mengkuang,L,SWASTA,3.000.000,PT CIPTA JAYA EWISA,BUNGO CIPTA GRAHA 2,36,108,140.000.000,240,5%,99.750.000,"30 August, 2022","2 September, 2022"
1210561,2022,2022,BANK BTN,APERSI,tapak,JAMBI,KAB BUNGO,Rimbo Tengah,Cadika,L,SWASTA,5.131.000,PT SINAR PENYELAMAT UMAT,AL KAUTSAR RESIDENCE 5,36,96,150.500.000,240,5%,107.231.250,"30 August, 2022","2 September, 2022"
1210681,2022,2022,BANK BTN,APERSI,tapak,JAMBI,KAB BUNGO,Rimbo Tengah,Sungai Mengkuang,L,SWASTA,5.004.387,PT SINAR PENYELAMAT UMAT,AL KAUTSAR RESIDENCE 6,36,104,150.500.000,180,5%,108.675.000,"30 August, 2022","2 September, 2022"
1210682,2022,2022,BANK BTN,APERSI,tapak,JAMBI,KAB BUNGO,Rimbo Tengah,Sungai Mengkuang,L,SWASTA,4.900.000,PT SINAR PENYELAMAT UMAT,AL KAUTSAR RESIDENCE 6,36,104,150.500.000,180,5%,108.000.000,"31 August, 2022","2 September, 2022"
1210684,2022,2022,BANK BTN,APERSI,tapak,JAMBI,KAB BUNGO,Rimbo Tengah,Sungai Mengkuang,L,SWASTA,5.275.117,PT SINAR PENYELAMAT UMAT,AL KAUTSAR RESIDENCE 6,36,104,150.500.000,180,5%,108.675.000,"31 August, 2022","2 September, 2022"
1210688,2022,2022,BANK BTN,APERSI,tapak,JAMBI,KAB BUNGO,Rimbo Tengah,Sungai Mengkuang,L,SWASTA,3.260.000,PT SINAR PENYELAMAT UMAT,AL KAUTSAR RESIDENCE 6,36,104,150.500.000,204,5%,108.675.000,"31 August, 2022","2 September, 2022"
1210920,2022,2022,BANK BTN,REI,tapak,JAMBI,KAB BUNGO,Rimbo Tengah,Cadika,L,SWASTA,4.029.000,PT CANDIKA KAPITAL PROPERTINDO,CANDIKA ASRI,36,108,140.000.000,120,5%,90.000.000,"30 August, 2022","2 September, 2022"
1210921,2022,2022,BANK BTN,REI,tapak,JAMBI,KAB BUNGO,Rimbo Tengah,Pasir Putih,P,SWASTA,3.500.000,PT ARAH BANGUN PRESTASI MANDIRI,PURI INDAH MARSAWA,36,198,150.000.000,240,5%,108.375.000,"30 August, 2022","2 September, 2022"
1210952,2022,2022,BANK BTN,APERSI,tapak,JAMBI,KAB BUNGO,Rimbo Tengah,Sungai Mengkuang,L,TNI/POLRI,7.782.300,PT SINAR PENYELAMAT UMAT,AL KAUTSAR RESIDENCE 6,36,104,150.500.000,180,5%,108.675.000,"30 August, 2022","2 September, 2022"
1211057,2022,2022,BANK BTN,APERSI,tapak,JAMBI,KAB BUNGO,Rimbo Tengah,Sungai Mengkuang,P,SWASTA,4.653.297,PT SINAR PENYELAMAT UMAT,AL KAUTSAR RESIDENCE 6,36,104,150.500.000,180,5%,108.675.000,"31 August, 2022","2 September, 2022"
1211063,2022,2022,BANK BTN,APERSI,tapak,JAMBI,KAB BUNGO,Rimbo Tengah,Sungai Mengkuang,P,SWASTA,5.650.000,PT SINAR PENYELAMAT UMAT,AL KAUTSAR RESIDENCE 6,36,104,150.500.000,204,5%,108.675.000,"31 August, 2022","2 September, 2022"
1213170,2022,2022,BANK BTN,APERSI,tapak,JAMBI,KAB BUNGO,Rimbo Tengah,Sungai Mengkuang,L,SWASTA,6.000.000,PT SINAR PENYELAMAT UMAT,AL KAUTSAR RESIDENCE 6,36,104,150.500.000,240,5%,107.231.250,"11 August, 2022","5 September, 2022"
1213331,2022,2022,BANK BTN,REI,tapak,JAMBI,KAB BUNGO,Rimbo Tengah,Pasir Putih,P,SWASTA,3.100.000,PT ARAH BANGUN PRESTASI MANDIRI,PURI INDAH MARSAWA,36,108,150.000.000,240,5%,108.375.000,"1 September, 2022","5 September, 2022"
1215118,2022,2022,BANK BTN,REI,tapak,JAMBI,KAB BUNGO,Rimbo Tengah,Sungai Mengkuang,P,PNS,5.944.058,PT KHOVIZ LANSKAP PROPERTI,PESSONA BUNGO RESIDENCE,36,120,150.500.000,204,5%,107.231.250,"2 September, 2022","7 September, 2022"
1215148,2022,2022,BANK BTN,REI,tapak,JAMBI,KAB BUNGO,Bungo Dani,Talang Pantai,P,SWASTA,3.500.000,PT ANUGERAH REZEKI BERSAUDARA MADANI,BUNGO DANI RESIDENCE 3,36,108,150.500.000,180,5%,107.231.250,"5 September, 2022","7 September, 2022"
1215201,2022,2022,BANK BTN,REI,tapak,JAMBI,KAB BUNGO,Rimbo Tengah,Pasir Putih,P,SWASTA,5.000.000,PT ARAH BANGUN PRESTASI MANDIRI,PURI INDAH MARSAWA,36,96,150.000.000,240,5%,101.250.000,"5 September, 2022","7 September, 2022"
1215377,2022,2022,BANK JAMBI,APERSI,tapak,JAMBI,KAB BUNGO,Rimbo Tengah,Sungai Mengkuang,P,SWASTA,3.900.000,PT SINAR PENYELAMAT UMAT,AL KAUTSAR RESIDENCE 6,36,104,150.500.000,120,5%,107.231.250,"24 August, 2022","7 September, 2022"
1217108,2022,2022,BANK BTN,APERSI,tapak,JAMBI,KAB BUNGO,Rimbo Tengah,Sungai Mengkuang,P,SWASTA,4.358.500,PT SINAR PENYELAMAT UMAT,AL KAUTSAR RESIDENCE 6,36,104,150.500.000,180,5%,107.231.250,"7 September, 2022","21 September, 2022"
1217840,2022,2022,BANK BTN,REI,tapak,JAMBI,KAB BUNGO,Bungo Dani,Talang Pantai,L,SWASTA,3.200.000,PT ANUGERAH REZEKI BERSAUDARA MADANI,BUNGO DANI RESIDENCE 3,36,108,150.500.000,240,5%,107.231.250,"9 September, 2022","23 September, 2022"
1217929,2022,2022,BANK BNI,REI,tapak,JAMBI,KAB BUNGO,Bungo Dani,Sungai Kerjan,P,SWASTA,4.207.218,PT BERKAH CIPTA PERKASA,AZIZIYAH RESIDENCE,36,118,150.500.000,120,5%,107.250.000,"9 September, 2022","13 September, 2022"
1218443,2022,2022,BANK BTN,APERSI,tapak,JAMBI,KAB BUNGO,Rimbo Tengah,Sungai Mengkuang,L,SWASTA,4.700.000,PT SINAR PENYELAMAT UMAT,AL KAUTSAR RESIDENCE 6,36,104,150.500.000,180,5%,108.675.000,"8 September, 2022","23 September, 2022"
1219087,2022,2022,BANK BTN,REI,tapak,JAMBI,KAB BUNGO,Bathin III,Bungo Taman Agung,L,SWASTA,3.647.667,PT BUNGO GRAHA INDAH,GRAHA NUSA INDAH,36,108,150.000.000,180,5%,106.875.000,"9 September, 2022","27 September, 2022"
1219267,2022,2022,BANK BTN,APERSI,tapak,JAMBI,KAB BUNGO,Bathin III,Manggis,L,SWASTA,4.165.000,PT LIDYA JAYA ABADI,BUNGO GRIYA ABADI,36,128,150.500.000,204,5%,107.231.250,"9 September, 2022","27 September, 2022"
1223486,2022,2022,BANK BTN,REI,tapak,JAMBI,KAB BUNGO,Bathin III,Bungo Taman Agung,P,SWASTA,3.505.000,PT BUNGO GRAHA INDAH,GRAHA NUSA INDAH,36,108,150.000.000,216,5%,106.875.000,"14 September, 2022","28 September, 2022"
1223800,2022,2022,BANK BTN,APERSI,tapak,JAMBI,KAB BUNGO,Rimbo Tengah,Sungai Mengkuang,L,SWASTA,5.179.000,PT SINAR PENYELAMAT UMAT,AL KAUTSAR RESIDENCE 6,36,104,150.500.000,180,5%,108.746.250,"16 September, 2022","28 September, 2022"
1223801,2022,2022,BANK BTN,APERSI,tapak,JAMBI,KAB BUNGO,Rimbo Tengah,Sungai Mengkuang,L,SWASTA,7.000.000,PT SINAR PENYELAMAT UMAT,AL KAUTSAR RESIDENCE 6,36,104,150.500.000,180,5%,108.675.000,"16 September, 2022","28 September, 2022"
1227754,2022,2022,BANK BTN,REI,tapak,JAMBI,KAB BUNGO,Rimbo Tengah,Sungai Mengkuang,P,SWASTA,4.500.000,PT KHOVIZ LANSKAP PROPERTI,PESSONA BUNGO RESIDENCE,36,108,150.500.000,240,5%,102.731.250,"16 September, 2022","30 September, 2022"
1229245,2022,2022,BANK BNI,REI,tapak,JAMBI,KAB BUNGO,Bungo Dani,Sungai Kerjan,L,SWASTA,3.974.980,PT BERKAH CIPTA PERKASA,AZIZIYAH RESIDENCE,36,111,150.500.000,240,5%,107.250.000,"19 September, 2022","22 September, 2022"
1229326,2022,2022,BANK BNI,REI,tapak,JAMBI,KAB BUNGO,Batin II Babeko,Tanjung Menanti,L,SWASTA,3.900.000,PT PETRA CIPTA UTAMA,GREEN PETRA 2,36,108,150.500.000,240,5%,107.250.000,"7 September, 2022","22 September, 2022"
1229327,2022,2022,BANK BNI,REI,tapak,JAMBI,KAB BUNGO,Batin II Babeko,Tanjung Menanti,P,SWASTA,5.600.000,PT PETRA CIPTA UTAMA,GREEN PETRA 2,36,108,150.500.000,120,5%,107.250.000,"7 September, 2022","22 September, 2022"
1229328,2022,2022,BANK BNI,REI,tapak,JAMBI,KAB BUNGO,Batin II Babeko,Tanjung Menanti,L,SWASTA,3.570.874,PT PETRA CIPTA UTAMA,GREEN PETRA 2,36,108,150.500.000,240,5%,107.250.000,"7 September, 2022","22 September, 2022"
1229332,2022,2022,BANK BNI,APERSI,tapak,JAMBI,KAB BUNGO,Rimbo Tengah,Sungai Mengkuang,L,SWASTA,4.568.342,PT SINAR PENYELAMAT UMAT,AL KAUTSAR RESIDENCE 6,36,103,150.500.000,180,5%,108.375.000,"8 September, 2022","22 September, 2022"
1229346,2022,2022,BANK BNI,REI,tapak,JAMBI,KAB BUNGO,Bungo Dani,Sungai Kerjan,L,SWASTA,2.400.000,PT BERKAH CIPTA PERKASA,AZIZIYAH RESIDENCE,36,106,150.500.000,180,5%,107.250.000,"13 September, 2022","22 September, 2022"
1229347,2022,2022,BANK BNI,APERSI,tapak,JAMBI,KAB BUNGO,Rimbo Tengah,Sungai Mengkuang,L,SWASTA,5.836.183,PT SINAR PENYELAMAT UMAT,AL KAUTSAR RESIDENCE 6,36,104,150.500.000,204,5%,108.375.000,"13 September, 2022","22 September, 2022"
1229351,2022,2022,BANK BNI,REI,tapak,JAMBI,KAB BUNGO,Rimbo Tengah,Sungai Mengkuang,P,SWASTA,4.750.000,PT BERKAH CIPTA PERKASA,AL MADINAH 2,36,108,150.500.000,180,5%,107.250.000,"15 September, 2022","22 September, 2022"
1229352,2022,2022,BANK BNI,REI,tapak,JAMBI,KAB BUNGO,Bungo Dani,Sungai Kerjan,P,SWASTA,3.622.500,PT BERKAH CIPTA PERKASA,AZIZIYAH RESIDENCE,36,115,150.500.000,180,5%,107.250.000,"15 September, 2022","22 September, 2022"
1229353,2022,2022,BANK BNI,REI,tapak,JAMBI,KAB BUNGO,Rimbo Tengah,Sungai Mengkuang,L,SWASTA,3.821.375,PT BERKAH CIPTA PERKASA,AL MADINAH 2,36,108,150.500.000,180,5%,107.250.000,"15 September, 2022","22 September, 2022"
1232671,2022,2022,BANK BNI,REI,tapak,JAMBI,KAB BUNGO,Bungo Dani,Sungai Kerjan,P,SWASTA,3.000.000,PT BERKAH CIPTA PERKASA,AZIZIYAH RESIDENCE,36,96,150.500.000,180,5%,107.250.000,"23 September, 2022","27 September, 2022"
1233708,2022,2022,BANK BTN,APERSI,tapak,JAMBI,KAB BUNGO,Bathin III,Sungai Binjai,L,SWASTA,3.200.000,PT MITRA SENTOSA MANDIRI,VILLA ADEVA SENTOSA,36,120,150.000.000,204,5%,106.875.000,"22 September, 2022","30 September, 2022"
1233748,2022,2022,BANK BTN,APERSI,tapak,JAMBI,KAB BUNGO,Bathin III,Sungai Binjai,P,SWASTA,3.200.000,PT MITRA SENTOSA MANDIRI,VILLA ADEVA SENTOSA,36,120,150.000.000,204,5%,106.875.000,"22 September, 2022","30 September, 2022"
1234403,2022,2022,BANK BTN,REI,tapak,JAMBI,KAB BUNGO,Bathin III,Bungo Taman Agung,P,SWASTA,7.000.000,PT BUNGO GRAHA INDAH,GRAHA NUSA INDAH,36,108,150.000.000,180,5%,106.875.000,"21 September, 2022","30 September, 2022"
1234495,2022,2022,BANK BTN,APERSI,tapak,JAMBI,KAB BUNGO,Rimbo Tengah,Sungai Mengkuang,L,SWASTA,3.500.000,PT BANGUN TIGA ARTHA,PONDOK SIGINJAI SARI,36,120,150.000.000,216,5%,106.875.000,"21 September, 2022","30 September, 2022"
1234501,2022,2022,BANK BTN,APERSI,tapak,JAMBI,KAB BUNGO,Bathin III,Sungai Binjai,L,SWASTA,3.500.000,PT MITRA SENTOSA MANDIRI,VILLA ADEVA SENTOSA,36,120,150.000.000,240,5%,106.875.000,"22 September, 2022","30 September, 2022"
1234558,2022,2022,BANK BTN,REI,tapak,JAMBI,KAB BUNGO,Bathin III,Bungo Taman Agung,L,SWASTA,3.598.941,PT BUNGO GRAHA INDAH,GRAHA NUSA INDAH,36,108,150.000.000,168,5%,106.725.000,"22 September, 2022","30 September, 2022"
1236394,2022,2022,BANK BNI,REI,tapak,JAMBI,KAB BUNGO,Bungo Dani,Sungai Kerjan,L,SWASTA,3.404.564,PT BERKAH CIPTA PERKASA,AZIZIYAH RESIDENCE,36,96,150.500.000,120,5%,107.250.000,"26 September, 2022","28 September, 2022"
1240811,2022,2022,BANK BNI,APERSI,tapak,JAMBI,KAB BUNGO,Rimbo Tengah,Sungai Mengkuang,L,SWASTA,3.823.104,PT SINAR PENYELAMAT UMAT,AL KAUTSAR RESIDENDE 6,36,104,150.500.000,216,5%,108.375.000,"27 September, 2022","29 September, 2022"
1240814,2022,2022,BANK BNI,REI,tapak,JAMBI,KAB BUNGO,Bungo Dani,Sungai Kerjan,L,SWASTA,4.337.334,PT BERKAH CIPTA PERKASA,AZIZIYAH RESIDENCE,36,115,150.500.000,180,5%,107.250.000,"28 September, 2022","29 September, 2022"
1242684,2022,2022,BANK BTN,REI,tapak,JAMBI,KAB BUNGO,Rimbo Tengah,Pasir Putih,L,SWASTA,3.326.160,PT MITRA HARAPAN KENTJANA,GRAHA BUNGO KENTJANA,36,108,150.500.000,240,5%,106.875.000,"28 September, 2022","19 October, 2022"
1242747,2022,2022,BANK BTN,REI,tapak,JAMBI,KAB BUNGO,Bathin III,Manggis,L,SWASTA,3.801.000,PT Wijoyo Oridina Properti,BUNGO CITY RESIDENCE 2,36,84,150.000.000,192,5%,77.250.000,"28 September, 2022","19 October, 2022"
1242817,2022,2022,BANK BTN,REI,tapak,JAMBI,KAB BUNGO,Rimbo Tengah,Pasir Putih,P,SWASTA,3.900.000,PT MITRA HARAPAN KENTJANA,GRAHA BUNGO KENTJANA,36,84,150.500.000,180,5%,107.231.250,"28 September, 2022","19 October, 2022"
1243367,2022,2022,BANK JAMBI,REI,tapak,JAMBI,KAB BUNGO,Pelepat Ilir,Purwosari,L,SWASTA,2.900.000,PT JINGGA DIRGA PUSPITA,JINGGA KEDATON,36,100,150.500.000,144,5%,107.231.250,"23 September, 2022","30 September, 2022"
1243388,2022,2022,BANK JAMBI,REI,tapak,JAMBI,KAB BUNGO,Pelepat Ilir,Purwosari,L,SWASTA,2.150.000,PT JINGGA DIRGA PUSPITA,JINGGA KEDATON,36,100,150.500.000,240,5%,107.231.250,"23 September, 2022","30 September, 2022"
1259113,2022,2022,BANK BTN,APERSI,tapak,JAMBI,KAB BUNGO,Bathin III,Manggis,P,SWASTA,4.000.000,PT MITRA SENTOSA MANDIRI,SENTOSA RESIDENCE,36,108,150.500.000,180,5%,107.231.250,"29 September, 2022","19 October, 2022"
1259115,2022,2022,BANK BTN,APERSI,tapak,JAMBI,KAB BUNGO,Bathin III,Manggis,P,SWASTA,4.000.000,PT MITRA SENTOSA MANDIRI,SENTOSA RESIDENCE,36,108,150.500.000,240,5%,107.231.250,"29 September, 2022","19 October, 2022"
1260352,2022,2022,BANK BTN,APERSI,tapak,JAMBI,KAB BUNGO,Rimbo Tengah,Sungai Mengkuang,P,SWASTA,7.761.500,PT SINAR PENYELAMAT UMAT,AL KAUTSAR RESIDENCE 6,36,104,150.500.000,180,5%,108.675.000,"29 September, 2022","19 October, 2022"
1260709,2022,2022,BANK BTN,APERSI,tapak,JAMBI,KAB BUNGO,Rimbo Tengah,Sungai Mengkuang,L,SWASTA,6.200.000,PT SINAR PENYELAMAT UMAT,AL KAUTSAR RESIDENCE 6,36,104,150.500.000,180,5%,108.746.250,"29 September, 2022","19 October, 2022"
1261399,2022,2022,BANK BTN,REI,tapak,JAMBI,KAB BUNGO,Bathin III,Manggis,L,SWASTA,3.596.071,PT Wijoyo Oridina Properti,BUNGO CITY RESIDENCE 2,36,84,150.000.000,240,5%,106.875.000,"30 September, 2022","19 October, 2022"
1262051,2022,2022,BANK BTN,APERSI,tapak,JAMBI,KAB BUNGO,Bathin III,Bungo Taman Agung,L,SWASTA,7.112.666,PT JAYA BAKTI PERMATA SARI,PURWOBAKTI INDAH DUO,36,120,150.500.000,216,5%,107.231.250,"14 October, 2022","19 October, 2022"
1263719,2022,2022,BANK BTN,REI,tapak,JAMBI,KAB BUNGO,Bungo Dani,Talang Pantai,L,SWASTA,5.300.000,PT ANUGERAH REZEKI BERSAUDARA MADANI,BUNGO DANI RESIDENCE 3,36,108,150.500.000,240,5%,107.231.250,"7 October, 2022","26 October, 2022"
1264020,2022,2022,BANK BTN,APERSI,tapak,JAMBI,KAB BUNGO,Rimbo Tengah,Sungai Mengkuang,P,SWASTA,4.000.000,PT BANGUN TIGA ARTHA,PONDOK SIGINJAI SARI,36,120,150.000.000,203,5%,106.875.000,"6 October, 2022","26 October, 2022"
1264061,2022,2022,BANK BTN,APERSI,tapak,JAMBI,KAB BUNGO,Rimbo Tengah,Sungai Mengkuang,L,SWASTA,7.150.000,PT SINAR PENYELAMAT UMAT,AL KAUTSAR RESIDENCE 6,36,104,150.500.000,180,5%,108.746.250,"6 October, 2022","26 October, 2022"
1265529,2022,2022,BANK BTN,REI,tapak,JAMBI,KAB BUNGO,Bathin III,Bungo Taman Agung,P,SWASTA,5.405.000,PT BUNGO GRAHA INDAH,GRAHA NUSA INDAH,36,108,150.000.000,180,5%,106.875.000,"12 October, 2022","25 October, 2022"
1265588,2022,2022,BANK JAMBI,APERSI,tapak,JAMBI,KAB BUNGO,Rimbo Tengah,Sungai Mengkuang,L,SWASTA,2.688.500,PT SINAR PENYELAMAT UMAT,AL KAUTSAR RESIDENCE 6,36,104,150.500.000,240,5%,107.231.250,"12 October, 2022","25 October, 2022"
1265589,2022,2022,BANK JAMBI,REI,tapak,JAMBI,KAB BUNGO,Pelepat Ilir,Purwosari,L,SWASTA,3.000.000,PT JINGGA DIRGA PUSPITA,JINGGA KEDATON,36,100,150.500.000,180,5%,107.231.250,"23 September, 2022","25 October, 2022"
1268891,2022,2022,BANK BTN,REI,tapak,JAMBI,KAB BUNGO,Bungo Dani,Talang Pantai,L,SWASTA,4.300.000,PT ANUGERAH REZEKI BERSAUDARA MADANI,BUNGO DANI RESIDENCE 3,36,108,150.500.000,144,5%,107.231.250,"20 October, 2022","27 October, 2022"
1268892,2022,2022,BANK BTN,REI,tapak,JAMBI,KAB BUNGO,Rimbo Tengah,Pasir Putih,P,SWASTA,3.500.000,PT ARAH BANGUN PRESTASI MANDIRI,PURI INDAH MARSAWA,36,96,150.000.000,240,5%,108.375.000,"20 October, 2022","27 October, 2022"
1268954,2022,2022,BANK BTN,APERSI,tapak,JAMBI,KAB BUNGO,Bathin III,Manggis,L,SWASTA,4.800.000,PT MITRA SENTOSA MANDIRI,SENTOSA RESIDENCE,36,108,150.500.000,192,5%,106.875.000,"21 October, 2022","27 October, 2022"
1269048,2022,2022,BANK BTN,APERSI,tapak,JAMBI,KAB BUNGO,Bathin III,Sungai Binjai,P,SWASTA,2.902.472,PT MITRA SENTOSA MANDIRI,VILLA ADEVA SENTOSA,36,120,150.000.000,240,5%,106.875.000,"21 October, 2022","27 October, 2022"
1269050,2022,2022,BANK BTN,APERSI,tapak,JAMBI,KAB BUNGO,Bathin III,Sungai Binjai,L,TNI/POLRI,7.916.600,PT MITRA SENTOSA MANDIRI,VILLA ADEVA SENTOSA,36,120,150.000.000,180,5%,97.500.000,"20 October, 2022","27 October, 2022"
1269070,2022,2022,BANK BTN,APERSI,tapak,JAMBI,KAB BUNGO,Bathin III,Sungai Binjai,P,SWASTA,3.800.000,PT MITRA SENTOSA MANDIRI,VILLA ADEVA SENTOSA,36,120,150.000.000,216,5%,106.875.000,"21 October, 2022","27 October, 2022"
1269073,2022,2022,BANK BTN,APERSI,tapak,JAMBI,KAB BUNGO,Bathin III,Sungai Binjai,L,SWASTA,4.000.000,PT MITRA SENTOSA MANDIRI,VILLA ADEVA SENTOSA,36,120,150.000.000,240,5%,106.875.000,"21 October, 2022","27 October, 2022"
1269203,2022,2022,BANK BTN,APERSI,tapak,JAMBI,KAB BUNGO,Bathin III,Manggis,L,SWASTA,5.000.000,PT MITRA SENTOSA MANDIRI,SENTOSA RESIDENCE,36,108,150.500.000,240,5%,81.731.250,"5 October, 2022","27 October, 2022"
1270517,2022,2022,BANK BTN,REI,tapak,JAMBI,KAB BUNGO,Rimbo Tengah,Pasir Putih,L,SWASTA,5.469.032,PT ARAH BANGUN PRESTASI MANDIRI,PURI INDAH MARSAWA,36,96,150.000.000,240,5%,106.875.000,"20 October, 2022","27 October, 2022"
1270726,2022,2022,BANK BTN,APERSI,tapak,JAMBI,KAB BUNGO,Bathin III,Sungai Binjai,L,TNI/POLRI,7.634.500,PT MITRA SENTOSA MANDIRI,VILLA ADEVA SENTOSA,36,120,150.000.000,144,5%,97.500.000,"21 October, 2022","27 October, 2022"
1270899,2022,2022,BANK BTN,APERSI,tapak,JAMBI,KAB BUNGO,Bathin III,Manggis,L,SWASTA,4.050.000,PT MITRA SENTOSA MANDIRI,SENTOSA RESIDENCE,36,108,150.500.000,240,5%,106.875.000,"21 October, 2022","27 October, 2022"
1270907,2022,2022,BANK BTN,REI,tapak,JAMBI,KAB BUNGO,Batin II Babeko,Tanjung Menanti,L,SWASTA,3.000.000,PT PETRA CIPTA UTAMA,GREEN PETRA 2,36,108,150.000.000,240,5%,106.875.000,"21 October, 2022","27 October, 2022"
1270911,2022,2022,BANK BTN,REI,tapak,JAMBI,KAB BUNGO,Rimbo Tengah,Sungai Mengkuang,L,SWASTA,6.655.000,PT KHOVIZ LANSKAP PROPERTI,PESSONA BUNGO RESIDENCE,36,108,150.500.000,144,5%,107.231.250,"21 October, 2022","27 October, 2022"
1271109,2022,2022,BANK BTN,APERSI,tapak,JAMBI,KAB BUNGO,Rimbo Tengah,Sungai Mengkuang,L,SWASTA,6.000.000,PT KARYA ABADI WIGUNA,BUNGO PERSADA INDAH 3,36,147,140.000.000,156,5%,100.875.000,"21 October, 2022","27 October, 2022"
1271112,2022,2022,BANK BTN,APERSI,tapak,JAMBI,KAB BUNGO,Rimbo Tengah,Sungai Mengkuang,L,SWASTA,3.500.000,PT KARYA ABADI WIGUNA,BUNGO PERSADA INDAH 3,36,96,140.000.000,180,5%,100.950.000,"21 October, 2022","27 October, 2022"
1272463,2022,2022,BANK BNI,APERSI,tapak,JAMBI,KAB BUNGO,Rimbo Tengah,Sungai Mengkuang,L,SWASTA,4.813.126,PT SINAR PENYELAMAT UMAT,AL KAUTSAR RESIDENCE 6,36,104,150.500.000,180,5%,108.375.000,"12 October, 2022","26 October, 2022"
1272469,2022,2022,BANK BNI,REI,tapak,JAMBI,KAB BUNGO,Bungo Dani,Sungai Kerjan,L,SWASTA,4.706.250,PT BERKAH CIPTA PERKASA,AZIZIYAH RESIDENCE,36,104,150.500.000,180,5%,107.250.000,"14 October, 2022","26 October, 2022"
1272473,2022,2022,BANK BNI,APERSI,tapak,JAMBI,KAB BUNGO,Rimbo Tengah,Sungai Mengkuang,L,SWASTA,4.737.998,PT SINAR PENYELAMAT UMAT,AL KAUTSAR RESIDENCE 6,36,104,150.500.000,180,5%,108.375.000,"17 October, 2022","26 October, 2022"
1272479,2022,2022,BANK BNI,REI,tapak,JAMBI,KAB BUNGO,Bungo Dani,Sungai Kerjan,L,SWASTA,3.782.560,PT BERKAH CIPTA PERKASA,AZIZIYAH RESIDENCE,36,94,150.500.000,144,5%,107.250.000,"18 October, 2022","26 October, 2022"
1272498,2022,2022,BANK BNI,REI,tapak,JAMBI,KAB BUNGO,Rimbo Tengah,Sungai Mengkuang,P,SWASTA,3.625.000,PT BERKAH CIPTA PERKASA,AL MADINAH 2,36,108,150.500.000,180,5%,107.250.000,"21 October, 2022","26 October, 2022"
1273729,2022,2022,BANK BNI,REI,tapak,JAMBI,KAB BUNGO,Bungo Dani,Sungai Kerjan,P,SWASTA,3.078.333,PT BERKAH CIPTA PERKASA,AZIZIYAH RESIDENCE,36,101,150.500.000,180,5%,107.250.000,"21 September, 2022","26 October, 2022"
1273735,2022,2022,BANK BNI,APERSI,tapak,JAMBI,KAB BUNGO,Rimbo Tengah,Sungai Mengkuang,L,SWASTA,6.005.000,PT SINAR PENYELAMAT UMAT,AL KAUTSAR RESIDENCE 6,36,104,150.500.000,120,5%,108.375.000,"29 September, 2022","26 October, 2022"
1273742,2022,2022,BANK BNI,REI,tapak,JAMBI,KAB BUNGO,Bungo Dani,Sungai Kerjan,P,SWASTA,3.541.000,PT BERKAH CIPTA PERKASA,AZIZIYAH RESIDENCE,36,154,150.500.000,180,5%,107.250.000,"30 September, 2022","26 October, 2022"
1275347,2022,2022,BANK BTN,APERSI,tapak,JAMBI,KAB BUNGO,Bathin III,Manggis,L,SWASTA,4.000.000,PT LIDYA JAYA ABADI,BUNGO GRIYA ABADI,36,108,150.500.000,216,5%,106.875.000,"26 October, 2022","27 October, 2022"
1275370,2022,2022,BANK BTN,APERSI,tapak,JAMBI,KAB BUNGO,Rimbo Tengah,Sungai Mengkuang,L,SWASTA,3.000.000,PT BANGUN TIGA ARTHA,PONDOK SIGINJAI SARI,36,120,150.000.000,240,5%,106.875.000,"26 October, 2022","27 October, 2022"
1276828,2022,2022,BANK JAMBI,REI,tapak,JAMBI,KAB BUNGO,Pelepat Ilir,Purwosari,P,SWASTA,4.500.000,PT JINGGA DIRGA PUSPITA,JINGGA KEDATON,36,100,150.500.000,120,5%,107.231.250,"23 September, 2022","28 October, 2022"
1277854,2022,2022,BANK BTN,APERSI,tapak,JAMBI,KAB BUNGO,Rimbo Tengah,Sungai Mengkuang,P,SWASTA,4.000.000,PT SINAR PENYELAMAT UMAT,AL KAUTSAR RESIDENCE 6,36,104,150.500.000,240,5%,108.675.000,"6 October, 2022","28 October, 2022"
1280841,2022,2022,BANK BTN,REI,tapak,JAMBI,KAB BUNGO,Rimbo Tengah,Pasir Putih,L,SWASTA,2.904.594,PT MARGA MULYA INDAH ASRI,MULIA INDAH ASRI 2,36,84,150.500.000,240,5%,107.231.250,"23 September, 2022","28 October, 2022"
1280878,2022,2022,BANK BTN,APERSI,tapak,JAMBI,KAB BUNGO,Rimbo Tengah,Sungai Mengkuang,L,SWASTA,3.000.000,PT BANGUN TIGA ARTHA,PONDOK SIGINJAI SARI,36,120,150.000.000,240,5%,106.875.000,"23 September, 2022","28 October, 2022"
1280881,2022,2022,BANK BTN,REI,tapak,JAMBI,KAB BUNGO,Rimbo Tengah,Pasir Putih,L,SWASTA,5.230.000,PT MARGA MULYA INDAH ASRI,MULIA INDAH ASRI 2,36,84,150.000.000,240,5%,106.875.000,"23 September, 2022","28 October, 2022"
1280883,2022,2022,BANK BTN,REI,tapak,JAMBI,KAB BUNGO,Rimbo Tengah,Pasir Putih,L,SWASTA,2.842.382,PT MARGA MULYA INDAH ASRI,MULIA INDAH ASRI 2,36,84,150.500.000,240,5%,105.731.250,"23 September, 2022","28 October, 2022"
1280933,2022,2022,BANK BTN,REI,tapak,JAMBI,KAB BUNGO,Rimbo Tengah,Pasir Putih,L,SWASTA,6.300.000,PT MARGA MULYA INDAH ASRI,MULIA INDAH ASRI 2,36,84,150.500.000,240,5%,107.231.250,"23 September, 2022","28 October, 2022"
1280947,2022,2022,BANK BTN,REI,tapak,JAMBI,KAB BUNGO,Rimbo Tengah,Pasir Putih,L,SWASTA,4.037.105,PT MARGA MULYA INDAH ASRI,MULIA INDAH ASRI 2,36,84,150.500.000,216,5%,107.231.250,"23 September, 2022","28 October, 2022"
1280968,2022,2022,BANK BTN,REI,tapak,JAMBI,KAB BUNGO,Rimbo Tengah,Pasir Putih,L,SWASTA,2.974.861,PT MARGA MULYA INDAH ASRI,MULIA INDAH ASRI 2,36,84,150.000.000,240,5%,106.875.000,"23 September, 2022","28 October, 2022"
1281070,2022,2022,BANK BTN,REI,tapak,JAMBI,KAB BUNGO,Rimbo Tengah,Pasir Putih,L,SWASTA,7.271.000,PT MITRA HARAPAN KENTJANA,GRAHA BUNGO KENTJANA,36,84,150.500.000,240,5%,106.875.000,"24 October, 2022","28 October, 2022"
1282397,2022,2022,BANK BNI,APERSI,tapak,JAMBI,KAB BUNGO,Rimbo Tengah,Sungai Mengkuang,P,SWASTA,3.028.270,PT SINAR PENYELAMAT UMAT,AL KAUTSAR RESIDENCE 6,36,104,150.500.000,240,5%,108.375.000,"26 October, 2022","31 October, 2022"
1282398,2022,2022,BANK BNI,REI,tapak,JAMBI,KAB BUNGO,Rimbo Tengah,Sungai Mengkuang,P,SWASTA,3.455.945,PT BERKAH CIPTA PERKASA,AL MADINAH 2,36,108,150.500.000,216,5%,107.250.000,"26 October, 2022","31 October, 2022"
1284428,2022,2022,BANK BTN,APERSI,tapak,JAMBI,KAB BUNGO,Bathin III,Sungai Binjai,L,SWASTA,7.234.333,PT MITRA SENTOSA MANDIRI,VILLA ADEVA SENTOSA,36,120,150.000.000,180,5%,106.875.000,"27 October, 2022","31 October, 2022"
1284463,2022,2022,BANK BTN,REI,tapak,JAMBI,KAB BUNGO,Rimbo Tengah,Sungai Mengkuang,P,SWASTA,3.000.000,PT KHOVIZ LANSKAP PROPERTI,PESSONA BUNGO RESIDENCE,36,120,150.500.000,240,5%,106.875.000,"27 October, 2022","31 October, 2022"
1287524,2022,2022,BANK BTN,REI,tapak,JAMBI,KAB BUNGO,Bathin III,Manggis,L,SWASTA,3.071.500,PT Wijoyo Oridina Properti,BUNGO CITY RESIDENCE,36,84,150.000.000,240,5%,108.375.000,"28 October, 2022","31 October, 2022"
1290550,2022,2022,BANK BNI,REI,tapak,JAMBI,KAB BUNGO,Rimbo Tengah,Sungai Mengkuang,P,SWASTA,3.865.000,PT BERKAH CIPTA PERKASA,AL MADINAH 2,36,108,150.500.000,120,5%,107.250.000,"28 October, 2022","31 October, 2022"
1290551,2022,2022,BANK BNI,APERSI,tapak,JAMBI,KAB BUNGO,Rimbo Tengah,Sungai Mengkuang,P,SWASTA,4.453.328,PT SINAR PENYELAMAT UMAT,AL KAUTSAR RESIDENCE 6,36,104,150.500.000,180,5%,108.375.000,"28 October, 2022","31 October, 2022"
1292445,2022,2022,BANK BTN,APERSI,tapak,JAMBI,KAB BUNGO,Rimbo Tengah,Sungai Mengkuang,L,SWASTA,5.844.793,PT SINAR PENYELAMAT UMAT,AL KAUTSAR RESIDENCE 6,36,104,150.500.000,120,5%,108.746.250,"31 October, 2022","1 November, 2022"
1292456,2022,2022,BANK BTN,APERSI,tapak,JAMBI,KAB BUNGO,Rimbo Tengah,Sungai Mengkuang,L,SWASTA,4.310.000,PT SINAR PENYELAMAT UMAT,AL KAUTSAR RESIDENCE 6,36,104,150.500.000,180,5%,108.746.250,"31 October, 2022","1 November, 2022"
1292457,2022,2022,BANK BTN,APERSI,tapak,JAMBI,KAB BUNGO,Rimbo Tengah,Sungai Mengkuang,L,SWASTA,5.519.997,PT SINAR PENYELAMAT UMAT,AL KAUTSAR RESIDENCE 6,36,104,150.500.000,180,5%,108.675.000,"31 October, 2022","1 November, 2022"
1297863,2022,2022,BANK BTN,APERSI,tapak,JAMBI,KAB BUNGO,Rimbo Tengah,Sungai Mengkuang,P,SWASTA,3.500.000,PT SINAR PENYELAMAT UMAT,AL KAUTSAR RESIDENCE 6,36,104,150.500.000,240,5%,108.675.000,"31 October, 2022","4 November, 2022"
1297865,2022,2022,BANK BTN,APERSI,tapak,JAMBI,KAB BUNGO,Rimbo Tengah,Sungai Mengkuang,L,SWASTA,3.705.315,PT SINAR PENYELAMAT UMAT,AL KAUTSAR RESIDENCE 6,36,104,150.500.000,240,5%,108.746.250,"31 October, 2022","4 November, 2022"
1297876,2022,2022,BANK BTN,APERSI,tapak,JAMBI,KAB BUNGO,Rimbo Tengah,Sungai Mengkuang,L,SWASTA,6.000.000,PT SINAR PENYELAMAT UMAT,AL KAUTSAR RESIDENCE 6,36,104,150.500.000,240,5%,108.746.250,"31 October, 2022","4 November, 2022"
1298110,2022,2022,BANK BTN,REI,tapak,JAMBI,KAB BUNGO,Rimbo Tengah,Sungai Mengkuang,P,SWASTA,3.400.000,PT CIPTA JAYA EWISA,BUNGO CIPTA GRAHA 2,36,108,140.000.000,204,5%,99.750.000,"31 October, 2022","4 November, 2022"
1298275,2022,2022,BANK BTN,APERSI,tapak,JAMBI,KAB BUNGO,Rimbo Tengah,Sungai Mengkuang,L,SWASTA,4.773.000,PT SINAR PENYELAMAT UMAT,AL KAUTSAR RESIDENCE 6,36,104,150.500.000,240,5%,108.746.250,"31 October, 2022","4 November, 2022"
1298283,2022,2022,BANK BTN,APERSI,tapak,JAMBI,KAB BUNGO,Rimbo Tengah,Sungai Mengkuang,L,SWASTA,4.285.157,PT SINAR PENYELAMAT UMAT,AL KAUTSAR RESIDENCE 6,36,104,150.500.000,240,5%,108.746.250,"31 October, 2022","4 November, 2022"
1301231,2022,2022,BANK BNI,APERSI,tapak,JAMBI,KAB BUNGO,Bathin III,Manggis,L,SWASTA,5.000.000,PT MITRA SENTOSA MANDIRI,SENTOSA RESIDENCE,36,108,150.500.000,180,5%,107.250.000,"4 November, 2022","8 November, 2022"
1301232,2022,2022,BANK BNI,REI,tapak,JAMBI,KAB BUNGO,Bungo Dani,Sungai Kerjan,L,SWASTA,3.466.771,PT BERKAH CIPTA PERKASA,AZIZIYAH RESIDENCE,36,96,150.500.000,180,5%,107.250.000,"4 November, 2022","8 November, 2022"
1302342,2022,2022,BANK BTN,APERSI,tapak,JAMBI,KAB BUNGO,Rimbo Tengah,Sungai Mengkuang,L,SWASTA,6.006.137,PT SINAR PENYELAMAT UMAT,AL KAUTSAR RESIDENCE 6,36,104,150.500.000,132,5%,108.675.000,"4 November, 2022","9 November, 2022"
1302509,2022,2022,BANK BTN,REI,tapak,JAMBI,KAB BUNGO,Rimbo Tengah,Cadika,P,SWASTA,4.000.000,PT CANDIKA KAPITAL PROPERTINDO,CANDIKA ASRI,36,117,150.000.000,240,5%,106.875.000,"4 November, 2022","9 November, 2022"
1302526,2022,2022,BANK BTN,APERSI,tapak,JAMBI,KAB BUNGO,Rimbo Tengah,Sungai Mengkuang,P,SWASTA,4.110.000,PT SINAR PENYELAMAT UMAT,AL KAUTSAR RESIDENCE 6,36,104,150.500.000,216,5%,108.746.250,"7 November, 2022","9 November, 2022"
1302649,2022,2022,BANK BTN,APERSI,tapak,JAMBI,KAB BUNGO,Rimbo Tengah,Sungai Mengkuang,L,SWASTA,4.606.000,PT SINAR PENYELAMAT UMAT,AL KAUTSAR RESIDENCE 6,36,104,150.500.000,180,5%,108.746.250,"4 November, 2022","9 November, 2022"
1302699,2022,2022,BANK JAMBI,APERSI,tapak,JAMBI,KAB BUNGO,Bathin III,Sungai Binjai,L,SWASTA,2.024.206,PT CHYNTA AZZUHRA SEJAHTERA,SKB RESIDENCE,36,102,150.500.000,156,5%,107.231.250,"28 October, 2022","9 November, 2022"
1302700,2022,2022,BANK JAMBI,APERSI,tapak,JAMBI,KAB BUNGO,Bathin III,Sungai Binjai,L,SWASTA,2.024.206,PT CHYNTA AZZUHRA SEJAHTERA,SKB RESIDENCE,36,110,150.500.000,120,5%,107.231.250,"28 October, 2022","9 November, 2022"
1302702,2022,2022,BANK JAMBI,APERSI,tapak,JAMBI,KAB BUNGO,Bathin III,Sungai Binjai,L,SWASTA,2.024.206,PT CHYNTA AZZUHRA SEJAHTERA,SKB RESIDENCE,36,102,150.500.000,120,5%,107.231.250,"28 October, 2022","9 November, 2022"
1302703,2022,2022,BANK JAMBI,APERSI,tapak,JAMBI,KAB BUNGO,Bathin III,Sungai Binjai,L,SWASTA,2.024.206,PT CHYNTA AZZUHRA SEJAHTERA,SKB RESIDENCE,36,110,150.500.000,144,5%,107.231.250,"28 October, 2022","9 November, 2022"
1302706,2022,2022,BANK JAMBI,APERSI,tapak,JAMBI,KAB BUNGO,Bathin III,Sungai Binjai,L,SWASTA,2.024.206,PT CHYNTA AZZUHRA SEJAHTERA,SKB RESIDENCE,36,110,150.500.000,120,5%,107.231.250,"28 October, 2022","9 November, 2022"
1302714,2022,2022,BANK JAMBI,REI,tapak,JAMBI,KAB BUNGO,Pelepat Ilir,Purwosari,L,SWASTA,3.500.000,PT JINGGA DIRGA PUSPITA,JINGGA KEDATON,36,100,150.500.000,120,5%,107.231.250,"23 September, 2022","9 November, 2022"
1302733,2022,2022,BANK JAMBI,APERSI,tapak,JAMBI,KAB BUNGO,Bathin III,Sungai Binjai,P,SWASTA,2.649.034,PT CHYNTA AZZUHRA SEJAHTERA,SKB RESIDENCE,36,110,150.500.000,180,5%,107.231.250,"3 November, 2022","9 November, 2022"
1302752,2022,2022,BANK JAMBI,APERSI,tapak,JAMBI,KAB BUNGO,Bathin III,Sungai Binjai,L,SWASTA,3.142.633,PT CHYNTA AZZUHRA SEJAHTERA,SKB RESIDENCE,36,108,150.500.000,120,5%,107.231.250,"4 November, 2022","9 November, 2022"
1303416,2022,2022,BANK BNI,REI,tapak,JAMBI,KAB BUNGO,Bathin III,Sungai Binjai,L,SWASTA,3.696.667,PT KHAIRUNNISA BUNGO DEMPO,DEMPO RESIDENCE 2,36,108,140.000.000,180,5%,99.750.000,"8 November, 2022","11 November, 2022"
1303417,2022,2022,BANK BNI,REI,tapak,JAMBI,KAB BUNGO,Bungo Dani,Sungai Kerjan,L,SWASTA,3.271.832,PT BERKAH CIPTA PERKASA,AZIZIYAH RESIDENCE,36,96,150.500.000,180,5%,107.250.000,"8 November, 2022","11 November, 2022"
1305298,2022,2022,BANK BNI,REI,tapak,JAMBI,KAB BUNGO,Rimbo Tengah,Sungai Mengkuang,L,SWASTA,4.359.167,PT BERKAH CIPTA PERKASA,AL MADINAH 2,36,108,150.500.000,120,5%,107.250.000,"10 November, 2022","11 November, 2022"
1305299,2022,2022,BANK BNI,REI,tapak,JAMBI,KAB BUNGO,Bungo Dani,Talang Pantai,L,SWASTA,3.000.000,PT PERMATA REAL ESTATE,PERMATA SEI KERJAN,36,120,150.500.000,180,5%,107.250.000,"10 November, 2022","11 November, 2022"
1305852,2022,2022,BANK BNI,REI,tapak,JAMBI,KAB BUNGO,Bungo Dani,Talang Pantai,P,SWASTA,1.607.375,PT PERMATA REAL ESTATE,PERMATA SEI KERJAN,36,120,150.500.000,180,5%,107.250.000,"11 November, 2022","15 November, 2022"
1306031,2022,2022,BANK BNI,REI,tapak,JAMBI,KAB BUNGO,Bungo Dani,Talang Pantai,P,SWASTA,3.150.000,PT PERMATA REAL ESTATE,PERMATA SEI KERJAN,36,150,150.500.000,120,5%,107.250.000,"14 November, 2022","15 November, 2022"
1308627,2022,2022,BANK BTN,REI,tapak,JAMBI,KAB BUNGO,Bathin III,Manggis,L,SWASTA,6.583.000,PT CIPTA JAYA EWISA,BUNGO CIPTA GRAHA 5,36,108,150.500.000,240,5%,107.231.250,"14 November, 2022","17 November, 2022"
1308628,2022,2022,BANK BTN,REI,tapak,JAMBI,KAB BUNGO,Bathin III,Manggis,L,SWASTA,2.825.000,PT CIPTA JAYA EWISA,BUNGO CIPTA GRAHA 5,36,108,150.500.000,240,5%,105.000.000,"14 November, 2022","17 November, 2022"
1308629,2022,2022,BANK BTN,REI,tapak,JAMBI,KAB BUNGO,Bathin III,Manggis,L,SWASTA,3.916.666,PT CIPTA JAYA EWISA,BUNGO CIPTA GRAHA 5,36,108,150.500.000,240,5%,107.231.250,"14 November, 2022","17 November, 2022"
1308732,2022,2022,BANK BNI,REI,tapak,JAMBI,KAB BUNGO,Bungo Dani,Talang Pantai,P,SWASTA,3.000.000,PT PERMATA REAL ESTATE,PERMATA SEI KERJAN,36,144,150.500.000,180,5%,107.250.000,"16 November, 2022","17 November, 2022"
1310185,2022,2022,BANK BTN,REI,tapak,JAMBI,KAB BUNGO,Rimbo Tengah,Sungai Mengkuang,P,SWASTA,3.000.000,PT KHOVIZ LANSKAP PROPERTI,PESSONA BUNGO RESIDENCE,36,108,150.500.000,240,5%,106.875.000,"14 November, 2022","18 November, 2022"
1310745,2022,2022,BANK BTN,REI,tapak,JAMBI,KAB BUNGO,Bathin III,Bungo Taman Agung,P,SWASTA,4.790.000,PT BUNGO GRAHA INDAH,GRAHA NUSA INDAH,36,108,150.000.000,180,5%,106.875.000,"14 November, 2022","21 November, 2022"
1313009,2022,2022,BANK BTN,APERSI,tapak,JAMBI,KAB BUNGO,Bathin III,Bungo Taman Agung,L,SWASTA,6.000.000,PT JAYA BAKTI PERMATA SARI,PURWOBAKTI INDAH DUO,36,120,150.500.000,204,5%,107.231.250,"14 November, 2022","23 November, 2022"
1313188,2022,2022,BANK BTN,REI,tapak,JAMBI,KAB BUNGO,Bathin III,Manggis,P,SWASTA,3.169.000,PT CIPTA JAYA EWISA,BUNGO CIPTA GRAHA 5,36,108,150.500.000,240,5%,107.231.250,"18 November, 2022","23 November, 2022"
1313225,2022,2022,BANK BTN,REI,tapak,JAMBI,KAB BUNGO,Bathin III,Manggis,L,SWASTA,4.050.000,PT CIPTA JAYA EWISA,BUNGO CIPTA GRAHA 5,36,108,150.500.000,204,5%,107.231.250,"18 November, 2022","23 November, 2022"
1314416,2022,2022,BANK BTN,APERSI,tapak,JAMBI,KAB BUNGO,Bathin III,Manggis,L,SWASTA,5.320.190,PT MITRA SENTOSA MANDIRI,SENTOSA RESIDENCE,36,108,150.500.000,180,5%,107.231.250,"21 November, 2022","25 November, 2022"
1314561,2022,2022,BANK BTN,APERSI,tapak,JAMBI,KAB BUNGO,Bathin III,Sungai Binjai,L,SWASTA,3.500.000,PT MITRA SENTOSA MANDIRI,VILLA ADEVA SENTOSA,36,120,150.000.000,240,5%,106.875.000,"21 November, 2022","25 November, 2022"
1314562,2022,2022,BANK BTN,APERSI,tapak,JAMBI,KAB BUNGO,Bathin III,Sungai Binjai,P,SWASTA,3.500.000,PT MITRA SENTOSA MANDIRI,VILLA ADEVA SENTOSA,36,120,150.000.000,180,5%,106.875.000,"21 November, 2022","25 November, 2022"
1314563,2022,2022,BANK BTN,APERSI,tapak,JAMBI,KAB BUNGO,Bathin III,Sungai Binjai,L,SWASTA,3.900.000,PT MITRA SENTOSA MANDIRI,VILLA ADEVA SENTOSA,36,120,150.000.000,240,5%,106.875.000,"21 November, 2022","25 November, 2022"
1314564,2022,2022,BANK BTN,APERSI,tapak,JAMBI,KAB BUNGO,Bathin III,Sungai Binjai,P,SWASTA,3.500.000,PT MITRA SENTOSA MANDIRI,VILLA ADEVA SENTOSA,36,120,150.000.000,204,5%,106.875.000,"21 November, 2022","25 November, 2022"
1314566,2022,2022,BANK BTN,APERSI,tapak,JAMBI,KAB BUNGO,Bathin III,Sungai Binjai,L,SWASTA,7.000.000,PT MITRA SENTOSA MANDIRI,VILLA ADEVA SENTOSA,36,120,150.000.000,132,5%,106.875.000,"21 November, 2022","25 November, 2022"
1315672,2022,2022,BANK JAMBI,APERSI,tapak,JAMBI,KAB BUNGO,Bathin III,Sungai Binjai,L,SWASTA,2.024.206,PT CHYNTA AZZUHRA SEJAHTERA,SKB RESIDENCE,36,108,150.500.000,180,5%,101.625.000,"21 November, 2022","25 November, 2022"
1315673,2022,2022,BANK JAMBI,APERSI,tapak,JAMBI,KAB BUNGO,Bathin III,Sungai Binjai,P,SWASTA,2.895.174,PT CHYNTA AZZUHRA SEJAHTERA,SKB RESIDENCE,36,108,150.500.000,192,5%,107.231.250,"21 November, 2022","25 November, 2022"
1315674,2022,2022,BANK JAMBI,APERSI,tapak,JAMBI,KAB BUNGO,Rimbo Tengah,Sungai Mengkuang,P,SWASTA,2.500.000,PT SINAR PENYELAMAT UMAT,AL KAUTSAR RESIDENCE 6,36,104,150.500.000,240,5%,107.231.250,"4 November, 2022","25 November, 2022"
1315676,2022,2022,BANK JAMBI,APERSI,tapak,JAMBI,KAB BUNGO,Bathin III,Sungai Binjai,P,SWASTA,3.000.000,PT CHYNTA AZZUHRA SEJAHTERA,SKB RESIDENCE,36,108,150.500.000,180,5%,107.231.250,"23 November, 2022","25 November, 2022"
1315756,2022,2022,BANK BNI,REI,tapak,JAMBI,KAB BUNGO,Bungo Dani,Sungai Kerjan,L,SWASTA,3.381.468,PT BERKAH CIPTA PERKASA,AZIZIYAH RESIDENCE,36,96,150.500.000,180,5%,107.250.000,"22 November, 2022","25 November, 2022"
1317988,2022,2022,BANK BTN,REI,tapak,JAMBI,KAB BUNGO,Bathin III,Manggis,P,SWASTA,3.150.000,PT CIPTA JAYA EWISA,BUNGO CIPTA GRAHA 5,36,108,150.500.000,240,5%,107.231.250,"24 November, 2022","27 November, 2022"
1318013,2022,2022,BANK BTN,REI,tapak,JAMBI,KAB BUNGO,Bungo Dani,Talang Pantai,P,SWASTA,3.200.000,PT ANUGERAH REZEKI BERSAUDARA MADANI,BUNGO DANI RESIDENCE 3,36,111,150.500.000,240,5%,107.231.250,"24 November, 2022","27 November, 2022"
1318019,2022,2022,BANK BTN,REI,tapak,JAMBI,KAB BUNGO,Bathin III,Manggis,P,SWASTA,7.950.000,PT CIPTA JAYA EWISA,BUNGO CIPTA GRAHA 5,36,108,150.500.000,177,5%,106.875.000,"24 November, 2022","27 November, 2022"
1318035,2022,2022,BANK BTN,APERSI,tapak,JAMBI,KAB BUNGO,Rimbo Tengah,Sungai Mengkuang,L,SWASTA,5.157.179,PT SINAR PENYELAMAT UMAT,AL KAUTSAR RESIDENCE 6,36,104,150.500.000,204,5%,108.746.250,"24 November, 2022","27 November, 2022"
1318041,2022,2022,BANK BTN,REI,tapak,JAMBI,KAB BUNGO,Bathin III,Manggis,P,SWASTA,7.600.000,PT CIPTA JAYA EWISA,BUNGO CIPTA GRAHA 5,36,108,150.500.000,240,5%,107.231.250,"24 November, 2022","27 November, 2022"
1319607,2022,2022,BANK BNI,REI,tapak,JAMBI,KAB BUNGO,Batin II Babeko,Tanjung Menanti,L,SWASTA,3.450.000,PT PETRA CIPTA UTAMA,Green Petra,36,108,150.500.000,180,5%,107.250.000,"25 November, 2022","29 November, 2022"
1320242,2022,2022,BANK BTN,APERSI,tapak,JAMBI,KAB BUNGO,Bathin III,Manggis,P,SWASTA,4.800.000,PT MITRA SENTOSA MANDIRI,SENTOSA RESIDENCE,36,108,150.500.000,204,5%,107.231.250,"25 November, 2022","29 November, 2022"
1322831,2022,2022,BANK BTN,APERSI,tapak,JAMBI,KAB BUNGO,Bathin III,Manggis,L,SWASTA,5.500.000,PT MITRA SENTOSA MANDIRI,SENTOSA RESIDENCE,36,108,150.500.000,156,5%,107.175.000,"25 November, 2022","29 November, 2022"
1323438,2022,2022,BANK BTN,REI,tapak,JAMBI,KAB BUNGO,Bathin III,Manggis,P,SWASTA,3.550.000,PT CIPTA JAYA EWISA,BUNGO CIPTA GRAHA 5,36,108,150.500.000,240,5%,106.875.000,"28 November, 2022","29 November, 2022"
1323439,2022,2022,BANK BTN,REI,tapak,JAMBI,KAB BUNGO,Bathin III,Manggis,L,SWASTA,4.502.984,PT CIPTA JAYA EWISA,BUNGO CIPTA GRAHA 5,36,108,150.500.000,240,5%,107.231.250,"28 November, 2022","29 November, 2022"
1323672,2022,2022,BANK BTN,APERSI,tapak,JAMBI,KAB BUNGO,Bathin III,Manggis,P,SWASTA,6.000.000,PT MITRA SENTOSA MANDIRI,SENTOSA RESIDENCE,36,108,150.500.000,180,5%,107.231.250,"25 November, 2022","29 November, 2022"
1324446,2022,2022,BANK BNI,APERSI,tapak,JAMBI,KAB BUNGO,Bathin III,Manggis,L,SWASTA,5.500.000,PT MITRA SENTOSA MANDIRI,SENTOSA RESIDENCE,36,108,150.500.000,240,5%,107.250.000,"28 November, 2022","30 November, 2022"
1324447,2022,2022,BANK BNI,REI,tapak,JAMBI,KAB BUNGO,Batin II Babeko,Tanjung Menanti,P,SWASTA,4.470.000,PT PETRA CIPTA UTAMA,GREEN PETRA 2,36,108,150.500.000,180,5%,107.250.000,"28 November, 2022","30 November, 2022"
1325274,2022,2022,BANK JAMBI,APERSI,tapak,JAMBI,KAB BUNGO,Bathin III,Sungai Binjai,P,SWASTA,2.105.830,PT CHYNTA AZZUHRA SEJAHTERA,SKB RESIDENCE,36,102,150.500.000,96,5%,97.481.250,"21 November, 2022","30 November, 2022"
1325285,2022,2022,BANK JAMBI,APERSI,tapak,JAMBI,KAB BUNGO,Bathin III,Sungai Binjai,L,SWASTA,2.972.500,PT CHYNTA AZZUHRA SEJAHTERA,SKB RESIDENCE,36,102,150.500.000,180,5%,107.231.250,"22 November, 2022","30 November, 2022"
1325288,2022,2022,BANK JAMBI,APERSI,tapak,JAMBI,KAB BUNGO,Bathin III,Sungai Binjai,P,SWASTA,3.000.000,PT CHYNTA AZZUHRA SEJAHTERA,SKB RESIDENCE,36,108,150.500.000,180,5%,97.875.000,"22 November, 2022","30 November, 2022"
1327903,2022,2022,BANK BNI,REI,tapak,JAMBI,KAB BUNGO,Bungo Dani,Talang Pantai,L,SWASTA,3.000.000,PT PERMATA REAL ESTATE,PERMATA SEI KERJAN,36,144,150.500.000,180,5%,107.250.000,"29 November, 2022","1 December, 2022"
1330443,2022,2022,BANK BNI,REI,tapak,JAMBI,KAB BUNGO,Bungo Dani,Sungai Kerjan,L,SWASTA,4.374.663,PT BERKAH CIPTA PERKASA,AZIZIYAH RESIDENCE,36,167,150.500.000,240,5%,107.250.000,"30 November, 2022","1 December, 2022"
1330450,2022,2022,BANK BNI,REI,tapak,JAMBI,KAB BUNGO,Bungo Dani,Talang Pantai,P,SWASTA,4.293.333,PT PERMATA REAL ESTATE,PERMATA SEI KERJAN,36,150,150.500.000,180,5%,107.250.000,"29 November, 2022","1 December, 2022"
1330885,2022,2022,BANK BTN,APERSI,tapak,JAMBI,KAB BUNGO,Rimbo Tengah,Sungai Mengkuang,P,SWASTA,5.860.000,PT SINAR PENYELAMAT UMAT,AL KAUTSAR RESIDENCE 6,36,104,150.500.000,240,5%,108.675.000,"30 November, 2022","1 December, 2022"
1331588,2022,2022,BANK BTN,APERSI,tapak,JAMBI,KAB BUNGO,Rimbo Tengah,Sungai Mengkuang,L,SWASTA,4.000.000,PT SINAR PENYELAMAT UMAT,AL KAUTSAR RESIDENCE 6,36,104,150.500.000,240,5%,105.746.250,"30 November, 2022","2 December, 2022"
1331653,2022,2022,BANK BTN,APERSI,tapak,JAMBI,KAB BUNGO,Bathin III,Manggis,L,SWASTA,3.900.000,PT MITRA SENTOSA MANDIRI,SENTOSA RESIDENCE,36,108,150.500.000,180,5%,107.231.250,"30 November, 2022","2 December, 2022"
1331743,2022,2022,BANK BTN,REI,tapak,JAMBI,KAB BUNGO,Bathin III,Manggis,L,PNS,3.564.261,PT CIPTA JAYA EWISA,BUNGO CIPTA GRAHA 5,36,108,150.500.000,240,5%,107.231.250,"30 November, 2022","2 December, 2022"
1337313,2022,2022,BANK BTN,REI,tapak,JAMBI,KAB BUNGO,Rimbo Tengah,Sungai Mengkuang,P,SWASTA,2.910.000,PT KHOVIZ LANSKAP PROPERTI,PESSONA BUNGO RESIDENCE,36,120,150.500.000,240,5%,106.875.000,"1 December, 2022","4 December, 2022"
1341185,2022,2022,BANK BTN,APERSI,tapak,JAMBI,KAB BUNGO,Bathin III,Sungai Binjai,L,SWASTA,3.400.000,PT MITRA SENTOSA MANDIRI,VILLA ADEVA SENTOSA,36,120,150.000.000,204,5%,106.875.000,"5 December, 2022","7 December, 2022"
1341560,2022,2022,BANK BTN,REI,tapak,JAMBI,KAB BUNGO,Rimbo Tengah,Sungai Mengkuang,P,SWASTA,6.000.000,PT KHOVIZ LANSKAP PROPERTI,PESSONA BUNGO RESIDENCE,36,120,150.500.000,204,5%,107.231.250,"6 December, 2022","7 December, 2022"
1341561,2022,2022,BANK BTN,REI,tapak,JAMBI,KAB BUNGO,Rimbo Tengah,Sungai Mengkuang,L,SWASTA,4.000.000,PT KHOVIZ LANSKAP PROPERTI,PESSONA BUNGO RESIDENCE,36,108,150.500.000,240,5%,107.231.250,"6 December, 2022","7 December, 2022"
1341749,2022,2022,BANK BTN,APERSI,tapak,JAMBI,KAB BUNGO,Rimbo Tengah,Sungai Mengkuang,L,SWASTA,4.400.000,PT SINAR PENYELAMAT UMAT,AL KAUTSAR RESIDENCE 6,36,104,150.500.000,180,5%,107.775.000,"5 December, 2022","7 December, 2022"
1344239,2022,2022,BANK BTN,APERSI,tapak,JAMBI,KAB BUNGO,Rimbo Tengah,Sungai Mengkuang,L,SWASTA,4.000.000,PT SINAR PENYELAMAT UMAT,AL KAUTSAR RESIDENCE 6,36,104,150.500.000,204,5%,108.746.250,"7 December, 2022","8 December, 2022"
1344241,2022,2022,BANK BTN,APERSI,tapak,JAMBI,KAB BUNGO,Rimbo Tengah,Sungai Mengkuang,L,SWASTA,3.700.000,PT SINAR PENYELAMAT UMAT,AL KAUTSAR RESIDENCE 6,36,104,150.500.000,204,5%,108.746.250,"7 December, 2022","8 December, 2022"
1344243,2022,2022,BANK BTN,APERSI,tapak,JAMBI,KAB BUNGO,Rimbo Tengah,Sungai Mengkuang,L,SWASTA,5.000.000,PT SINAR PENYELAMAT UMAT,AL KAUTSAR RESIDENCE 6,36,104,150.500.000,240,5%,108.746.250,"7 December, 2022","8 December, 2022"
1344244,2022,2022,BANK BTN,REI,tapak,JAMBI,KAB BUNGO,Bathin III,Manggis,L,SWASTA,4.775.000,PT Wijoyo Oridina Properti,BUNGO CITY RESIDENCE 2,36,98,150.000.000,240,5%,106.875.000,"6 December, 2022","8 December, 2022"
1344245,2022,2022,BANK BTN,APERSI,tapak,JAMBI,KAB BUNGO,Rimbo Tengah,Sungai Mengkuang,L,SWASTA,5.800.000,PT SINAR PENYELAMAT UMAT,AL KAUTSAR RESIDENCE 6,36,104,150.500.000,204,5%,108.746.250,"7 December, 2022","8 December, 2022"
1344358,2022,2022,BANK BTN,APERSI,tapak,JAMBI,KAB BUNGO,Rimbo Tengah,Sungai Mengkuang,P,SWASTA,3.700.000,PT SINAR PENYELAMAT UMAT,AL KAUTSAR RESIDENCE 6,36,104,150.500.000,240,5%,108.746.250,"7 December, 2022","8 December, 2022"
1349605,2022,2022,BANK BTN,APERSI,tapak,JAMBI,KAB BUNGO,Rimbo Tengah,Sungai Mengkuang,L,SWASTA,5.600.000,PT SINAR PENYELAMAT UMAT,AL KAUTSAR RESIDENCE 6,36,104,150.500.000,180,5%,108.675.000,"8 December, 2022","9 December, 2022"
1349816,2022,2022,BANK BTN,APERSI,tapak,JAMBI,KAB BUNGO,Rimbo Tengah,Sungai Mengkuang,L,SWASTA,4.847.775,PT SINAR PENYELAMAT UMAT,AL KAUTSAR RESIDENCE 6,36,104,150.500.000,204,5%,108.375.000,"8 December, 2022","9 December, 2022"
1349891,2022,2022,BANK BTN,APERSI,tapak,JAMBI,KAB BUNGO,Rimbo Tengah,Sungai Mengkuang,P,SWASTA,4.000.000,PT SINAR PENYELAMAT UMAT,AL KAUTSAR RESIDENCE 6,36,104,150.500.000,204,5%,108.746.250,"8 December, 2022","9 December, 2022"
1351589,2022,2022,BANK BNI,REI,tapak,JAMBI,KAB BUNGO,Bungo Dani,Sungai Kerjan,P,SWASTA,3.000.000,PT BERKAH CIPTA PERKASA,AZIZIYAH RESIDENCE,36,96,150.500.000,180,5%,107.250.000,"12 December, 2022","14 December, 2022"
1351590,2022,2022,BANK BNI,APERSI,tapak,JAMBI,KAB BUNGO,Rimbo Tengah,Sungai Mengkuang,L,SWASTA,3.862.324,PT SINAR PENYELAMAT UMAT,AL KAUTSAR RESIDENCE 6,36,104,150.500.000,240,5%,108.375.000,"12 December, 2022","14 December, 2022"
1353693,2022,2022,BANK BTN,REI,tapak,JAMBI,KAB BUNGO,Bathin III,Manggis,P,SWASTA,3.966.666,PT CIPTA JAYA EWISA,BUNGO CIPTA GRAHA 5,36,108,150.500.000,240,5%,107.231.250,"9 December, 2022","14 December, 2022"
1353694,2022,2022,BANK BTN,REI,tapak,JAMBI,KAB BUNGO,Bathin III,Manggis,L,SWASTA,7.200.000,PT CIPTA JAYA EWISA,BUNGO CIPTA GRAHA 5,36,108,150.500.000,240,5%,107.231.250,"9 December, 2022","14 December, 2022"
1354573,2022,2022,BANK BTN,APERSI,tapak,JAMBI,KAB BUNGO,Bathin III,Manggis,P,SWASTA,4.250.000,PT MITRA SENTOSA MANDIRI,SENTOSA RESIDENCE,36,108,150.500.000,204,5%,107.231.250,"9 December, 2022","14 December, 2022"
1354574,2022,2022,BANK BTN,APERSI,tapak,JAMBI,KAB BUNGO,Bathin III,Manggis,P,SWASTA,3.500.000,PT MITRA SENTOSA MANDIRI,SENTOSA RESIDENCE,36,108,150.500.000,240,5%,107.231.250,"9 December, 2022","14 December, 2022"
1354622,2022,2022,BANK BTN,REI,tapak,JAMBI,KAB BUNGO,Bungo Dani,Talang Pantai,L,SWASTA,4.704.563,PT ANUGERAH REZEKI BERSAUDARA MADANI,BUNGO DANI RESIDENCE 3,36,146,150.500.000,180,5%,107.231.250,"9 December, 2022","14 December, 2022"
1355500,2022,2022,BANK BTN,APERSI,tapak,JAMBI,KAB BUNGO,Bathin III,Manggis,L,SWASTA,5.000.000,PT MITRA SENTOSA MANDIRI,SENTOSA RESIDENCE,36,108,150.500.000,180,5%,107.231.250,"9 December, 2022","15 December, 2022"
1355523,2022,2022,BANK BTN,APERSI,tapak,JAMBI,KAB BUNGO,Bathin III,Manggis,L,SWASTA,4.700.000,PT LIDYA JAYA ABADI,BUNGO GRIYA ABADI,36,108,150.500.000,240,5%,107.231.250,"9 December, 2022","15 December, 2022"
1356082,2022,2022,BANK BTN,REI,tapak,JAMBI,KAB BUNGO,Bathin III,Manggis,P,SWASTA,6.742.569,PT Wijoyo Oridina Properti,BUNGO CITY RESIDENCE,36,84,150.000.000,120,5%,108.375.000,"9 December, 2022","15 December, 2022"
1356084,2022,2022,BANK BTN,REI,tapak,JAMBI,KAB BUNGO,Bathin III,Manggis,L,SWASTA,7.057.273,PT Wijoyo Oridina Properti,BUNGO CITY RESIDENCE,36,84,150.000.000,240,5%,108.375.000,"9 December, 2022","15 December, 2022"
1357425,2022,2022,BANK BTN,REI,tapak,JAMBI,KAB BUNGO,Bathin III,Manggis,P,SWASTA,4.600.000,PT CIPTA JAYA EWISA,BUNGO CIPTA GRAHA 5,36,108,150.500.000,240,5%,107.231.250,"14 December, 2022","15 December, 2022"
1357464,2022,2022,BANK BTN,REI,tapak,JAMBI,KAB BUNGO,Bungo Dani,Talang Pantai,L,SWASTA,3.250.000,PT ANUGERAH REZEKI BERSAUDARA MADANI,BUNGO DANI RESIDENCE 3,36,157,150.500.000,240,5%,107.231.250,"14 December, 2022","15 December, 2022"
1358797,2022,2022,BANK BTN,REI,tapak,JAMBI,KAB BUNGO,Rimbo Tengah,Cadika,L,SWASTA,3.618.730,PT CANDIKA KAPITAL PROPERTINDO,CANDIKA ASRI,36,121,150.000.000,240,5%,91.875.000,"14 December, 2022","16 December, 2022"
1359054,2022,2022,BANK BTN,APERSI,tapak,JAMBI,KAB BUNGO,Bathin III,Sungai Binjai,L,SWASTA,4.899.499,PT MITRA SENTOSA MANDIRI,VILLA ADEVA SENTOSA,36,120,150.000.000,180,5%,106.875.000,"15 December, 2022","16 December, 2022"
1359059,2022,2022,BANK BTN,APERSI,tapak,JAMBI,KAB BUNGO,Bathin III,Sungai Binjai,P,SWASTA,3.624.815,PT MITRA SENTOSA MANDIRI,VILLA ADEVA SENTOSA,36,120,150.000.000,204,5%,106.875.000,"15 December, 2022","16 December, 2022"
1359063,2022,2022,BANK BTN,APERSI,tapak,JAMBI,KAB BUNGO,Bathin III,Sungai Binjai,P,SWASTA,3.500.000,PT MITRA SENTOSA MANDIRI,VILLA ADEVA SENTOSA,36,120,150.000.000,204,5%,106.875.000,"15 December, 2022","16 December, 2022"
1359125,2022,2022,BANK BTN,APERSI,tapak,JAMBI,KAB BUNGO,Bathin III,Manggis,P,SWASTA,4.500.000,PT MITRA SENTOSA MANDIRI,SENTOSA RESIDENCE,36,108,150.500.000,240,5%,106.875.000,"15 December, 2022","16 December, 2022"
1359133,2022,2022,BANK BTN,APERSI,tapak,JAMBI,KAB BUNGO,Bathin III,Manggis,L,SWASTA,3.900.000,PT MITRA SENTOSA MANDIRI,SENTOSA RESIDENCE,36,108,150.500.000,240,5%,107.231.250,"15 December, 2022","16 December, 2022"
1359137,2022,2022,BANK BTN,APERSI,tapak,JAMBI,KAB BUNGO,Bathin III,Manggis,L,SWASTA,5.090.000,PT MITRA SENTOSA MANDIRI,SENTOSA RESIDENCE,36,108,150.500.000,240,5%,107.231.250,"15 December, 2022","16 December, 2022"
1359397,2022,2022,BANK BTN,REI,tapak,JAMBI,KAB BUNGO,Bathin III,Manggis,L,TNI/POLRI,6.740.900,PT CIPTA JAYA EWISA,BUNGO CIPTA GRAHA 5,36,108,150.500.000,180,5%,107.231.250,"14 December, 2022","17 December, 2022"
1359399,2022,2022,BANK BTN,REI,tapak,JAMBI,KAB BUNGO,Bathin III,Manggis,P,SWASTA,4.220.000,PT CIPTA JAYA EWISA,BUNGO CIPTA GRAHA 5,36,108,150.500.000,204,5%,107.231.250,"14 December, 2022","17 December, 2022"
1359465,2022,2022,BANK BTN,APERSI,tapak,JAMBI,KAB BUNGO,Bathin III,Sungai Binjai,L,SWASTA,3.600.000,PT MITRA SENTOSA MANDIRI,VILLA ADEVA SENTOSA,36,120,150.000.000,240,5%,106.875.000,"15 December, 2022","17 December, 2022"
1359675,2022,2022,BANK BTN,APERSI,tapak,JAMBI,KAB BUNGO,Bathin III,Sungai Binjai,L,SWASTA,4.300.000,PT MITRA SENTOSA MANDIRI,VILLA ADEVA SENTOSA,36,120,150.000.000,240,5%,106.875.000,"15 December, 2022","17 December, 2022"
1359762,2022,2022,BANK BTN,APERSI,tapak,JAMBI,KAB BUNGO,Bathin III,Manggis,L,SWASTA,5.000.000,PT LIDYA JAYA ABADI,BUNGO GRIYA ABADI,36,108,150.500.000,240,5%,107.231.250,"15 December, 2022","17 December, 2022"
1360324,2022,2022,BANK BTN,APERSI,tapak,JAMBI,KAB BUNGO,Bathin III,Sungai Binjai,L,TNI/POLRI,4.724.000,PT MITRA SENTOSA MANDIRI,VILLA ADEVA SENTOSA,36,120,150.000.000,204,5%,106.875.000,"15 December, 2022","17 December, 2022"
1360415,2022,2022,BANK BTN,REI,tapak,JAMBI,KAB BUNGO,Bathin III,Bungo Taman Agung,P,SWASTA,3.250.000,PT BUNGO GRAHA INDAH,GRAHA NUSA INDAH,36,108,150.000.000,240,5%,106.875.000,"15 December, 2022","17 December, 2022"
1360611,2022,2022,BANK BTN,APERSI,tapak,JAMBI,KAB BUNGO,Rimbo Tengah,Sungai Mengkuang,L,SWASTA,5.046.131,PT SINAR PENYELAMAT UMAT,AL KAUTSAR RESIDENCE 6,36,104,150.500.000,204,5%,107.231.250,"15 December, 2022","17 December, 2022"
1360818,2022,2022,BANK BTN,APERSI,tapak,JAMBI,KAB BUNGO,Bathin III,Manggis,L,SWASTA,3.500.000,PT MITRA SENTOSA MANDIRI,SENTOSA RESIDENCE,36,108,150.500.000,240,5%,107.231.250,"16 December, 2022","17 December, 2022"
1361494,2022,2022,BANK BTN,APERSI,tapak,JAMBI,KAB BUNGO,Bathin III,Sungai Binjai,P,SWASTA,3.600.000,PT MITRA SENTOSA MANDIRI,VILLA ADEVA SENTOSA,36,120,150.000.000,204,5%,106.875.000,"15 December, 2022","18 December, 2022"
1361495,2022,2022,BANK BTN,APERSI,tapak,JAMBI,KAB BUNGO,Bathin III,Sungai Binjai,P,SWASTA,3.500.000,PT MITRA SENTOSA MANDIRI,VILLA ADEVA SENTOSA,36,120,150.000.000,180,5%,106.875.000,"15 December, 2022","18 December, 2022"
1361706,2022,2022,BANK BTN,APERSI,tapak,JAMBI,KAB BUNGO,Bathin III,Sungai Binjai,P,SWASTA,4.700.000,PT MITRA SENTOSA MANDIRI,VILLA ADEVA SENTOSA,36,120,150.000.000,192,5%,106.875.000,"15 December, 2022","18 December, 2022"
1361826,2022,2022,BANK BTN,APERSI,tapak,JAMBI,KAB BUNGO,Rimbo Tengah,Sungai Mengkuang,P,SWASTA,7.275.000,PT SINAR PENYELAMAT UMAT,AL KAUTSAR RESIDENCE 6,36,104,150.500.000,120,5%,108.746.250,"15 December, 2022","18 December, 2022"
1362054,2022,2022,BANK BTN,APERSI,tapak,JAMBI,KAB BUNGO,Rimbo Tengah,Sungai Mengkuang,L,SWASTA,4.456.179,PT SINAR PENYELAMAT UMAT,AL KAUTSAR RESIDENCE 6,36,104,150.500.000,180,5%,108.746.250,"16 December, 2022","18 December, 2022"
1362144,2022,2022,BANK BTN,REI,tapak,JAMBI,KAB BUNGO,Rimbo Tengah,Sungai Mengkuang,L,SWASTA,3.800.000,PT CAHAYA BINTANG FENDRA,BARCELONA,36,72,150.500.000,240,5%,96.525.000,"16 December, 2022","18 December, 2022"
1367501,2022,2022,BANK BTN,REI,tapak,JAMBI,KAB BUNGO,Rimbo Tengah,Sungai Mengkuang,P,PNS,3.621.000,PT CAHAYA BINTANG FENDRA,BARCELONA,36,96,150.500.000,240,5%,96.000.000,"21 December, 2022","21 December, 2022"
1367817,2022,2022,BANK BTN,APERSI,tapak,JAMBI,KAB BUNGO,Rimbo Tengah,Sungai Mengkuang,L,SWASTA,3.900.000,PT SINAR PENYELAMAT UMAT,AL KAUTSAR RESIDENCE 6,36,104,150.500.000,180,5%,107.231.250,"21 December, 2022","22 December, 2022"
1367820,2022,2022,BANK BTN,APERSI,tapak,JAMBI,KAB BUNGO,Rimbo Tengah,Sungai Mengkuang,L,SWASTA,6.689.000,PT SINAR PENYELAMAT UMAT,AL KAUTSAR RESIDENCE 6,36,104,150.500.000,180,5%,108.675.000,"21 December, 2022","22 December, 2022"
1368313,2022,2022,BANK BTN,APERSI,tapak,JAMBI,KAB BUNGO,Bathin III,Manggis,P,SWASTA,3.000.000,PT LIDYA JAYA ABADI,BUNGO GRIYA ABADI,36,108,150.500.000,240,5%,106.500.000,"21 December, 2022","22 December, 2022"
1368360,2022,2022,BANK BTN,APERSI,tapak,JAMBI,KAB BUNGO,Rimbo Tengah,Sungai Mengkuang,L,SWASTA,4.900.000,PT SINAR PENYELAMAT UMAT,AL KAUTSAR RESIDENCE 6,36,104,150.500.000,204,5%,108.375.000,"21 December, 2022","22 December, 2022"
1422966,2023,2023,BANK JAMBI,APERSI,tapak,JAMBI,KAB BUNGO,Bathin III,Sungai Binjai,P,SWASTA,3.000.000,PT CHYNTA AZZUHRA SEJAHTERA,SKB RESIDENCE,36,108,150.500.000,120,5%,105.375.000,"9 February, 2023","1 March, 2023"
1422967,2023,2023,BANK JAMBI,APERSI,tapak,JAMBI,KAB BUNGO,Bathin III,Sungai Binjai,L,SWASTA,2.698.940,PT CHYNTA AZZUHRA SEJAHTERA,SKB RESIDENCE,36,102,150.500.000,180,5%,107.231.250,"9 February, 2023","1 March, 2023"
1423009,2023,2023,BANK JAMBI,APERSI,tapak,JAMBI,KAB BUNGO,Bathin III,Sungai Binjai,L,SWASTA,2.698.941,PT CHYNTA AZZUHRA SEJAHTERA,SKB RESIDENCE,36,122,150.500.000,192,5%,107.231.250,"14 February, 2023","1 March, 2023"
1423010,2023,2023,BANK JAMBI,APERSI,tapak,JAMBI,KAB BUNGO,Bathin III,Sungai Binjai,P,SWASTA,3.000.000,PT CHYNTA AZZUHRA SEJAHTERA,SKB RESIDENCE,36,108,150.500.000,120,5%,101.625.000,"14 February, 2023","1 March, 2023"
1423012,2023,2023,BANK JAMBI,APERSI,tapak,JAMBI,KAB BUNGO,Bathin III,Sungai Binjai,P,WIRASWASTA,7.990.630,PT CHYNTA AZZUHRA SEJAHTERA,SKB RESIDENCE,36,108,150.500.000,180,5%,107.231.250,"14 February, 2023","1 March, 2023"
1424009,2023,2023,BANK BRI,REI,tapak,JAMBI,KAB BUNGO,Rimbo Tengah,Sungai Mengkuang,P,LAINNYA,6.000.000,PT CAHAYA BINTANG FENDRA,BARCELONA,36,71,150.500.000,180,5%,107.231.250,"17 February, 2023","1 March, 2023"
1424129,2023,2023,BANK BRI,REI,tapak,JAMBI,KAB BUNGO,Rimbo Tengah,Sungai Mengkuang,P,WIRASWASTA,8.000.000,PT CAHAYA BINTANG FENDRA,BARCELONA,36,69,150.500.000,180,5%,107.231.250,"17 February, 2023","1 March, 2023"
1429677,2023,2023,BANK BNI,REI,tapak,JAMBI,KAB BUNGO,Bungo Dani,Sungai Kerjan,L,SWASTA,5.250.733,PT BERKAH CIPTA PERKASA,AZIZIYAH RESIDENCE,36,144,150.500.000,180,5%,107.250.000,"20 January, 2023","27 February, 2023"
1429689,2023,2023,BANK BNI,REI,tapak,JAMBI,KAB BUNGO,Bungo Dani,Sungai Kerjan,L,SWASTA,3.699.918,PT BERKAH CIPTA PERKASA,AZIZIYAH RESIDENCE,36,136,150.500.000,180,5%,107.250.000,"25 January, 2023","27 February, 2023"
1429698,2023,2023,BANK BNI,REI,tapak,JAMBI,KAB BUNGO,Bungo Dani,Talang Pantai,L,SWASTA,3.295.217,PT PERMATA REAL ESTATE,PERMATA SEI KERJAN,36,165,150.500.000,180,5%,107.250.000,"26 January, 2023","27 February, 2023"
1429714,2023,2023,BANK BNI,REI,tapak,JAMBI,KAB BUNGO,Bathin III,Sungai Binjai,P,SWASTA,3.272.221,PT KHAIRUNNISA BUNGO DEMPO,DEMPO RESIDENCE 2,36,108,140.000.000,240,5%,99.750.000,"30 January, 2023","27 February, 2023"
1429728,2023,2023,BANK BNI,REI,tapak,JAMBI,KAB BUNGO,Bungo Dani,Talang Pantai,L,SWASTA,5.237.110,PT PERMATA REAL ESTATE,PERMATA SEI KERJAN,36,120,150.500.000,180,5%,107.250.000,"2 February, 2023","27 February, 2023"
1429730,2023,2023,BANK BNI,REI,tapak,JAMBI,KAB BUNGO,Bungo Dani,Sungai Kerjan,L,SWASTA,2.692.917,PT BERKAH CIPTA PERKASA,AZIZIYAH RESIDENCE,36,96,150.500.000,240,5%,107.250.000,"6 February, 2023","27 February, 2023"
1429736,2023,2023,BANK BNI,REI,tapak,JAMBI,KAB BUNGO,Bungo Dani,Talang Pantai,P,SWASTA,2.502.625,PT PERMATA REAL ESTATE,PERMATA SEI KERJAN,36,120,150.500.000,180,5%,107.250.000,"7 February, 2023","27 February, 2023"
1429745,2023,2023,BANK BNI,REI,tapak,JAMBI,KAB BUNGO,Bathin III,Sungai Binjai,P,SWASTA,3.546.667,PT KHAIRUNNISA BUNGO DEMPO,DEMPO RESIDENCE 2,36,108,140.000.000,240,5%,99.750.000,"9 February, 2023","27 February, 2023"
1429747,2023,2023,BANK BNI,REI,tapak,JAMBI,KAB BUNGO,Bungo Dani,Talang Pantai,L,SWASTA,3.000.000,PT PERMATA REAL ESTATE,PERMATA SEI KERJAN,36,144,150.500.000,180,5%,107.250.000,"14 February, 2023","27 February, 2023"
1429748,2023,2023,BANK BNI,REI,tapak,JAMBI,KAB BUNGO,Bungo Dani,Sungai Kerjan,L,SWASTA,4.093.000,PT BERKAH CIPTA PERKASA,AZIZIYAH RESIDENCE,36,131,150.500.000,180,5%,107.250.000,"14 February, 2023","27 February, 2023"
1429755,2023,2023,BANK BNI,REI,tapak,JAMBI,KAB BUNGO,Rimbo Tengah,Sungai Mengkuang,L,SWASTA,3.722.000,PT BERKAH CIPTA PERKASA,AL MADINAH 2,36,108,150.500.000,240,5%,107.250.000,"15 February, 2023","27 February, 2023"
1429767,2023,2023,BANK BNI,REI,tapak,JAMBI,KAB BUNGO,Bungo Dani,Sungai Kerjan,L,SWASTA,2.646.010,PT BERKAH CIPTA PERKASA,AZIZIYAH RESIDENCE,36,96,150.500.000,240,5%,107.250.000,"17 February, 2023","27 February, 2023"
1429976,2023,2023,BANK BNI,REI,tapak,JAMBI,KAB BUNGO,Bathin III,Sungai Binjai,L,WIRASWASTA,6.212.167,PT KHAIRUNNISA BUNGO DEMPO,DEMPO RESIDENCE 2,36,108,140.000.000,240,5%,99.750.000,"16 February, 2023","27 February, 2023"
1441934,2023,2023,BANK BTN,APERSI,tapak,JAMBI,KAB BUNGO,Bathin III,Manggis,P,SWASTA,3.500.000,PT MITRA SENTOSA MANDIRI,SENTOSA RESIDENCE,36,108,150.500.000,180,5%,107.231.250,"16 January, 2023","27 February, 2023"
1441951,2023,2023,BANK BTN,APERSI,tapak,JAMBI,KAB BUNGO,Bathin III,Manggis,P,SWASTA,7.983.034,PT MITRA SENTOSA MANDIRI,SENTOSA RESIDENCE,36,108,150.500.000,156,5%,107.231.250,"16 January, 2023","27 February, 2023"
1442313,2023,2023,BANK MANDIRI,APERSI,tapak,JAMBI,KAB BUNGO,Rimbo Tengah,Sungai Mengkuang,L,SWASTA,4.000.000,PT SINAR PENYELAMAT UMAT,AL KAUTSAR RESIDENCE 6,36,104,150.500.000,180,5%,107.231.250,"9 January, 2023","28 February, 2023"
1442331,2023,2023,BANK MANDIRI,REI,tapak,JAMBI,KAB BUNGO,Batin II Babeko,Tanjung Menanti,L,SWASTA,4.000.000,"PT PETRA CIPTA UTAMA, PT",GREEN PETRA 2,36,108,150.500.000,180,5%,107.231.250,"31 January, 2023","28 February, 2023"
1443898,2023,2023,BANK BTN,APERSI,tapak,JAMBI,KAB BUNGO,Bathin III,Manggis,L,SWASTA,3.500.000,PT MITRA SENTOSA MANDIRI,SENTOSA RESIDENCE,36,108,150.500.000,204,5%,106.875.000,"20 January, 2023","28 February, 2023"
1444010,2023,2023,BANK BTN,APERSI,tapak,JAMBI,KAB BUNGO,Bathin III,Manggis,P,SWASTA,3.000.000,PT MITRA SENTOSA MANDIRI,SENTOSA RESIDENCE,36,108,150.500.000,240,5%,107.231.250,"26 January, 2023","28 February, 2023"
1444291,2023,2023,BANK BTN,REI,tapak,JAMBI,KAB BUNGO,Bungo Dani,Talang Pantai,L,WIRASWASTA,4.000.000,PT ANUGERAH REZEKI BERSAUDARA MADANI,BUNGO DANI RESIDENCE 3,36,146,150.500.000,180,5%,107.231.250,"25 January, 2023","28 February, 2023"
1444313,2023,2023,BANK BTN,REI,tapak,JAMBI,KAB BUNGO,Batin II Babeko,Tanjung Menanti,P,PNS,3.831.000,PT PETRA CIPTA UTAMA,GREEN PETRA 2,36,108,150.500.000,180,5%,107.231.250,"26 January, 2023","28 February, 2023"
1445231,2023,2023,BANK BTN,REI,tapak,JAMBI,KAB BUNGO,Rimbo Tengah,Cadika,P,SWASTA,4.707.000,PT CANDIKA KAPITAL PROPERTINDO,CANDIKA ASRI,36,107,150.000.000,144,5%,101.250.000,"27 January, 2023","28 February, 2023"
1447730,2023,2023,BANK BTN,REI,tapak,JAMBI,KAB BUNGO,Bathin III,Manggis,L,SWASTA,7.157.781,PT CIPTA JAYA EWISA,BUNGO CIPTA GRAHA 5,36,108,150.500.000,240,5%,107.231.250,"31 January, 2023","28 February, 2023"
1448198,2023,2023,BANK BTN,REI,tapak,JAMBI,KAB BUNGO,Bathin III,Bungo Taman Agung,L,SWASTA,3.905.667,PT BUNGO GRAHA INDAH,GRAHA NUSA INDAH,36,108,150.000.000,180,5%,106.875.000,"30 January, 2023","28 February, 2023"
1448200,2023,2023,BANK BTN,REI,tapak,JAMBI,KAB BUNGO,Bathin III,Bungo Taman Agung,L,WIRASWASTA,6.900.000,PT BUNGO GRAHA INDAH,GRAHA NUSA INDAH,36,108,150.000.000,120,5%,106.875.000,"30 January, 2023","28 February, 2023"
1448227,2023,2023,BANK BTN,APERSI,tapak,JAMBI,KAB BUNGO,Bathin III,Manggis,P,SWASTA,3.200.000,PT LIDYA JAYA ABADI,BUNGO GRIYA ABADI,36,108,150.500.000,204,5%,106.500.000,"31 January, 2023","28 February, 2023"
1448307,2023,2023,BANK BTN,REI,tapak,JAMBI,KAB BUNGO,Rimbo Tengah,Pasir Putih,P,SWASTA,3.000.000,PT MITRA HARAPAN KENTJANA,GRAHA BUNGO KENTJANA,36,84,150.500.000,240,5%,107.231.250,"10 February, 2023","28 February, 2023"
1448375,2023,2023,BANK BTN,REI,tapak,JAMBI,KAB BUNGO,Bathin III,Manggis,L,SWASTA,5.978.859,PT CIPTA JAYA EWISA,BUNGO CIPTA GRAHA 5,36,108,150.500.000,120,5%,107.231.250,"31 January, 2023","28 February, 2023"
1448754,2023,2023,BANK BTN,APERSI,tapak,JAMBI,KAB BUNGO,Bathin III,Bungo Taman Agung,L,SWASTA,2.900.000,PT JAYA BAKTI PERMATA SARI,PURWOBAKTI INDAH DUO,36,120,150.500.000,240,5%,106.875.000,"1 February, 2023","28 February, 2023"
1449674,2023,2023,BANK BNI,APERSI,tapak,JAMBI,KAB BUNGO,Rimbo Tengah,Sungai Mengkuang,L,SWASTA,3.852.023,PT SINAR PENYELAMAT UMAT,AL KAUTSAR RESIDENCE 6,36,114,150.500.000,180,5%,108.375.000,"22 February, 2023","28 February, 2023"
1449675,2023,2023,BANK BNI,REI,tapak,JAMBI,KAB BUNGO,Bungo Dani,Sungai Kerjan,P,SWASTA,3.673.698,PT BERKAH CIPTA PERKASA,AZIZIYAH RESIDENCE,36,157,150.500.000,180,5%,107.250.000,"22 February, 2023","28 February, 2023"
1449680,2023,2023,BANK BNI,APERSI,tapak,JAMBI,KAB BUNGO,Rimbo Tengah,Sungai Mengkuang,P,SWASTA,3.182.080,PT SINAR PENYELAMAT UMAT,AL KAUTSAR RESIDENCE 6,36,104,150.500.000,180,5%,108.375.000,"24 February, 2023","28 February, 2023"
1449681,2023,2023,BANK BNI,APERSI,tapak,JAMBI,KAB BUNGO,Bathin III,Manggis,P,SWASTA,3.176.978,PT MITRA SENTOSA MANDIRI,SENTOSA RESIDENCE,36,108,150.500.000,240,5%,107.250.000,"24 February, 2023","28 February, 2023"
1452835,2023,2023,BANK BTN,REI,tapak,JAMBI,KAB BUNGO,Batin II Babeko,Tanjung Menanti,L,SWASTA,5.680.000,PT PETRA CIPTA UTAMA,GREEN PETRA 2,36,108,150.500.000,240,5%,106.875.000,"14 February, 2023","28 February, 2023"
1452936,2023,2023,BANK BTN,REI,tapak,JAMBI,KAB BUNGO,Bungo Dani,Talang Pantai,P,SWASTA,4.000.000,PT ANUGERAH REZEKI BERSAUDARA MADANI,BUNGO DANI RESIDENCE 3,36,156,150.500.000,240,5%,107.231.250,"14 February, 2023","28 February, 2023"
1455391,2023,2023,BANK BTN,REI,tapak,JAMBI,KAB BUNGO,Bathin III,Manggis,L,SWASTA,5.973.861,PT Wijoyo Oridina Properti,BUNGO CITY RESIDENCE III,36,84,125.000.000,156,5%,89.625.000,"6 February, 2023","28 February, 2023"
1456145,2023,2023,BANK BTN,REI,tapak,JAMBI,KAB BUNGO,Bungo Dani,Talang Pantai,P,WIRASWASTA,4.000.000,PT ANUGERAH REZEKI BERSAUDARA MADANI,BUNGO DANI RESIDENCE 3,36,141,150.500.000,180,5%,104.231.250,"8 February, 2023","28 February, 2023"
1456146,2023,2023,BANK BTN,APERSI,tapak,JAMBI,KAB BUNGO,Bathin III,Manggis,P,SWASTA,3.200.000,PT MITRA SENTOSA MANDIRI,SENTOSA RESIDENCE,36,108,150.500.000,240,5%,107.231.250,"8 February, 2023","28 February, 2023"
1456147,2023,2023,BANK BTN,APERSI,tapak,JAMBI,KAB BUNGO,Bathin III,Manggis,L,SWASTA,3.500.000,PT MITRA SENTOSA MANDIRI,SENTOSA RESIDENCE,36,108,150.500.000,240,5%,107.231.250,"8 February, 2023","28 February, 2023"
1458386,2023,2023,BANK BTN,REI,tapak,JAMBI,KAB BUNGO,Bathin III,Bungo Taman Agung,L,WIRASWASTA,7.050.000,PT BUNGO GRAHA INDAH,GRAHA NUSA INDAH,36,108,150.000.000,156,5%,106.875.000,"9 February, 2023","28 February, 2023"
1458387,2023,2023,BANK BTN,REI,tapak,JAMBI,KAB BUNGO,Bathin III,Bungo Taman Agung,L,WIRASWASTA,7.050.000,PT BUNGO GRAHA INDAH,GRAHA NUSA INDAH,36,108,150.000.000,180,5%,106.875.000,"9 February, 2023","28 February, 2023"
1458392,2023,2023,BANK BTN,REI,tapak,JAMBI,KAB BUNGO,Rimbo Tengah,Sungai Mengkuang,P,SWASTA,3.000.000,PT KHOVIZ LANSKAP PROPERTI,PESSONA BUNGO RESIDENCE,36,108,150.500.000,240,5%,107.175.000,"9 February, 2023","28 February, 2023"
1458425,2023,2023,BANK BTN,REI,tapak,JAMBI,KAB BUNGO,Rimbo Tengah,Sungai Mengkuang,P,SWASTA,4.500.000,PT KHOVIZ LANSKAP PROPERTI,PESSONA BUNGO RESIDENCE,36,108,150.500.000,240,5%,107.231.250,"9 February, 2023","28 February, 2023"
1458898,2023,2023,BANK BTN,REI,tapak,JAMBI,KAB BUNGO,Rimbo Tengah,Sungai Mengkuang,L,SWASTA,3.000.000,PT KHOVIZ LANSKAP PROPERTI,PESSONA BUNGO RESIDENCE,36,120,150.500.000,240,5%,107.231.250,"10 February, 2023","28 February, 2023"
1460162,2023,2023,BANK BTN,REI,tapak,JAMBI,KAB BUNGO,Rimbo Tengah,Sungai Mengkuang,P,SWASTA,3.664.915,PT CAHAYA BINTANG FENDRA,BARCELONA,36,72,150.500.000,240,5%,99.675.000,"15 February, 2023","28 February, 2023"
1462045,2023,2023,BANK BTN,REI,tapak,JAMBI,KAB BUNGO,Bathin III,Manggis,P,SWASTA,3.250.000,PT CIPTA JAYA EWISA,BUNGO CIPTA GRAHA 5,36,108,150.500.000,240,5%,107.231.250,"23 February, 2023","28 February, 2023"
1462491,2023,2023,BANK BTN,REI,tapak,JAMBI,KAB BUNGO,Rimbo Tengah,Sungai Mengkuang,P,SWASTA,5.200.000,PT KHOVIZ LANSKAP PROPERTI,PESSONA BUNGO RESIDENCE,36,120,150.500.000,228,5%,104.231.250,"24 February, 2023","28 February, 2023"
1462492,2023,2023,BANK BTN,REI,tapak,JAMBI,KAB BUNGO,Rimbo Tengah,Sungai Mengkuang,L,SWASTA,4.582.511,PT KHOVIZ LANSKAP PROPERTI,PESSONA BUNGO RESIDENCE,36,108,150.500.000,240,5%,107.231.250,"24 February, 2023","28 February, 2023"
1468684,2023,2023,BANK BTN,APERSI,tapak,JAMBI,KAB BUNGO,Bathin III,Manggis,L,SWASTA,4.000.000,PT LIDYA JAYA ABADI,BUNGO GRIYA ABADI,36,108,150.500.000,204,5%,107.231.250,"21 February, 2023","2 March, 2023"
1468695,2023,2023,BANK BTN,APERSI,tapak,JAMBI,KAB BUNGO,Bathin III,Manggis,P,SWASTA,2.250.000,PT MITRA SENTOSA MANDIRI,SENTOSA RESIDENCE,36,108,150.500.000,240,5%,83.231.250,"21 February, 2023","2 March, 2023"
1468700,2023,2023,BANK BTN,APERSI,tapak,JAMBI,KAB BUNGO,Bathin III,Manggis,L,SWASTA,3.000.000,PT MITRA SENTOSA MANDIRI,SENTOSA RESIDENCE,36,108,150.500.000,240,5%,107.231.250,"21 February, 2023","2 March, 2023"
1468710,2023,2023,BANK BTN,APERSI,tapak,JAMBI,KAB BUNGO,Bathin III,Sungai Binjai,L,SWASTA,4.100.000,PT MITRA SENTOSA MANDIRI,VILLA ADEVA SENTOSA,36,120,150.000.000,204,5%,106.875.000,"23 February, 2023","2 March, 2023"
1468729,2023,2023,BANK BTN,REI,tapak,JAMBI,KAB BUNGO,Bungo Dani,Talang Pantai,L,SWASTA,4.373.075,PT ANUGERAH REZEKI BERSAUDARA MADANI,BUNGO DANI RESIDENCE 3,36,176,150.500.000,180,5%,107.231.250,"22 February, 2023","2 March, 2023"
1468740,2023,2023,BANK BTN,REI,tapak,JAMBI,KAB BUNGO,Bathin III,Manggis,P,SWASTA,3.789.666,PT CIPTA JAYA EWISA,BUNGO CIPTA GRAHA 5,36,108,150.500.000,180,5%,107.231.250,"23 February, 2023","2 March, 2023"
1468742,2023,2023,BANK BTN,REI,tapak,JAMBI,KAB BUNGO,Bathin III,Manggis,L,SWASTA,6.796.333,PT CIPTA JAYA EWISA,BUNGO CIPTA GRAHA 5,36,108,150.500.000,204,5%,107.231.250,"23 February, 2023","2 March, 2023"
1469922,2023,2023,BANK BTN,APERSI,tapak,JAMBI,KAB BUNGO,Rimbo Tengah,Sungai Mengkuang,P,SWASTA,4.500.000,PT BANGUN TIGA ARTHA,PONDOK SIGINJAI SARI,36,135,150.000.000,180,5%,106.875.000,"27 February, 2023","2 March, 2023"
1478695,2023,2023,BANK BNI,REI,tapak,JAMBI,KAB BUNGO,Bungo Dani,Talang Pantai,P,SWASTA,2.180.000,PT PERMATA REAL ESTATE,PERMATA SEI KERJAN,36,144,150.500.000,240,5%,107.250.000,"28 February, 2023","2 March, 2023"
1483428,2023,2023,BANK BTN,REI,tapak,JAMBI,KAB BUNGO,Bathin III,Manggis,L,SWASTA,4.964.000,PT CIPTA JAYA EWISA,BUNGO CIPTA GRAHA 5,36,108,150.500.000,204,5%,107.231.250,"27 February, 2023","2 March, 2023"
1484366,2023,2023,BANK BTN,REI,tapak,JAMBI,KAB BUNGO,Bathin III,Manggis,L,SWASTA,4.580.414,PT CIPTA JAYA EWISA,BUNGO CIPTA GRAHA 5,36,108,150.500.000,240,5%,107.231.250,"28 February, 2023","2 March, 2023"
1484370,2023,2023,BANK BTN,APERSI,tapak,JAMBI,KAB BUNGO,Rimbo Tengah,Sungai Mengkuang,L,SWASTA,4.030.000,PT SINAR PENYELAMAT UMAT,AL KAUTSAR RESIDENCE 6,36,104,150.500.000,240,5%,108.675.000,"28 February, 2023","2 March, 2023"
1484407,2023,2023,BANK BTN,APERSI,tapak,JAMBI,KAB BUNGO,Rimbo Tengah,Cadika,L,SWASTA,4.734.000,PT SINAR PENYELAMAT UMAT,AL KAUTSAR RESIDENCE 5,36,90,150.500.000,180,5%,108.746.250,"28 February, 2023","2 March, 2023"
1484409,2023,2023,BANK BTN,APERSI,tapak,JAMBI,KAB BUNGO,Rimbo Tengah,Sungai Mengkuang,P,SWASTA,6.450.000,PT BANGUN TIGA ARTHA,PONDOK SIGINJAI SARI,36,120,150.000.000,204,5%,106.875.000,"28 February, 2023","2 March, 2023"
1484412,2023,2023,BANK BTN,APERSI,tapak,JAMBI,KAB BUNGO,Bathin III,Bungo Taman Agung,L,SWASTA,4.000.000,PT JAYA BAKTI PERMATA SARI,PURWOBAKTI INDAH DUO,36,120,150.500.000,180,5%,107.231.250,"28 February, 2023","2 March, 2023"
1484466,2023,2023,BANK BTN,REI,tapak,JAMBI,KAB BUNGO,Bathin III,Manggis,P,SWASTA,4.150.000,PT CIPTA JAYA EWISA,BUNGO CIPTA GRAHA 5,36,108,150.500.000,240,5%,107.231.250,"28 February, 2023","2 March, 2023"
1484526,2023,2023,BANK BTN,APERSI,tapak,JAMBI,KAB BUNGO,Rimbo Tengah,Sungai Mengkuang,L,WIRASWASTA,4.500.000,PT SINAR PENYELAMAT UMAT,AL KAUTSAR RESIDENCE 6,36,104,150.500.000,204,5%,108.746.250,"28 February, 2023","2 March, 2023"
1489043,2023,2023,BANK BTN,APERSI,tapak,JAMBI,KAB BUNGO,Rimbo Tengah,Sungai Mengkuang,P,SWASTA,7.200.000,PT SINAR PENYELAMAT UMAT,AL KAUTSAR RESIDENCE 6,36,104,150.500.000,240,5%,107.175.000,"2 March, 2023","6 March, 2023"
1489047,2023,2023,BANK BTN,APERSI,tapak,JAMBI,KAB BUNGO,Rimbo Tengah,Sungai Mengkuang,P,SWASTA,3.000.000,PT SINAR PENYELAMAT UMAT,AL KAUTSAR RESIDENCE 6,36,104,150.500.000,228,5%,107.231.250,"1 March, 2023","6 March, 2023"
1489048,2023,2023,BANK BTN,APERSI,tapak,JAMBI,KAB BUNGO,Rimbo Tengah,Cadika,P,SWASTA,7.855.424,PT SINAR PENYELAMAT UMAT,AL KAUTSAR RESIDENCE 5,36,90,150.500.000,144,5%,108.746.250,"1 March, 2023","6 March, 2023"
1490365,2023,2023,BANK BTN,REI,tapak,JAMBI,KAB BUNGO,Bathin III,Bungo Taman Agung,L,WIRASWASTA,4.500.000,PT BUNGO GRAHA INDAH,GRAHA NUSA INDAH,36,108,150.000.000,240,5%,106.875.000,"2 March, 2023","7 March, 2023"
1490375,2023,2023,BANK BTN,REI,tapak,JAMBI,KAB BUNGO,Rimbo Tengah,Sungai Mengkuang,L,SWASTA,5.000.000,PT BERKAH CIPTA PERKASA,AL MADINAH 2,36,108,150.500.000,204,5%,107.231.250,"2 March, 2023","7 March, 2023"
1490442,2023,2023,BANK BTN,APERSI,tapak,JAMBI,KAB BUNGO,Rimbo Tengah,Sungai Mengkuang,L,SWASTA,4.000.000,PT BANGUN TIGA ARTHA,PONDOK SIGINJAI SARI,36,120,150.000.000,180,5%,106.875.000,"3 March, 2023","7 March, 2023"
1490569,2023,2023,BANK BTN,REI,tapak,JAMBI,KAB BUNGO,Bathin III,Bungo Taman Agung,P,WIRASWASTA,6.000.000,PT BUNGO GRAHA INDAH,GRAHA NUSA INDAH,36,108,150.000.000,120,5%,106.500.000,"2 March, 2023","7 March, 2023"
1490570,2023,2023,BANK BTN,REI,tapak,JAMBI,KAB BUNGO,Bathin III,Bungo Taman Agung,L,TNI/POLRI,7.030.000,PT BUNGO GRAHA INDAH,GRAHA NUSA INDAH,36,108,150.000.000,180,5%,106.875.000,"2 March, 2023","7 March, 2023"
1492129,2023,2023,BANK BNI,APERSI,tapak,JAMBI,KAB BUNGO,Bathin III,Manggis,P,SWASTA,3.345.284,PT MITRA SENTOSA MANDIRI,SENTOSA RESIDENCE,36,108,150.500.000,240,5%,107.250.000,"6 March, 2023","9 March, 2023"
1493470,2023,2023,BANK BTN,APERSI,tapak,JAMBI,KAB BUNGO,Bathin III,Manggis,P,SWASTA,3.500.000,PT MITRA SENTOSA MANDIRI,SENTOSA RESIDENCE,36,108,150.500.000,240,5%,107.231.250,"7 March, 2023","10 March, 2023"
1493472,2023,2023,BANK BTN,APERSI,tapak,JAMBI,KAB BUNGO,Bathin III,Manggis,L,SWASTA,4.500.000,PT MITRA SENTOSA MANDIRI,SENTOSA RESIDENCE,36,108,150.500.000,240,5%,107.231.250,"7 March, 2023","10 March, 2023"
1493516,2023,2023,BANK BTN,REI,tapak,JAMBI,KAB BUNGO,Rimbo Tengah,Pasir Putih,L,SWASTA,5.300.000,PT MARGA MULYA INDAH ASRI,MULIA INDAH ASRI 2,36,84,150.500.000,204,5%,107.231.250,"7 March, 2023","10 March, 2023"
1493517,2023,2023,BANK BTN,REI,tapak,JAMBI,KAB BUNGO,Rimbo Tengah,Pasir Putih,L,SWASTA,4.800.000,PT MARGA MULYA INDAH ASRI,MULIA INDAH ASRI 2,36,84,150.500.000,180,5%,107.231.250,"7 March, 2023","10 March, 2023"
1493594,2023,2023,BANK BTN,APERSI,tapak,JAMBI,KAB BUNGO,Bathin III,Manggis,P,SWASTA,4.130.000,PT MITRA SENTOSA MANDIRI,SENTOSA RESIDENCE,36,108,150.500.000,192,5%,106.875.000,"8 February, 2023","10 March, 2023"
1494418,2023,2023,BANK BTN,REI,tapak,JAMBI,KAB BUNGO,Rimbo Tengah,Pasir Putih,L,SWASTA,4.094.915,PT MARGA MULYA INDAH ASRI,MULIA INDAH ASRI 2,36,84,150.500.000,180,5%,107.231.250,"7 March, 2023","17 March, 2023"
1494503,2023,2023,BANK BTN,APERSI,tapak,JAMBI,KAB BUNGO,Bathin III,Manggis,P,SWASTA,3.600.000,PT MITRA SENTOSA MANDIRI,SENTOSA RESIDENCE,36,108,150.500.000,240,5%,107.231.250,"7 March, 2023","17 March, 2023"
1494505,2023,2023,BANK BTN,APERSI,tapak,JAMBI,KAB BUNGO,Bathin III,Manggis,P,SWASTA,3.500.000,PT MITRA SENTOSA MANDIRI,SENTOSA RESIDENCE,36,108,150.500.000,240,5%,107.231.250,"7 March, 2023","17 March, 2023"
1494536,2023,2023,BANK BTN,REI,tapak,JAMBI,KAB BUNGO,Rimbo Tengah,Sungai Mengkuang,L,SWASTA,3.702.100,PT BERKAH CIPTA PERKASA,AL MADINAH 2,36,108,150.500.000,180,5%,107.231.250,"7 March, 2023","17 March, 2023"
1494765,2023,2023,BANK BTN,REI,tapak,JAMBI,KAB BUNGO,Bathin III,Manggis,L,SWASTA,3.500.000,PT CIPTA JAYA EWISA,BUNGO CIPTA GRAHA 5,36,108,150.500.000,240,5%,107.231.250,"9 March, 2023","17 March, 2023"
1495265,2023,2023,BANK BTN,REI,tapak,JAMBI,KAB BUNGO,Bathin III,Manggis,L,SWASTA,6.140.720,PT CIPTA JAYA EWISA,BUNGO CIPTA GRAHA 5,36,108,150.500.000,180,5%,107.231.250,"9 March, 2023","17 March, 2023"
1495266,2023,2023,BANK BTN,REI,tapak,JAMBI,KAB BUNGO,Bathin III,Manggis,L,SWASTA,3.200.000,PT CIPTA JAYA EWISA,BUNGO CIPTA GRAHA 5,36,108,150.500.000,240,5%,107.231.250,"9 March, 2023","17 March, 2023"
1497135,2023,2023,BANK BNI,REI,tapak,JAMBI,KAB BUNGO,Bathin III,Sungai Binjai,L,SWASTA,3.440.000,PT KHAIRUNNISA BUNGO DEMPO,DEMPO RESIDENCE 2,36,108,140.000.000,240,5%,99.750.000,"8 March, 2023","14 March, 2023"
1497137,2023,2023,BANK BNI,REI,tapak,JAMBI,KAB BUNGO,Bungo Dani,Sungai Kerjan,L,SWASTA,4.000.000,PT BERKAH CIPTA PERKASA,AZIZIYAH RESIDENCE,36,132,150.500.000,180,5%,107.250.000,"9 March, 2023","14 March, 2023"
1497139,2023,2023,BANK BNI,REI,tapak,JAMBI,KAB BUNGO,Bungo Dani,Sungai Kerjan,L,SWASTA,3.186.198,PT BERKAH CIPTA PERKASA,AZIZIYAH RESIDENCE,36,149,150.500.000,180,5%,107.250.000,"10 March, 2023","14 March, 2023"
1497812,2023,2023,BANK BNI,APERSI,tapak,JAMBI,KAB BUNGO,Bathin III,Manggis,P,SWASTA,2.892.042,PT MITRA SENTOSA MANDIRI,SENTOSA RESIDENCE,36,185,150.500.000,120,5%,107.250.000,"14 March, 2023","16 March, 2023"
1497817,2023,2023,BANK BNI,APERSI,tapak,JAMBI,KAB BUNGO,Bathin III,Manggis,L,SWASTA,5.029.744,PT MITRA SENTOSA MANDIRI,SENTOSA RESIDENCE,36,108,150.500.000,180,5%,107.250.000,"15 March, 2023","16 March, 2023"
1501672,2023,2023,BANK BTN,APERSI,tapak,JAMBI,KAB BUNGO,Bathin III,Manggis,P,SWASTA,4.000.000,PT MITRA SENTOSA MANDIRI,SENTOSA RESIDENCE,36,108,150.500.000,240,5%,107.231.250,"13 March, 2023","27 March, 2023"
1502739,2023,2023,BANK BTN,REI,tapak,JAMBI,KAB BUNGO,Bathin III,Manggis,L,WIRASWASTA,4.000.000,PT BUNGO BATHIN DAMAI,TAMAN CENDANA,36,112,150.500.000,240,5%,106.875.000,"10 March, 2023","17 March, 2023"
1502740,2023,2023,BANK BTN,REI,tapak,JAMBI,KAB BUNGO,Bathin III,Manggis,L,WIRASWASTA,3.500.000,PT BUNGO BATHIN DAMAI,TAMAN CENDANA,36,127,150.500.000,204,5%,106.875.000,"10 March, 2023","17 March, 2023"
1504112,2023,2023,BANK BTN,REI,tapak,JAMBI,KAB BUNGO,Bathin III,Manggis,L,SWASTA,6.233.333,PT Wijoyo Oridina Properti,BUNGO CITY RESIDENCE,36,84,150.000.000,228,5%,106.875.000,"9 March, 2023","20 March, 2023"
1507593,2023,2023,BANK JAMBI,REI,tapak,JAMBI,KAB BUNGO,Pelepat Ilir,Purwosari,L,WIRASWASTA,3.000.000,PT JINGGA DIRGA PUSPITA,JINGGA KEDATON,36,100,150.500.000,240,5%,107.231.250,"13 February, 2023","27 March, 2023"
1507596,2023,2023,BANK JAMBI,REI,tapak,JAMBI,KAB BUNGO,Pelepat Ilir,Purwosari,L,WIRASWASTA,3.500.000,PT JINGGA DIRGA PUSPITA,JINGGA KEDATON,36,100,150.500.000,240,5%,107.231.250,"12 March, 2023","27 March, 2023"
1507600,2023,2023,BANK JAMBI,REI,tapak,JAMBI,KAB BUNGO,Pelepat Ilir,Purwosari,L,WIRASWASTA,3.500.000,PT JINGGA DIRGA PUSPITA,JINGGA KEDATON,36,100,150.500.000,240,5%,107.231.250,"21 March, 2023","27 March, 2023"
1510456,2023,2023,BANK BTN,APERSI,tapak,JAMBI,KAB BUNGO,Bathin III,Sungai Binjai,L,SWASTA,5.500.000,PT MITRA SENTOSA MANDIRI,VILLA ADEVA SENTOSA,36,120,150.000.000,240,5%,106.875.000,"15 March, 2023","27 March, 2023"
1516027,2023,2023,BANK BTN,APERSI,tapak,JAMBI,KAB BUNGO,Rimbo Tengah,Sungai Mengkuang,L,SWASTA,5.027.088,PT GRIYA MULYA LESTARI,GRIYA DAKSINAPATI ASRI,36,104,150.500.000,204,5%,106.875.000,"17 March, 2023","27 March, 2023"
1516575,2023,2023,BANK BTN,REI,tapak,JAMBI,KAB BUNGO,Bathin III,Manggis,P,WIRASWASTA,5.500.000,PT BUNGO BATHIN DAMAI,TAMAN CENDANA,36,140,150.500.000,240,5%,106.875.000,"20 March, 2023","27 March, 2023"
1516576,2023,2023,BANK BTN,REI,tapak,JAMBI,KAB BUNGO,Bungo Dani,Talang Pantai,L,SWASTA,3.700.000,PT ANUGERAH REZEKI BERSAUDARA MADANI,BUNGO DANI RESIDENCE 3,36,108,150.500.000,180,5%,107.231.250,"20 March, 2023","27 March, 2023"
1516666,2023,2023,BANK BTN,REI,tapak,JAMBI,KAB BUNGO,Batin II Babeko,Tanjung Menanti,L,SWASTA,6.748.929,PT PETRA CIPTA UTAMA,GREEN PETRA 2,36,108,150.500.000,240,5%,106.875.000,"20 March, 2023","27 March, 2023"
1516846,2023,2023,BANK BTN,REI,tapak,JAMBI,KAB BUNGO,Bathin III,Manggis,P,SWASTA,7.985.000,PT CIPTA JAYA EWISA,BUNGO CIPTA GRAHA 5,36,108,150.500.000,204,5%,107.231.250,"21 March, 2023","27 March, 2023"
1516847,2023,2023,BANK BTN,REI,tapak,JAMBI,KAB BUNGO,Bathin III,Manggis,P,SWASTA,5.000.000,PT CIPTA JAYA EWISA,BUNGO CIPTA GRAHA 5,36,108,150.500.000,144,5%,107.231.250,"21 March, 2023","27 March, 2023"
1517719,2023,2023,BANK BNI,REI,tapak,JAMBI,KAB BUNGO,Bungo Dani,Sungai Kerjan,P,SWASTA,4.233.857,PT BERKAH CIPTA PERKASA,AZIZIYAH RESIDENCE,36,103,150.500.000,180,5%,107.250.000,"20 March, 2023","28 March, 2023"
1522793,2023,2023,BANK BNI,REI,tapak,JAMBI,KAB BUNGO,Bungo Dani,Sungai Kerjan,L,SWASTA,3.078.333,PT BERKAH CIPTA PERKASA,AZIZIYAH RESIDENCE,36,80,150.500.000,240,5%,107.250.000,"21 March, 2023","29 March, 2023"
1525484,2023,2023,BANK BTN,REI,tapak,JAMBI,KAB BUNGO,Bathin III,Bungo Taman Agung,L,SWASTA,3.500.000,PT BUNGO GRAHA INDAH,GRAHA NUSA INDAH,36,108,150.000.000,228,5%,103.500.000,"27 March, 2023","30 March, 2023"
1525497,2023,2023,BANK BTN,APERSI,tapak,JAMBI,KAB BUNGO,Bathin III,Sungai Binjai,L,WIRASWASTA,7.567.000,PT MITRA SENTOSA MANDIRI,VILLA ADEVA SENTOSA,36,120,150.000.000,240,5%,102.375.000,"27 March, 2023","30 March, 2023"
1527821,2023,2023,BANK BTN,APERSI,tapak,JAMBI,KAB BUNGO,Rimbo Tengah,Sungai Mengkuang,L,SWASTA,4.300.000,PT GRIYA MULYA LESTARI,GRIYA DAKSINAPATI ASRI,36,104,150.500.000,180,5%,106.875.000,"27 March, 2023","31 March, 2023"
1527823,2023,2023,BANK BTN,APERSI,tapak,JAMBI,KAB BUNGO,Rimbo Tengah,Sungai Mengkuang,L,SWASTA,4.957.000,PT GRIYA MULYA LESTARI,GRIYA DAKSINAPATI ASRI,36,104,150.500.000,180,5%,105.000.000,"27 March, 2023","31 March, 2023"
1527933,2023,2023,BANK BTN,APERSI,tapak,JAMBI,KAB BUNGO,Rimbo Tengah,Sungai Mengkuang,L,SWASTA,4.822.293,PT SINAR PENYELAMAT UMAT,AL KAUTSAR RESIDENCE 6,36,104,150.500.000,180,5%,108.746.250,"28 March, 2023","31 March, 2023"
1527934,2023,2023,BANK BTN,APERSI,tapak,JAMBI,KAB BUNGO,Rimbo Tengah,Sungai Mengkuang,P,SWASTA,5.000.000,PT SINAR PENYELAMAT UMAT,AL KAUTSAR RESIDENCE 6,36,104,150.500.000,180,5%,108.675.000,"28 March, 2023","31 March, 2023"
1527935,2023,2023,BANK BTN,APERSI,tapak,JAMBI,KAB BUNGO,Rimbo Tengah,Sungai Mengkuang,L,SWASTA,7.500.000,PT SINAR PENYELAMAT UMAT,AL KAUTSAR RESIDENCE 6,36,104,150.500.000,180,5%,108.746.250,"28 March, 2023","31 March, 2023"
1527940,2023,2023,BANK BTN,APERSI,tapak,JAMBI,KAB BUNGO,Rimbo Tengah,Sungai Mengkuang,L,SWASTA,6.900.000,PT SINAR PENYELAMAT UMAT,AL KAUTSAR RESIDENCE 6,36,104,150.500.000,180,5%,107.231.250,"28 March, 2023","31 March, 2023"
1530132,2023,2023,BANK MANDIRI,REI,tapak,JAMBI,KAB BUNGO,Rimbo Tengah,Pasir Putih,L,SWASTA,3.025.313,"PT MARGA MULYA INDAH ASRI, PT",Mulia indah asri,36,84,150.500.000,180,5%,107.250.000,"24 March, 2023","31 March, 2023"
1534299,2023,2023,BANK BTN,APERSI,tapak,JAMBI,KAB BUNGO,Rimbo Tengah,Sungai Mengkuang,L,SWASTA,3.500.000,PT SINAR PENYELAMAT UMAT,AL KAUTSAR RESIDENCE 6,36,104,150.500.000,240,5%,108.731.250,"28 March, 2023","31 March, 2023"
1534301,2023,2023,BANK BTN,APERSI,tapak,JAMBI,KAB BUNGO,Rimbo Tengah,Sungai Mengkuang,P,SWASTA,3.000.000,PT SINAR PENYELAMAT UMAT,AL KAUTSAR RESIDENCE 6,36,104,150.500.000,240,5%,108.746.250,"28 March, 2023","31 March, 2023"
1534308,2023,2023,BANK BTN,APERSI,tapak,JAMBI,KAB BUNGO,Rimbo Tengah,Sungai Mengkuang,L,SWASTA,7.550.000,PT SINAR PENYELAMAT UMAT,AL KAUTSAR RESIDENCE 6,36,104,150.500.000,156,5%,108.675.000,"29 March, 2023","31 March, 2023"
1534311,2023,2023,BANK BTN,APERSI,tapak,JAMBI,KAB BUNGO,Rimbo Tengah,Sungai Mengkuang,L,WIRASWASTA,7.000.000,PT SINAR PENYELAMAT UMAT,AL KAUTSAR RESIDENCE 6,36,104,150.500.000,180,5%,108.746.250,"29 March, 2023","31 March, 2023"
1535994,2023,2023,BANK BNI,APERSI,tapak,JAMBI,KAB BUNGO,Rimbo Tengah,Sungai Mengkuang,L,SWASTA,4.473.333,PT SINAR PENYELAMAT UMAT,AL KAUTSAR RESIDENCE 6,36,104,150.500.000,180,5%,108.375.000,"28 March, 2023","31 March, 2023"
1535995,2023,2023,BANK BNI,APERSI,tapak,JAMBI,KAB BUNGO,Bathin III,Manggis,L,SWASTA,5.000.000,PT MITRA SENTOSA MANDIRI,SENTOSA RESIDENCE,36,108,150.500.000,180,5%,107.250.000,"28 March, 2023","31 March, 2023"
1536001,2023,2023,BANK BNI,REI,tapak,JAMBI,KAB BUNGO,Bungo Dani,Sungai Kerjan,P,SWASTA,3.375.000,PT BERKAH CIPTA PERKASA,AZIZIYAH RESIDENCE,36,153,150.500.000,180,5%,107.250.000,"29 March, 2023","31 March, 2023"
1536959,2023,2023,BANK BRI,APERSI,tapak,JAMBI,KAB BUNGO,Rimbo Tengah,Sungai Mengkuang,P,SWASTA,4.000.000,PT GRIYA MULYA LESTARI,GRIYA DAKSINAPATI ASRI,36,104,150.500.000,180,5%,107.231.250,"30 March, 2023","3 April, 2023"
1536980,2023,2023,BANK BRI,APERSI,tapak,JAMBI,KAB BUNGO,Rimbo Tengah,Sungai Mengkuang,P,SWASTA,2.500.000,PT GRIYA MULYA LESTARI,GRIYA DAKSINAPATI ASRI,36,104,150.500.000,240,5%,107.231.250,"30 March, 2023","3 April, 2023"
1537500,2023,2023,BANK BTN,APERSI,tapak,JAMBI,KAB BUNGO,Rimbo Tengah,Sungai Mengkuang,L,SWASTA,7.615.015,PT SINAR PENYELAMAT UMAT,AL KAUTSAR RESIDENCE 6,36,104,150.500.000,120,5%,108.675.000,"29 March, 2023","3 April, 2023"
1543220,2023,2023,BANK MANDIRI,REI,tapak,JAMBI,KAB BUNGO,Rimbo Tengah,Pasir Putih,L,SWASTA,4.076.250,"PT MARGA MULYA INDAH ASRI, PT",Mulia indah asri,36,84,150.500.000,180,5%,107.250.000,"29 March, 2023","5 April, 2023"
1548036,2023,2023,BANK BTN,APERSI,tapak,JAMBI,KAB BUNGO,Rimbo Tengah,Sungai Mengkuang,L,SWASTA,4.802.401,PT SINAR PENYELAMAT UMAT,AL KAUTSAR RESIDENCE 6,36,104,150.500.000,180,5%,108.746.250,"29 March, 2023","5 April, 2023"
1548037,2023,2023,BANK BTN,APERSI,tapak,JAMBI,KAB BUNGO,Rimbo Tengah,Sungai Mengkuang,L,WIRASWASTA,7.100.000,PT SINAR PENYELAMAT UMAT,AL KAUTSAR RESIDENCE 6,36,104,150.500.000,180,5%,107.231.250,"29 March, 2023","5 April, 2023"
1549015,2023,2023,BANK BTN,REI,tapak,JAMBI,KAB BUNGO,Rimbo Tengah,Cadika,P,SWASTA,3.600.000,PT CIPTA JAYA EWISA,BUNGO CIPTA GRAHA 3,36,108,140.000.000,240,5%,99.750.000,"30 March, 2023","5 April, 2023"
1549204,2023,2023,BANK BTN,APERSI,tapak,JAMBI,KAB BUNGO,Rimbo Tengah,Sungai Mengkuang,P,SWASTA,3.200.000,PT GRIYA MULYA LESTARI,GRIYA DAKSINAPATI ASRI,36,104,150.500.000,228,5%,106.875.000,"3 April, 2023","6 April, 2023"
1549206,2023,2023,BANK BTN,APERSI,tapak,JAMBI,KAB BUNGO,Rimbo Tengah,Sungai Mengkuang,L,SWASTA,3.700.000,PT GRIYA MULYA LESTARI,GRIYA DAKSINAPATI ASRI,36,104,150.500.000,204,5%,106.875.000,"3 April, 2023","6 April, 2023"
1549680,2023,2023,BANK BTN,REI,tapak,JAMBI,KAB BUNGO,Bathin III,Manggis,P,SWASTA,3.840.000,PT BUNGO BATHIN DAMAI,TAMAN CENDANA,36,119,150.500.000,240,5%,106.875.000,"31 March, 2023","6 April, 2023"
1549683,2023,2023,BANK BTN,REI,tapak,JAMBI,KAB BUNGO,Rimbo Tengah,Pasir Putih,L,PNS,6.083.331,PT MARGA MULYA INDAH ASRI,MULIA INDAH ASRI 2,36,84,150.500.000,180,5%,107.231.250,"31 March, 2023","6 April, 2023"
1549684,2023,2023,BANK BTN,REI,tapak,JAMBI,KAB BUNGO,Bathin III,Manggis,P,SWASTA,2.800.000,PT Wijoyo Oridina Properti,BUNGO CITY RESIDENCE 2,36,98,150.000.000,240,5%,104.625.000,"31 March, 2023","6 April, 2023"
1549836,2023,2023,BANK BTN,APERSI,tapak,JAMBI,KAB BUNGO,Rimbo Tengah,Sungai Mengkuang,L,SWASTA,7.580.000,PT KARYA ABADI WIGUNA,BUNGO PERSADA INDAH 3,36,96,140.000.000,132,5%,100.950.000,"31 March, 2023","6 April, 2023"
1553198,2023,2023,BANK BTN,APERSI,tapak,JAMBI,KAB BUNGO,Bathin III,Bungo Taman Agung,L,TNI/POLRI,6.071.300,PT JAYA BAKTI PERMATA SARI,PURWOBAKTI INDAH DUO,36,120,150.500.000,180,5%,106.875.000,"5 April, 2023","11 April, 2023"
1553205,2023,2023,BANK BTN,APERSI,tapak,JAMBI,KAB BUNGO,Bathin III,Bungo Taman Agung,L,SWASTA,3.150.000,PT JAYA BAKTI PERMATA SARI,PURWOBAKTI INDAH DUO,36,120,150.500.000,207,5%,107.231.250,"5 April, 2023","11 April, 2023"
1553278,2023,2023,BANK BTN,APERSI,tapak,JAMBI,KAB BUNGO,Bathin III,Manggis,P,SWASTA,3.800.000,PT LIDYA JAYA ABADI,BUNGO GRIYA ABADI,36,108,150.500.000,240,5%,107.231.250,"5 April, 2023","11 April, 2023"
1553610,2023,2023,BANK BTN,REI,tapak,JAMBI,KAB BUNGO,Bathin III,Manggis,P,SWASTA,3.300.000,PT CIPTA JAYA EWISA,BUNGO CIPTA GRAHA 5,36,108,150.500.000,240,5%,107.231.250,"6 April, 2023","11 April, 2023"
1553611,2023,2023,BANK BTN,REI,tapak,JAMBI,KAB BUNGO,Bathin III,Manggis,P,SWASTA,6.500.000,PT CIPTA JAYA EWISA,BUNGO CIPTA GRAHA 5,36,108,150.500.000,240,5%,107.231.250,"6 April, 2023","11 April, 2023"
1553612,2023,2023,BANK BTN,REI,tapak,JAMBI,KAB BUNGO,Bathin III,Manggis,L,SWASTA,5.726.091,PT CIPTA JAYA EWISA,BUNGO CIPTA GRAHA 5,36,108,150.500.000,204,5%,107.231.250,"6 April, 2023","11 April, 2023"
1553996,2023,2023,BANK BTN,APERSI,tapak,JAMBI,KAB BUNGO,Rimbo Tengah,Sungai Mengkuang,L,SWASTA,5.246.000,PT GRIYA MULYA LESTARI,GRIYA DAKSINAPATI ASRI,36,104,150.500.000,168,5%,107.231.250,"5 April, 2023","11 April, 2023"
1554033,2023,2023,BANK BTN,REI,tapak,JAMBI,KAB BUNGO,Bathin III,Manggis,L,SWASTA,3.023.046,PT Wijoyo Oridina Properti,BUNGO CITY RESIDENCE,36,98,150.000.000,228,5%,107.231.250,"6 April, 2023","11 April, 2023"
1555517,2023,2023,BANK JAMBI,APERSI,tapak,JAMBI,KAB BUNGO,Bathin III,Sungai Binjai,L,SWASTA,3.000.000,PT CHYNTA AZZUHRA SEJAHTERA,SKB RESIDENCE,36,102,150.500.000,180,5%,107.231.250,"5 April, 2023","14 April, 2023"
1555518,2023,2023,BANK JAMBI,APERSI,tapak,JAMBI,KAB BUNGO,Bathin III,Sungai Binjai,L,SWASTA,3.117.478,PT CHYNTA AZZUHRA SEJAHTERA,SKB RESIDENCE,36,108,150.500.000,228,5%,101.625.000,"5 April, 2023","14 April, 2023"
1555521,2023,2023,BANK JAMBI,APERSI,tapak,JAMBI,KAB BUNGO,Bathin III,Sungai Binjai,L,WIRASWASTA,3.800.000,PT CHYNTA AZZUHRA SEJAHTERA,SKB RESIDENCE,36,110,150.500.000,192,5%,107.231.250,"5 April, 2023","14 April, 2023"
1555522,2023,2023,BANK JAMBI,APERSI,tapak,JAMBI,KAB BUNGO,Bathin III,Sungai Binjai,P,SWASTA,2.300.000,PT CHYNTA AZZUHRA SEJAHTERA,SKB RESIDENCE,36,108,150.500.000,180,5%,107.231.250,"5 April, 2023","14 April, 2023"
1567790,2023,2023,BANK BTN,REI,tapak,JAMBI,KAB BUNGO,Bathin III,Manggis,P,SWASTA,3.360.000,PT CIPTA JAYA EWISA,BUNGO CIPTA GRAHA 5,36,108,150.500.000,204,5%,107.231.250,"13 April, 2023","27 April, 2023"
1567791,2023,2023,BANK BTN,REI,tapak,JAMBI,KAB BUNGO,Bathin III,Manggis,L,SWASTA,5.525.000,PT CIPTA JAYA EWISA,BUNGO CIPTA GRAHA 5,36,108,150.500.000,180,5%,107.231.250,"13 April, 2023","27 April, 2023"
1567792,2023,2023,BANK BTN,REI,tapak,JAMBI,KAB BUNGO,Bathin III,Manggis,L,SWASTA,3.000.000,PT CIPTA JAYA EWISA,BUNGO CIPTA GRAHA 5,36,108,150.500.000,223,5%,107.231.250,"13 April, 2023","27 April, 2023"
1567794,2023,2023,BANK BTN,APERSI,tapak,JAMBI,KAB BUNGO,Bathin III,Bungo Taman Agung,P,SWASTA,3.125.000,PT JAYA BAKTI PERMATA SARI,PURWOBAKTI INDAH DUO,36,120,150.500.000,240,5%,107.231.250,"13 April, 2023","27 April, 2023"
1567796,2023,2023,BANK BTN,APERSI,tapak,JAMBI,KAB BUNGO,Rimbo Tengah,Sungai Mengkuang,L,SWASTA,7.487.994,PT SINAR PENYELAMAT UMAT,AL KAUTSAR RESIDENCE 6,36,104,150.500.000,120,5%,108.746.250,"13 April, 2023","27 April, 2023"
1567801,2023,2023,BANK BTN,APERSI,tapak,JAMBI,KAB BUNGO,Rimbo Tengah,Cadika,P,SWASTA,4.934.000,PT SINAR PENYELAMAT UMAT,AL KAUTSAR RESIDENCE 5,36,90,150.500.000,180,5%,107.231.250,"13 April, 2023","27 April, 2023"
1567803,2023,2023,BANK BTN,APERSI,tapak,JAMBI,KAB BUNGO,Rimbo Tengah,Cadika,L,SWASTA,4.500.000,PT SINAR PENYELAMAT UMAT,AL KAUTSAR RESIDENCE 5,36,90,150.500.000,180,5%,107.231.250,"13 April, 2023","27 April, 2023"
1567805,2023,2023,BANK BTN,APERSI,tapak,JAMBI,KAB BUNGO,Rimbo Tengah,Cadika,P,SWASTA,5.100.000,PT SINAR PENYELAMAT UMAT,AL KAUTSAR RESIDENCE 5,36,90,150.500.000,204,5%,107.231.250,"13 April, 2023","27 April, 2023"
1567806,2023,2023,BANK BTN,APERSI,tapak,JAMBI,KAB BUNGO,Rimbo Tengah,Cadika,L,SWASTA,6.266.266,PT SINAR PENYELAMAT UMAT,AL KAUTSAR RESIDENCE 5,36,90,150.500.000,180,5%,108.746.250,"13 April, 2023","27 April, 2023"
1567807,2023,2023,BANK BTN,APERSI,tapak,JAMBI,KAB BUNGO,Rimbo Tengah,Sungai Mengkuang,L,SWASTA,5.790.157,PT SINAR PENYELAMAT UMAT,AL KAUTSAR RESIDENCE 6,36,104,150.500.000,240,5%,106.875.000,"13 April, 2023","27 April, 2023"
1567808,2023,2023,BANK BTN,APERSI,tapak,JAMBI,KAB BUNGO,Rimbo Tengah,Sungai Mengkuang,L,SWASTA,6.153.280,PT SINAR PENYELAMAT UMAT,AL KAUTSAR RESIDENCE 6,35,104,150.500.000,180,5%,107.231.250,"13 April, 2023","27 April, 2023"
1567809,2023,2023,BANK BTN,APERSI,tapak,JAMBI,KAB BUNGO,Rimbo Tengah,Sungai Mengkuang,L,WIRASWASTA,4.600.000,PT SINAR PENYELAMAT UMAT,AL KAUTSAR RESIDENCE 6,36,104,150.500.000,217,5%,108.746.250,"13 April, 2023","27 April, 2023"
1567946,2023,2023,BANK BTN,REI,tapak,JAMBI,KAB BUNGO,Bathin III,Manggis,P,SWASTA,4.200.000,PT CIPTA JAYA EWISA,BUNGO CIPTA GRAHA 5,36,120,150.500.000,180,5%,107.231.250,"13 April, 2023","27 April, 2023"
1568786,2023,2023,BANK BTN,REI,tapak,JAMBI,KAB BUNGO,Rimbo Tengah,Sungai Mengkuang,L,SWASTA,3.000.000,PT KHOVIZ LANSKAP PROPERTI,PESSONA BUNGO RESIDENCE,36,108,150.500.000,240,5%,107.231.250,"12 April, 2023","27 April, 2023"
1568800,2023,2023,BANK BTN,APERSI,tapak,JAMBI,KAB BUNGO,Bathin III,Sungai Binjai,L,SWASTA,3.600.000,PT MITRA SENTOSA MANDIRI,VILLA ADEVA SENTOSA,36,120,150.000.000,204,5%,106.875.000,"12 April, 2023","27 April, 2023"
1568946,2023,2023,BANK BTN,REI,tapak,JAMBI,KAB BUNGO,Batin II Babeko,Tanjung Menanti,L,SWASTA,3.248.928,PT PETRA CIPTA UTAMA,GREEN PETRA 2,36,108,150.500.000,240,5%,106.875.000,"14 April, 2023","27 April, 2023"
1568956,2023,2023,BANK BTN,REI,tapak,JAMBI,KAB BUNGO,Batin II Babeko,Tanjung Menanti,L,PNS,6.586.600,PT PETRA CIPTA UTAMA,GREEN PETRA 2,36,108,150.500.000,180,5%,106.875.000,"17 April, 2023","27 April, 2023"
1569448,2023,2023,BANK BTN,REI,tapak,JAMBI,KAB BUNGO,Bathin III,Manggis,P,SWASTA,3.828.000,PT CITRA NAE ZIDNI,GRIYA BAROKAH,36,108,150.500.000,240,5%,107.231.250,"17 April, 2023","27 April, 2023"
1569569,2023,2023,BANK BTN,REI,tapak,JAMBI,KAB BUNGO,Bathin III,Manggis,L,SWASTA,4.000.000,PT CIPTA JAYA EWISA,BUNGO CIPTA GRAHA 5,36,108,150.500.000,180,5%,107.231.250,"14 April, 2023","27 April, 2023"
1569605,2023,2023,BANK BTN,APERSI,tapak,JAMBI,KAB BUNGO,Rimbo Tengah,Cadika,L,SWASTA,5.750.000,PT SINAR PENYELAMAT UMAT,AL KAUTSAR RESIDENCE 5,36,90,150.500.000,180,5%,108.746.250,"18 April, 2023","27 April, 2023"
1573192,2023,2023,BANK BNI,APERSI,tapak,JAMBI,KAB BUNGO,Bathin III,Manggis,L,SWASTA,3.450.000,PT MITRA SENTOSA MANDIRI,SENTOSA RESIDENCE,36,108,150.500.000,240,5%,107.250.000,"10 April, 2023","28 April, 2023"
1573193,2023,2023,BANK BNI,REI,tapak,JAMBI,KAB BUNGO,Bungo Dani,Sungai Kerjan,L,SWASTA,3.258.968,PT BERKAH CIPTA PERKASA,AZIZIYAH RESIDENCE,36,150,150.500.000,180,5%,107.250.000,"10 April, 2023","28 April, 2023"
1573201,2023,2023,BANK BNI,APERSI,tapak,JAMBI,KAB BUNGO,Bathin III,Manggis,L,SWASTA,4.500.000,PT MITRA SENTOSA MANDIRI,SENTOSA RESIDENCE,36,108,150.500.000,180,5%,107.250.000,"11 April, 2023","28 April, 2023"
1573204,2023,2023,BANK BNI,REI,tapak,JAMBI,KAB BUNGO,Bathin III,Sungai Binjai,P,WIRASWASTA,2.785.900,PT KHAIRUNNISA BUNGO DEMPO,DEMPO RESIDENCE 2,36,108,140.000.000,240,5%,99.750.000,"11 April, 2023","28 April, 2023"
1573220,2023,2023,BANK BNI,REI,tapak,JAMBI,KAB BUNGO,Bungo Dani,Talang Pantai,L,SWASTA,3.500.000,PT PERMATA REAL ESTATE,PERMATA SEI KERJAN,36,144,150.500.000,120,5%,107.250.000,"13 April, 2023","28 April, 2023"
1573221,2023,2023,BANK BNI,REI,tapak,JAMBI,KAB BUNGO,Bungo Dani,Talang Pantai,P,SWASTA,3.732.685,PT PERMATA REAL ESTATE,PERMATA SEI KERJAN,36,120,150.500.000,120,5%,107.250.000,"13 April, 2023","28 April, 2023"
1573231,2023,2023,BANK BNI,REI,tapak,JAMBI,KAB BUNGO,Bathin III,Sungai Binjai,L,WIRASWASTA,4.772.567,PT KHAIRUNNISA BUNGO DEMPO,DEMPO RESIDENCE 2,36,108,140.000.000,240,5%,99.750.000,"17 April, 2023","28 April, 2023"
1573232,2023,2023,BANK BNI,REI,tapak,JAMBI,KAB BUNGO,Batin II Babeko,Tanjung Menanti,P,SWASTA,3.208.968,PT PETRA CIPTA UTAMA,GREEN PETRA 2,36,108,150.500.000,240,5%,107.250.000,"17 April, 2023","28 April, 2023"
1573238,2023,2023,BANK BNI,REI,tapak,JAMBI,KAB BUNGO,Bungo Dani,Sungai Kerjan,P,SWASTA,3.025.000,PT BERKAH CIPTA PERKASA,AZIZIYAH RESIDENCE,36,96,150.500.000,240,5%,107.250.000,"17 April, 2023","28 April, 2023"
1573835,2023,2023,BANK BTN,APERSI,tapak,JAMBI,KAB BUNGO,Bathin III,Manggis,L,SWASTA,4.000.000,PT MITRA SENTOSA MANDIRI,SENTOSA RESIDENCE,36,108,150.500.000,240,5%,107.231.250,"11 April, 2023","27 April, 2023"
1574321,2023,2023,BANK BTN,REI,tapak,JAMBI,KAB BUNGO,Bathin III,Manggis,L,SWASTA,6.637.455,PT BUNGO BATHIN DAMAI,TAMAN CENDANA,36,108,150.500.000,180,5%,107.231.250,"10 April, 2023","27 April, 2023"
1578194,2023,2023,BANK BTN,REI,tapak,JAMBI,KAB BUNGO,Bathin III,Manggis,L,SWASTA,4.000.000,PT CITRA NAE ZIDNI,GRIYA BAROKAH,36,108,150.500.000,180,5%,107.231.250,"11 April, 2023","28 April, 2023"
1578195,2023,2023,BANK BTN,REI,tapak,JAMBI,KAB BUNGO,Bathin III,Manggis,L,SWASTA,3.472.830,PT CITRA NAE ZIDNI,GRIYA BAROKAH,36,108,150.500.000,240,5%,107.231.250,"17 April, 2023","28 April, 2023"
1578645,2023,2023,BANK BTN,REI,tapak,JAMBI,KAB BUNGO,Rimbo Tengah,Sungai Mengkuang,L,WIRASWASTA,7.100.000,PT KHOVIZ LANSKAP PROPERTI,PESSONA BUNGO RESIDENCE,36,108,150.500.000,180,5%,107.231.250,"12 April, 2023","28 April, 2023"
1578722,2023,2023,BANK BTN,APERSI,tapak,JAMBI,KAB BUNGO,Bathin III,Sungai Binjai,P,SWASTA,4.500.000,PT MITRA SENTOSA MANDIRI,VILLA ADEVA SENTOSA,36,120,150.000.000,180,5%,106.875.000,"12 April, 2023","28 April, 2023"
1578740,2023,2023,BANK BTN,APERSI,tapak,JAMBI,KAB BUNGO,Bathin III,Sungai Binjai,L,SWASTA,3.400.000,PT MITRA SENTOSA MANDIRI,VILLA ADEVA SENTOSA,36,120,150.000.000,192,5%,106.875.000,"12 April, 2023","28 April, 2023"
1578743,2023,2023,BANK BTN,APERSI,tapak,JAMBI,KAB BUNGO,Bathin III,Sungai Binjai,P,SWASTA,4.090.994,PT MITRA SENTOSA MANDIRI,VILLA ADEVA SENTOSA,36,120,150.000.000,240,5%,106.875.000,"12 April, 2023","28 April, 2023"
1578764,2023,2023,BANK BTN,REI,tapak,JAMBI,KAB BUNGO,Rimbo Tengah,Cadika,L,SWASTA,4.000.000,PT CANDIKA KAPITAL PROPERTINDO,CANDIKA ASRI,36,109,150.000.000,240,5%,88.875.000,"12 April, 2023","28 April, 2023"
1578765,2023,2023,BANK BTN,APERSI,tapak,JAMBI,KAB BUNGO,Rimbo Tengah,Sungai Mengkuang,L,SWASTA,5.903.000,PT GRIYA MULYA LESTARI,GRIYA DAKSINAPATI ASRI,36,104,150.500.000,132,5%,107.231.250,"12 April, 2023","28 April, 2023"
1578766,2023,2023,BANK BTN,APERSI,tapak,JAMBI,KAB BUNGO,Rimbo Tengah,Sungai Mengkuang,L,SWASTA,8.000.000,PT GRIYA MULYA LESTARI,GRIYA DAKSINAPATI ASRI,36,104,150.500.000,120,5%,107.231.250,"12 April, 2023","28 April, 2023"
1578768,2023,2023,BANK BTN,APERSI,tapak,JAMBI,KAB BUNGO,Bathin III,Bungo Taman Agung,P,SWASTA,3.087.000,PT JAYA BAKTI PERMATA SARI,PURWOBAKTI INDAH DUO,36,120,150.500.000,240,5%,106.875.000,"13 April, 2023","28 April, 2023"
1578770,2023,2023,BANK BTN,REI,tapak,JAMBI,KAB BUNGO,Bathin III,Manggis,L,SWASTA,4.429.172,PT CIPTA JAYA EWISA,BUNGO CIPTA GRAHA 5,36,108,150.500.000,180,5%,107.231.250,"13 April, 2023","28 April, 2023"
1579604,2023,2023,BANK BTN,REI,tapak,JAMBI,KAB BUNGO,Bathin III,Manggis,L,TNI/POLRI,5.744.600,PT CIPTA JAYA EWISA,BUNGO CIPTA GRAHA 5,36,108,150.500.000,240,5%,107.231.250,"26 April, 2023","28 April, 2023"
1581155,2023,2023,BANK BTN,APERSI,tapak,JAMBI,KAB BUNGO,Rimbo Tengah,Cadika,L,SWASTA,7.640.381,PT SINAR PENYELAMAT UMAT,AL KAUTSAR RESIDENCE 5,36,90,150.500.000,180,5%,108.675.000,"10 April, 2023","2 May, 2023"
1581179,2023,2023,BANK BTN,APERSI,tapak,JAMBI,KAB BUNGO,Rimbo Tengah,Sungai Mengkuang,L,SWASTA,5.400.000,PT SINAR PENYELAMAT UMAT,AL KAUTSAR RESIDENCE 6,36,104,150.500.000,180,5%,108.746.250,"10 April, 2023","2 May, 2023"
1581267,2023,2023,BANK BTN,REI,tapak,JAMBI,KAB BUNGO,Bungo Dani,Talang Pantai,L,TNI/POLRI,6.909.000,PT ANUGERAH REZEKI BERSAUDARA MADANI,BUNGO DANI RESIDENCE,36,169,130.000.000,180,5%,92.625.000,"10 April, 2023","2 May, 2023"
1582322,2023,2023,BANK JAMBI,APERSI,tapak,JAMBI,KAB BUNGO,Bathin III,Sungai Binjai,P,SWASTA,2.700.000,PT CHYNTA AZZUHRA SEJAHTERA,SKB RESIDENCE,36,110,150.500.000,156,5%,97.875.000,"17 April, 2023","2 May, 2023"
1582323,2023,2023,BANK JAMBI,APERSI,tapak,JAMBI,KAB BUNGO,Bathin III,Sungai Binjai,P,WIRASWASTA,2.870.000,PT CHYNTA AZZUHRA SEJAHTERA,SKB RESIDENCE,36,102,150.500.000,120,5%,94.875.000,"17 April, 2023","2 May, 2023"
1582326,2023,2023,BANK JAMBI,REI,tapak,JAMBI,KAB BUNGO,Pelepat Ilir,Purwosari,L,SWASTA,3.000.000,PT JINGGA DIRGA PUSPITA,JINGGA KEDATON,36,100,150.500.000,240,5%,107.231.250,"17 April, 2023","2 May, 2023"
1582327,2023,2023,BANK JAMBI,REI,tapak,JAMBI,KAB BUNGO,Pelepat Ilir,Purwosari,L,SWASTA,3.005.278,PT JINGGA DIRGA PUSPITA,JINGGA KEDATON,36,100,150.500.000,180,5%,101.625.000,"17 April, 2023","2 May, 2023"
1583456,2023,2023,BANK BTN,APERSI,tapak,JAMBI,KAB BUNGO,Rimbo Tengah,Sungai Mengkuang,P,WIRASWASTA,4.500.000,PT SINAR PENYELAMAT UMAT,AL KAUTSAR RESIDENCE 6,36,104,150.500.000,180,5%,108.675.000,"28 April, 2023","5 May, 2023"
1583484,2023,2023,BANK BTN,APERSI,tapak,JAMBI,KAB BUNGO,Rimbo Tengah,Sungai Mengkuang,L,SWASTA,3.900.000,PT SINAR PENYELAMAT UMAT,AL KAUTSAR RESIDENCE 6,36,104,150.500.000,240,5%,108.746.250,"28 April, 2023","5 May, 2023"
1589415,2023,2023,BANK BRI,REI,tapak,JAMBI,KAB BUNGO,Rimbo Tengah,Sungai Mengkuang,L,SWASTA,4.700.000,PT CAHAYA BINTANG FENDRA,BARCELONA,36,71,150.500.000,240,5%,107.231.250,"18 April, 2023","2 May, 2023"
1589433,2023,2023,BANK BRI,REI,tapak,JAMBI,KAB BUNGO,Rimbo Tengah,Sungai Mengkuang,P,SWASTA,3.100.000,PT CAHAYA BINTANG FENDRA,BARCELONA,36,71,150.500.000,120,5%,107.231.250,"18 April, 2023","2 May, 2023"
1603973,2023,2023,BANK BTN,REI,tapak,JAMBI,KAB BUNGO,Rimbo Tengah,Sungai Mengkuang,L,SWASTA,3.600.000,PT BERKAH CIPTA PERKASA,AL MADINAH 2,36,108,150.500.000,192,5%,107.231.250,"5 May, 2023","12 May, 2023"
1605835,2023,2023,BANK BNI,REI,tapak,JAMBI,KAB BUNGO,Bungo Dani,Talang Pantai,L,SWASTA,3.527.333,PT PERMATA REAL ESTATE,PERMATA SEI KERJAN,36,144,150.500.000,120,5%,107.250.000,"11 May, 2023","15 May, 2023"
1609233,2023,2023,BANK BTN,REI,tapak,JAMBI,KAB BUNGO,Rimbo Tengah,Sungai Mengkuang,P,SWASTA,4.800.000,PT BERKAH CIPTA PERKASA,AL MADINAH 2,36,108,150.500.000,240,5%,107.231.250,"12 May, 2023","16 May, 2023"
1609276,2023,2023,BANK BTN,REI,tapak,JAMBI,KAB BUNGO,Rimbo Tengah,Sungai Mengkuang,P,SWASTA,4.200.000,PT BERKAH CIPTA PERKASA,AL MADINAH 2,36,108,150.500.000,180,5%,107.231.250,"12 May, 2023","16 May, 2023"
1609712,2023,2023,BANK BTN,APERSI,tapak,JAMBI,KAB BUNGO,Rimbo Tengah,Sungai Mengkuang,L,SWASTA,5.000.000,PT SINAR PENYELAMAT UMAT,AL KAUTSAR RESIDENCE 6,36,104,150.500.000,240,5%,108.675.000,"28 April, 2023","16 May, 2023"
1609838,2023,2023,BANK BTN,REI,tapak,JAMBI,KAB BUNGO,Rimbo Tengah,Pasir Putih,L,SWASTA,4.000.000,PT MITRA HARAPAN KENTJANA,GRAHA BUNGO KENTJANA,36,84,150.500.000,204,5%,107.231.250,"28 April, 2023","16 May, 2023"
1611701,2023,2023,BANK BNI,APERSI,tapak,JAMBI,KAB BUNGO,Rimbo Tengah,Cadika,P,SWASTA,3.935.000,PT SINAR PENYELAMAT UMAT,AL KAUTSAR RESIDENCE 5,36,94,150.500.000,180,5%,108.375.000,"12 May, 2023","17 May, 2023"
1613911,2023,2023,BANK BTN,REI,tapak,JAMBI,KAB BUNGO,Bungo Dani,Sungai Kerjan,L,SWASTA,4.300.000,PT BERKAH CIPTA PERKASA,AZIZIYAH RESIDENCE,36,96,150.500.000,180,5%,107.231.250,"12 May, 2023","22 May, 2023"
1614153,2023,2023,BANK BTN,REI,tapak,JAMBI,KAB BUNGO,Bathin III,Manggis,L,SWASTA,5.091.000,PT CIPTA JAYA EWISA,BUNGO CIPTA GRAHA 5,36,169,150.500.000,156,5%,107.231.250,"16 May, 2023","22 May, 2023"
1614158,2023,2023,BANK BTN,REI,tapak,JAMBI,KAB BUNGO,Bathin III,Manggis,L,SWASTA,7.645.000,PT CIPTA JAYA EWISA,BUNGO CIPTA GRAHA 5,36,108,150.500.000,180,5%,107.231.250,"16 May, 2023","22 May, 2023"
1614253,2023,2023,BANK BTN,REI,tapak,JAMBI,KAB BUNGO,Rimbo Tengah,Sungai Mengkuang,L,SWASTA,4.646.617,PT BERKAH CIPTA PERKASA,AL MADINAH 2,36,108,150.500.000,192,5%,107.231.250,"17 May, 2023","22 May, 2023"
1614984,2023,2023,BANK JAMBI,APERSI,tapak,JAMBI,KAB BUNGO,Bathin III,Sungai Binjai,P,WIRASWASTA,3.278.340,PT CHYNTA AZZUHRA SEJAHTERA,SKB RESIDENCE,36,102,150.500.000,240,5%,107.231.250,"17 April, 2023","22 May, 2023"
1620062,2023,2023,BANK BTN,APERSI,tapak,JAMBI,KAB BUNGO,Rimbo Tengah,Sungai Mengkuang,P,SWASTA,5.000.000,PT GRIYA MULYA LESTARI,GRIYA DAKSINAPATI ASRI,36,104,150.500.000,144,5%,107.231.250,"22 May, 2023","25 May, 2023"
1620235,2023,2023,BANK BTN,REI,tapak,JAMBI,KAB BUNGO,Bungo Dani,Sungai Kerjan,P,SWASTA,6.950.000,PT BERKAH CIPTA PERKASA,AZIZIYAH RESIDENCE,36,96,150.500.000,240,5%,101.595.000,"23 May, 2023","25 May, 2023"
1622438,2023,2023,BANK BNI,APERSI,tapak,JAMBI,KAB BUNGO,Bathin III,Manggis,P,SWASTA,3.142.042,PT MITRA SENTOSA MANDIRI,SENTOSA RESIDENCE,36,108,150.500.000,240,5%,107.250.000,"24 May, 2023","26 May, 2023"
1622484,2023,2023,BANK BNI,APERSI,tapak,JAMBI,KAB BUNGO,Bathin III,Manggis,L,SWASTA,4.422.667,PT MITRA SENTOSA MANDIRI,SENTOSA RESIDENCE,36,108,150.500.000,180,5%,107.250.000,"23 May, 2023","26 May, 2023"
1622518,2023,2023,BANK JAMBI,APERSI,tapak,JAMBI,KAB BUNGO,Bathin III,Sungai Binjai,L,SWASTA,2.500.000,PT CHYNTA AZZUHRA SEJAHTERA,SKB RESIDENCE,36,102,150.500.000,216,5%,107.231.250,"19 May, 2023","26 May, 2023"
1623923,2023,2023,BANK BTN,REI,tapak,JAMBI,KAB BUNGO,Bathin III,Bungo Taman Agung,P,WIRASWASTA,6.600.000,PT BUNGO GRAHA INDAH,GRAHA NUSA INDAH,36,108,150.000.000,240,5%,106.875.000,"25 May, 2023","26 May, 2023"
1623941,2023,2023,BANK BTN,REI,tapak,JAMBI,KAB BUNGO,Bathin III,Manggis,P,SWASTA,7.250.000,PT CIPTA JAYA EWISA,BUNGO CIPTA GRAHA 5,36,108,150.500.000,240,5%,107.231.250,"25 May, 2023","26 May, 2023"
1623945,2023,2023,BANK BTN,REI,tapak,JAMBI,KAB BUNGO,Bathin III,Manggis,P,SWASTA,5.016.453,PT CITRA NAE ZIDNI,GRIYA BAROKAH,36,108,150.500.000,180,5%,107.231.250,"25 May, 2023","26 May, 2023"
1623955,2023,2023,BANK BTN,REI,tapak,JAMBI,KAB BUNGO,Bathin III,Manggis,L,SWASTA,4.874.173,PT CITRA NAE ZIDNI,GRIYA BAROKAH,36,108,150.500.000,180,5%,107.231.250,"25 May, 2023","26 May, 2023"
1632204,2023,2023,BANK BTN,APERSI,tapak,JAMBI,KAB BUNGO,Rimbo Tengah,Sungai Mengkuang,L,WIRASWASTA,3.600.000,PT KARYA ABADI WIGUNA,BUNGO PERSADA INDAH 3,36,84,140.000.000,240,5%,100.950.000,"25 May, 2023","29 May, 2023"
1641804,2023,2023,BANK BTN,APERSI,tapak,JAMBI,KAB BUNGO,Bathin III,Sungai Binjai,P,SWASTA,3.677.000,PT MITRA SENTOSA MANDIRI,VILLA ADEVA SENTOSA,36,120,150.000.000,180,5%,106.875.000,"29 May, 2023","31 May, 2023"
1643474,2023,2023,BANK BNI,REI,tapak,JAMBI,KAB BUNGO,Rimbo Tengah,Sungai Mengkuang,L,SWASTA,3.325.000,PT BERKAH CIPTA PERKASA,AL MADINAH 2,36,108,150.500.000,240,5%,107.250.000,"29 May, 2023","31 May, 2023"
1646969,2023,2023,BANK BTN,REI,tapak,JAMBI,KAB BUNGO,Rimbo Tengah,Pasir Putih,P,WIRASWASTA,6.000.000,PT MARGA MULYA INDAH ASRI,MULIA INDAH ASRI 2,36,84,150.500.000,240,5%,106.875.000,"30 May, 2023","31 May, 2023"
1647108,2023,2023,BANK BTN,REI,tapak,JAMBI,KAB BUNGO,Bathin III,Manggis,P,SWASTA,3.000.000,PT CIPTA JAYA EWISA,BUNGO CIPTA GRAHA 5,36,108,150.500.000,240,5%,107.231.250,"30 May, 2023","31 May, 2023"
1649669,2023,2023,BANK BTN,REI,tapak,JAMBI,KAB BUNGO,Bathin III,Bungo Taman Agung,L,SWASTA,2.943.000,PT BUNGO GRAHA INDAH,GRAHA NUSA INDAH,36,108,150.000.000,240,5%,106.875.000,"31 May, 2023","6 June, 2023"
1649829,2023,2023,BANK BTN,APERSI,tapak,JAMBI,KAB BUNGO,Rimbo Tengah,Sungai Mengkuang,P,SWASTA,4.400.000,PT GRIYA MULYA LESTARI,GRIYA DAKSINAPATI ASRI,36,104,150.500.000,192,5%,107.231.250,"31 May, 2023","6 June, 2023"
1649834,2023,2023,BANK BTN,REI,tapak,JAMBI,KAB BUNGO,Rimbo Tengah,Sungai Mengkuang,P,SWASTA,5.400.000,PT KHOVIZ LANSKAP PROPERTI,PESSONA BUNGO RESIDENCE,36,120,150.500.000,204,5%,107.231.250,"31 May, 2023","6 June, 2023"
1649835,2023,2023,BANK BTN,REI,tapak,JAMBI,KAB BUNGO,Rimbo Tengah,Sungai Mengkuang,P,SWASTA,6.000.000,PT KHOVIZ LANSKAP PROPERTI,PESSONA BUNGO RESIDENCE,36,108,150.500.000,192,5%,107.231.250,"31 May, 2023","6 June, 2023"
1664599,2023,2023,BANK BTN,APERSI,tapak,JAMBI,KAB BUNGO,Rimbo Tengah,Sungai Mengkuang,L,SWASTA,5.021.000,PT GRIYA MULYA LESTARI,GRIYA DAKSINAPATI ASRI,36,104,150.500.000,108,5%,106.875.000,"7 June, 2023","9 June, 2023"
1665852,2023,2023,BANK MANDIRI,APERSI,tapak,JAMBI,KAB BUNGO,Rimbo Tengah,Sungai Mengkuang,L,PNS,5.325.200,PT GRIYA MULYA LESTARI,GRIYA DAKSINAPATI ASRI,36,127,150.500.000,180,5%,108.746.250,"25 May, 2023","12 June, 2023"
1667423,2023,2023,BANK BTN,APERSI,tapak,JAMBI,KAB BUNGO,Rimbo Tengah,Sungai Mengkuang,P,WIRASWASTA,6.600.000,PT SINAR PENYELAMAT UMAT,AL KAUTSAR RESIDENCE 6,36,104,150.500.000,156,5%,108.746.250,"8 June, 2023","13 June, 2023"
1667619,2023,2023,BANK BTN,REI,tapak,JAMBI,KAB BUNGO,Rimbo Tengah,Sungai Mengkuang,L,SWASTA,4.776.000,PT KHOVIZ LANSKAP PROPERTI,PESSONA BUNGO RESIDENCE,36,108,150.500.000,168,5%,107.231.250,"9 June, 2023","13 June, 2023"
1667625,2023,2023,BANK BTN,REI,tapak,JAMBI,KAB BUNGO,Rimbo Tengah,Sungai Mengkuang,L,SWASTA,4.710.000,PT KHOVIZ LANSKAP PROPERTI,PESSONA BUNGO RESIDENCE,36,120,150.500.000,192,5%,107.231.250,"9 June, 2023","13 June, 2023"
1669783,2023,2023,BANK BTN,REI,tapak,JAMBI,KAB BUNGO,Rimbo Tengah,Sungai Mengkuang,L,SWASTA,3.230.000,PT BERKAH CIPTA PERKASA,AL MADINAH 2,36,108,150.500.000,240,5%,107.231.250,"12 June, 2023","14 June, 2023"
1672507,2023,2023,BANK BNI,REI,tapak,JAMBI,KAB BUNGO,Bungo Dani,Sungai Kerjan,L,SWASTA,2.650.000,PT BERKAH CIPTA PERKASA,AZIZIYAH RESIDENCE,36,172,150.500.000,180,5%,107.250.000,"7 June, 2023","15 June, 2023"
1673059,2023,2023,BANK SYARIAH INDONESIA,APERSI,tapak,JAMBI,KAB BUNGO,Bathin III,Sungai Binjai,L,SWASTA,1.500.000,PT CHYNTA AZZUHRA SEJAHTERA,SKB RESIDENCE,36,108,150.500.000,180,5%,107.231.250,"9 June, 2023","15 June, 2023"
1674182,2023,2023,BANK JAMBI,APERSI,tapak,JAMBI,KAB BUNGO,Bathin III,Sungai Binjai,L,SWASTA,2.500.000,PT CHYNTA AZZUHRA SEJAHTERA,SKB RESIDENCE,36,110,150.500.000,132,5%,107.231.250,"26 May, 2023","19 June, 2023"
1677329,2023,2023,BANK BTN,REI,tapak,JAMBI,KAB BUNGO,Bungo Dani,Sungai Kerjan,L,SWASTA,4.178.042,PT BERKAH CIPTA PERKASA,AZIZIYAH RESIDENCE,36,96,150.500.000,192,5%,107.231.250,"12 June, 2023","20 June, 2023"
1678113,2023,2023,BANK BTN,REI,tapak,JAMBI,KAB BUNGO,Bathin III,Manggis,L,SWASTA,4.425.000,PT CIPTA JAYA EWISA,BUNGO CIPTA GRAHA 5,36,108,150.500.000,240,5%,107.231.250,"13 June, 2023","20 June, 2023"
1678189,2023,2023,BANK BTN,REI,tapak,JAMBI,KAB BUNGO,Bathin III,Manggis,P,SWASTA,3.963.873,PT CIPTA JAYA EWISA,BUNGO CIPTA GRAHA 5,36,108,150.500.000,240,5%,108.746.250,"13 June, 2023","20 June, 2023"
1678192,2023,2023,BANK BTN,REI,tapak,JAMBI,KAB BUNGO,Bathin III,Manggis,L,SWASTA,3.000.000,PT CIPTA JAYA EWISA,BUNGO CIPTA GRAHA 5,36,108,150.500.000,228,5%,108.746.250,"13 June, 2023","20 June, 2023"
1678199,2023,2023,BANK BTN,REI,tapak,JAMBI,KAB BUNGO,Bathin III,Manggis,P,SWASTA,3.384.007,PT CIPTA JAYA EWISA,BUNGO CIPTA GRAHA 5,36,108,150.500.000,192,5%,108.746.250,"13 June, 2023","20 June, 2023"
1678210,2023,2023,BANK BTN,REI,tapak,JAMBI,KAB BUNGO,Bathin III,Manggis,P,SWASTA,4.957.000,PT CITRA NAE ZIDNI,GRIYA BAROKAH,36,138,150.500.000,192,5%,107.231.250,"13 June, 2023","20 June, 2023"
1678211,2023,2023,BANK BTN,REI,tapak,JAMBI,KAB BUNGO,Bathin III,Manggis,P,SWASTA,4.325.313,PT CITRA NAE ZIDNI,GRIYA BAROKAH,36,138,150.500.000,192,5%,107.231.250,"13 June, 2023","20 June, 2023"
1678212,2023,2023,BANK BTN,REI,tapak,JAMBI,KAB BUNGO,Bathin III,Manggis,P,SWASTA,4.972.000,PT CITRA NAE ZIDNI,GRIYA BAROKAH,36,138,150.500.000,240,5%,107.231.250,"14 June, 2023","20 June, 2023"
1678213,2023,2023,BANK BTN,REI,tapak,JAMBI,KAB BUNGO,Bathin III,Manggis,L,SWASTA,4.400.000,PT CITRA NAE ZIDNI,GRIYA BAROKAH,36,108,150.500.000,240,5%,107.231.250,"13 June, 2023","20 June, 2023"
1678408,2023,2023,BANK BTN,REI,tapak,JAMBI,KAB BUNGO,Bathin III,Manggis,P,SWASTA,3.500.000,PT CITRA NAE ZIDNI,GRIYA BAROKAH,36,139,150.500.000,240,5%,107.231.250,"14 June, 2023","20 June, 2023"
1678415,2023,2023,BANK BTN,APERSI,tapak,JAMBI,KAB BUNGO,Rimbo Tengah,Sungai Mengkuang,P,SWASTA,2.735.000,PT GRIYA MULYA LESTARI,GRIYA DAKSINAPATI ASRI,36,104,150.500.000,240,5%,102.225.000,"14 June, 2023","20 June, 2023"
1678628,2023,2023,BANK BTN,REI,tapak,JAMBI,KAB BUNGO,Rimbo Tengah,Pasir Putih,L,SWASTA,5.823.000,PT MITRA HARAPAN KENTJANA,GRAHA BUNGO KENTJANA,36,120,150.500.000,240,5%,107.231.250,"15 June, 2023","20 June, 2023"
1678695,2023,2023,BANK BTN,APERSI,tapak,JAMBI,KAB BUNGO,Rimbo Tengah,Cadika,P,SWASTA,4.282.000,PT SINAR PENYELAMAT UMAT,AL KAUTSAR RESIDENCE 5,36,90,150.500.000,192,5%,108.746.250,"15 June, 2023","20 June, 2023"
1678709,2023,2023,BANK BTN,APERSI,tapak,JAMBI,KAB BUNGO,Rimbo Tengah,Cadika,P,SWASTA,7.543.675,PT SINAR PENYELAMAT UMAT,AL KAUTSAR RESIDENCE 5,36,94,150.500.000,164,5%,108.746.250,"15 June, 2023","20 June, 2023"
1678769,2023,2023,BANK BTN,APERSI,tapak,JAMBI,KAB BUNGO,Rimbo Tengah,Sungai Mengkuang,P,SWASTA,7.917.445,PT SINAR PENYELAMAT UMAT,AL KAUTSAR RESIDENCE 6,36,104,150.500.000,180,5%,108.746.250,"15 June, 2023","20 June, 2023"
1678802,2023,2023,BANK BTN,REI,tapak,JAMBI,KAB BUNGO,Bathin III,Manggis,P,SWASTA,3.500.000,PT CITRA NAE ZIDNI,GRIYA BAROKAH,36,108,150.500.000,240,5%,107.231.250,"15 June, 2023","20 June, 2023"
1678809,2023,2023,BANK BTN,REI,tapak,JAMBI,KAB BUNGO,Bathin III,Manggis,P,SWASTA,4.297.000,PT CITRA NAE ZIDNI,GRIYA BAROKAH,36,108,150.500.000,192,5%,107.231.250,"15 June, 2023","20 June, 2023"
1678840,2023,2023,BANK BTN,REI,tapak,JAMBI,KAB BUNGO,Bathin III,Manggis,L,SWASTA,3.000.000,PT CITRA NAE ZIDNI,GRIYA BAROKAH,36,108,150.500.000,240,5%,107.231.250,"15 June, 2023","20 June, 2023"
1679393,2023,2023,BANK BTN,APERSI,tapak,JAMBI,KAB BUNGO,Rimbo Tengah,Sungai Mengkuang,L,SWASTA,5.000.000,PT SINAR PENYELAMAT UMAT,AL KAUTSAR RESIDENCE 6,36,104,150.500.000,204,5%,108.746.250,"16 June, 2023","20 June, 2023"
1679602,2023,2023,BANK BTN,REI,tapak,JAMBI,KAB BUNGO,Bathin III,Bungo Taman Agung,P,SWASTA,5.500.000,PT BUNGO GRAHA INDAH,GRAHA NUSA INDAH,36,108,150.000.000,120,5%,106.875.000,"13 June, 2023","20 June, 2023"
1679615,2023,2023,BANK BTN,APERSI,tapak,JAMBI,KAB BUNGO,Rimbo Tengah,Sungai Mengkuang,L,SWASTA,5.073.000,PT SINAR PENYELAMAT UMAT,AL KAUTSAR RESIDENCE 6,36,104,150.500.000,180,5%,108.746.250,"16 June, 2023","20 June, 2023"
1682497,2023,2023,BANK BTN,REI,tapak,JAMBI,KAB BUNGO,Bathin III,Manggis,L,SWASTA,3.000.000,PT CIPTA JAYA EWISA,BUNGO CIPTA GRAHA 5,36,108,150.500.000,240,5%,107.231.250,"19 June, 2023","22 June, 2023"
1682499,2023,2023,BANK BTN,REI,tapak,JAMBI,KAB BUNGO,Bathin III,Manggis,L,SWASTA,5.500.000,PT CIPTA JAYA EWISA,BUNGO CIPTA GRAHA 5,36,108,150.500.000,240,5%,107.231.250,"19 June, 2023","22 June, 2023"
1682558,2023,2023,BANK BTN,APERSI,tapak,JAMBI,KAB BUNGO,Bathin III,Sungai Binjai,L,SWASTA,3.800.000,PT MITRA SENTOSA MANDIRI,VILLA ADEVA SENTOSA,36,120,150.000.000,240,5%,106.875.000,"19 June, 2023","22 June, 2023"
1682692,2023,2023,BANK BTN,REI,tapak,JAMBI,KAB BUNGO,Bathin III,Manggis,L,SWASTA,5.100.000,PT CITRA NAE ZIDNI,GRIYA BAROKAH,36,108,150.500.000,180,5%,107.231.250,"20 June, 2023","22 June, 2023"
1687851,2023,2023,BANK BTN,REI,tapak,JAMBI,KAB BUNGO,Bathin III,Bungo Taman Agung,P,WIRASWASTA,7.950.000,PT BUNGO GRAHA INDAH,GRAHA NUSA INDAH,36,108,150.000.000,168,5%,102.300.000,"21 June, 2023","23 June, 2023"
1687855,2023,2023,BANK BTN,REI,tapak,JAMBI,KAB BUNGO,Bathin III,Bungo Taman Agung,P,SWASTA,3.484.057,PT BUNGO GRAHA INDAH,GRAHA NUSA INDAH,36,108,150.000.000,192,5%,106.875.000,"21 June, 2023","23 June, 2023"
1687856,2023,2023,BANK BTN,REI,tapak,JAMBI,KAB BUNGO,Bathin III,Bungo Taman Agung,P,SWASTA,3.626.000,PT BUNGO GRAHA INDAH,GRAHA NUSA INDAH,36,108,150.000.000,192,5%,106.875.000,"21 June, 2023","23 June, 2023"
1687857,2023,2023,BANK BTN,REI,tapak,JAMBI,KAB BUNGO,Rimbo Tengah,Sungai Mengkuang,P,SWASTA,3.500.000,PT BERKAH CIPTA PERKASA,AL MADINAH 2,36,108,150.500.000,240,5%,107.231.250,"20 June, 2023","23 June, 2023"
1687881,2023,2023,BANK BTN,REI,tapak,JAMBI,KAB BUNGO,Bathin III,Manggis,L,SWASTA,4.885.904,PT CIPTA JAYA EWISA,BUNGO CIPTA GRAHA 5,36,108,150.500.000,240,5%,108.746.250,"20 June, 2023","23 June, 2023"
1687886,2023,2023,BANK BTN,REI,tapak,JAMBI,KAB BUNGO,Bathin III,Manggis,L,WIRASWASTA,6.900.000,PT CIPTA JAYA EWISA,BUNGO CIPTA GRAHA 5,36,108,150.500.000,180,5%,107.231.250,"20 June, 2023","23 June, 2023"
1687901,2023,2023,BANK BTN,REI,tapak,JAMBI,KAB BUNGO,Bathin III,Manggis,L,SWASTA,3.500.000,PT CIPTA JAYA EWISA,BUNGO CIPTA GRAHA 5,36,114,150.500.000,192,5%,108.746.250,"20 June, 2023","23 June, 2023"
1691880,2023,2023,BANK BTN,REI,tapak,JAMBI,KAB BUNGO,Bungo Dani,Talang Pantai,P,SWASTA,3.100.000,PT ANUGERAH REZEKI BERSAUDARA MADANI,BUNGO DANI RESIDENCE 3,36,146,150.500.000,216,5%,107.231.250,"23 June, 2023","27 June, 2023"
1691950,2023,2023,BANK BTN,APERSI,tapak,JAMBI,KAB BUNGO,Bathin III,Manggis,L,SWASTA,5.000.000,PT LIDYA JAYA ABADI,BUNGO GRIYA ABADI,36,108,150.500.000,204,5%,107.231.250,"22 June, 2023","27 June, 2023"
1692305,2023,2023,BANK BTN,REI,tapak,JAMBI,KAB BUNGO,Bathin III,Manggis,P,SWASTA,7.268.000,PT CITRA NAE ZIDNI,GRIYA BAROKAH,36,108,150.500.000,204,5%,107.231.250,"23 June, 2023","27 June, 2023"
1694376,2023,2023,BANK BNI,APERSI,tapak,JAMBI,KAB BUNGO,Rimbo Tengah,Sungai Mengkuang,L,SWASTA,4.389.270,PT SINAR PENYELAMAT UMAT,AL KAUTSAR RESIDENCE 6,36,104,150.500.000,180,5%,108.375.000,"23 June, 2023","27 June, 2023"
1695970,2023,2023,BANK BTN,REI,tapak,JAMBI,KAB BUNGO,Rimbo Tengah,Pasir Putih,P,SWASTA,3.000.000,PT ARAH BANGUN PRESTASI MANDIRI,PURI INDAH MARSAWA,36,72,150.000.000,228,5%,106.875.000,"23 June, 2023","27 June, 2023"
1696224,2023,2023,BANK BTN,APERSI,tapak,JAMBI,KAB BUNGO,Rimbo Tengah,Sungai Mengkuang,L,SWASTA,3.900.000,PT GRIYA MULYA LESTARI,GRIYA DAKSINAPATI ASRI,36,104,150.500.000,204,5%,107.231.250,"26 June, 2023","27 June, 2023"
1697235,2023,2023,BANK BTN,APERSI,tapak,JAMBI,KAB BUNGO,Rimbo Tengah,Cadika,L,WIRASWASTA,7.100.000,PT SINAR PENYELAMAT UMAT,AL KAUTSAR RESIDENCE 5,36,90,150.500.000,192,5%,108.746.250,"26 June, 2023","27 June, 2023"
1697306,2023,2023,BANK BTN,REI,tapak,JAMBI,KAB BUNGO,Bathin III,Manggis,P,SWASTA,4.572.000,PT CITRA NAE ZIDNI,GRIYA BAROKAH,36,108,150.500.000,204,5%,107.231.250,"26 June, 2023","27 June, 2023"
1697309,2023,2023,BANK BTN,APERSI,tapak,JAMBI,KAB BUNGO,Rimbo Tengah,Cadika,P,SWASTA,4.061.679,PT SINAR PENYELAMAT UMAT,AL KAUTSAR RESIDENCE 5,36,94,150.500.000,240,5%,108.746.250,"26 June, 2023","27 June, 2023"
1698643,2023,2023,BANK BTN,APERSI,tapak,JAMBI,KAB BUNGO,Bathin III,Sungai Binjai,L,SWASTA,3.100.000,PT CHYNTA AZZUHRA SEJAHTERA,SKB RESIDENCE,36,102,150.500.000,240,5%,107.231.250,"26 June, 2023","3 July, 2023"
1700002,2023,2023,BANK BTN,APERSI,tapak,JAMBI,KAB BUNGO,Rimbo Tengah,Cadika,P,SWASTA,7.100.000,PT SINAR PENYELAMAT UMAT,AL KAUTSAR RESIDENCE 5,36,90,150.500.000,180,5%,108.746.250,"27 June, 2023","3 July, 2023"
1700005,2023,2023,BANK BTN,REI,tapak,JAMBI,KAB BUNGO,Bathin III,Manggis,L,SWASTA,3.500.000,PT CIPTA JAYA EWISA,BUNGO CIPTA GRAHA 5,36,108,150.500.000,204,5%,107.231.250,"27 June, 2023","3 July, 2023"
1700364,2023,2023,BANK BTN,APERSI,tapak,JAMBI,KAB BUNGO,Rimbo Tengah,Sungai Mengkuang,L,WIRASWASTA,4.600.000,PT SINAR PENYELAMAT UMAT,AL KAUTSAR RESIDENCE 6,36,104,150.500.000,180,5%,108.746.250,"27 June, 2023","3 July, 2023"
1700408,2023,2023,BANK BTN,APERSI,tapak,JAMBI,KAB BUNGO,Rimbo Tengah,Sungai Mengkuang,P,SWASTA,7.000.000,PT SINAR PENYELAMAT UMAT,AL KAUTSAR RESIDENCE 6,36,104,150.500.000,192,5%,108.746.250,"27 June, 2023","3 July, 2023"
1700526,2023,2023,BANK BTN,REI,tapak,JAMBI,KAB BUNGO,Bathin III,Manggis,L,SWASTA,4.948.686,PT Wijoyo Oridina Properti,BUNGO CITY RESIDENCE 2,36,"112,5",150.000.000,240,5%,106.875.000,"27 June, 2023","3 July, 2023"
1701432,2023,2023,BANK BTN,APERSI,tapak,JAMBI,KAB BUNGO,Bathin III,Sungai Binjai,L,SWASTA,4.000.000,PT CHYNTA AZZUHRA SEJAHTERA,SKB RESIDENCE,36,126,150.500.000,204,5%,107.231.250,"26 June, 2023","3 July, 2023"
1701513,2023,2023,BANK BTN,APERSI,tapak,JAMBI,KAB BUNGO,Rimbo Tengah,Sungai Mengkuang,P,SWASTA,4.466.453,PT GRIYA MULYA LESTARI,GRIYA DAKSINAPATI ASRI,36,104,150.500.000,240,5%,107.231.250,"26 June, 2023","3 July, 2023"
1703218,2023,2023,BANK BTN,APERSI,tapak,JAMBI,KAB BUNGO,Bathin III,Sungai Binjai,P,WIRASWASTA,5.000.000,PT CHYNTA AZZUHRA SEJAHTERA,SKB RESIDENCE,36,102,150.500.000,204,5%,107.231.250,"26 June, 2023","4 July, 2023"
1703225,2023,2023,BANK BTN,APERSI,tapak,JAMBI,KAB BUNGO,Rimbo Tengah,Sungai Mengkuang,L,SWASTA,2.921.466,PT BANGUN TIGA ARTHA,PONDOK SIGINJAI SARI,36,120,150.000.000,240,5%,106.875.000,"26 June, 2023","4 July, 2023"
1703665,2023,2023,BANK BTN,APERSI,tapak,JAMBI,KAB BUNGO,Rimbo Tengah,Sungai Mengkuang,L,WIRASWASTA,5.100.000,PT SINAR PENYELAMAT UMAT,AL KAUTSAR RESIDENCE 6,36,104,150.500.000,240,5%,108.746.250,"27 June, 2023","4 July, 2023"
1703668,2023,2023,BANK BTN,APERSI,tapak,JAMBI,KAB BUNGO,Rimbo Tengah,Sungai Mengkuang,P,SWASTA,3.820.000,PT SINAR PENYELAMAT UMAT,AL KAUTSAR RESIDENCE 6,36,104,150.500.000,204,5%,108.746.250,"27 June, 2023","4 July, 2023"
1703808,2023,2023,BANK BTN,REI,tapak,JAMBI,KAB BUNGO,Rimbo Tengah,Pasir Putih,P,SWASTA,4.500.000,PT MITRA HARAPAN KENTJANA,GRAHA BUNGO KENTJANA,36,96,150.500.000,132,5%,107.231.250,"27 June, 2023","4 July, 2023"
1707833,2023,2023,BANK BTN,APERSI,tapak,JAMBI,KAB BUNGO,Bathin III,Sungai Binjai,P,SWASTA,6.600.000,PT CHYNTA AZZUHRA SEJAHTERA,SKB RESIDENCE,36,108,150.500.000,192,5%,107.231.250,"3 July, 2023","6 July, 2023"
1709761,2023,2023,BANK BTN,REI,tapak,JAMBI,KAB BUNGO,Rimbo Tengah,Cadika,P,SWASTA,4.000.000,PT CANDIKA KAPITAL PROPERTINDO,CANDIKA ASRI,36,108,150.000.000,240,5%,106.875.000,"5 July, 2023","7 July, 2023"
1711327,2023,2023,BANK BNI,APERSI,tapak,JAMBI,KAB BUNGO,Rimbo Tengah,Sungai Mengkuang,L,SWASTA,3.595.312,PT GRIYA MULYA LESTARI,GRIYA DAKSINAPATI ASRI,36,104,150.500.000,180,5%,107.250.000,"6 July, 2023","10 July, 2023"
1712815,2023,2023,BANK BTN,REI,tapak,JAMBI,KAB BUNGO,Bungo Dani,Talang Pantai,P,WIRASWASTA,3.000.000,PT ANUGERAH REZEKI BERSAUDARA MADANI,BUNGO DANI RESIDENCE 3,36,108,150.500.000,240,5%,107.231.250,"7 July, 2023","12 July, 2023"
1712837,2023,2023,BANK BTN,REI,tapak,JAMBI,KAB BUNGO,Bathin III,Manggis,L,SWASTA,4.000.000,PT CIPTA JAYA EWISA,BUNGO CIPTA GRAHA 5,36,108,150.500.000,240,5%,108.746.250,"7 July, 2023","12 July, 2023"
1712950,2023,2023,BANK BTN,REI,tapak,JAMBI,KAB BUNGO,Batin II Babeko,Tanjung Menanti,L,SWASTA,3.000.000,PT PETRA CIPTA UTAMA,GREEN PETRA 2,36,108,150.500.000,240,5%,106.875.000,"7 July, 2023","12 July, 2023"
1713048,2023,2023,BANK BTN,REI,tapak,JAMBI,KAB BUNGO,Bathin III,Manggis,L,TNI/POLRI,6.848.300,PT CIPTA JAYA EWISA,BUNGO CIPTA GRAHA 5,36,108,150.500.000,240,5%,108.746.250,"7 July, 2023","12 July, 2023"
1713050,2023,2023,BANK BTN,REI,tapak,JAMBI,KAB BUNGO,Bungo Dani,Talang Pantai,L,SWASTA,4.590.000,PT ANUGERAH REZEKI BERSAUDARA MADANI,BUNGO DANI RESIDENCE 3,36,139,150.500.000,192,5%,107.231.250,"6 July, 2023","12 July, 2023"
1713053,2023,2023,BANK BTN,APERSI,tapak,JAMBI,KAB BUNGO,Bathin III,Bungo Taman Agung,L,TNI/POLRI,6.234.600,PT JAYA BAKTI PERMATA SARI,PURWOBAKTI INDAH DUO,36,120,150.000.000,240,5%,106.856.250,"6 July, 2023","12 July, 2023"
1713239,2023,2023,BANK BTN,REI,tapak,JAMBI,KAB BUNGO,Bathin III,Manggis,P,SWASTA,4.587.131,PT CITRA NAE ZIDNI,GRIYA BAROKAH,36,108,150.500.000,240,5%,107.231.250,"7 July, 2023","12 July, 2023"
1713240,2023,2023,BANK BTN,REI,tapak,JAMBI,KAB BUNGO,Bathin III,Manggis,P,SWASTA,4.442.000,PT CITRA NAE ZIDNI,GRIYA BAROKAH,36,108,150.500.000,240,5%,107.231.250,"7 July, 2023","12 July, 2023"
1728198,2023,2023,BANK BTN,REI,tapak,JAMBI,KAB BUNGO,Bathin III,Manggis,L,SWASTA,3.971.377,PT CIPTA JAYA EWISA,BUNGO CIPTA GRAHA 5,36,116,150.500.000,240,5%,107.231.250,"17 July, 2023","24 July, 2023"
1728199,2023,2023,BANK BTN,APERSI,tapak,JAMBI,KAB BUNGO,Rimbo Tengah,Sungai Mengkuang,L,SWASTA,5.000.000,PT GRIYA MULYA LESTARI,GRIYA DAKSINAPATI ASRI,36,104,150.500.000,180,5%,107.231.250,"17 July, 2023","24 July, 2023"
1729055,2023,2023,BANK BTN,APERSI,tapak,JAMBI,KAB BUNGO,Rimbo Tengah,Sungai Mengkuang,P,SWASTA,5.341.533,PT GRIYA MULYA LESTARI,GRIYA DAKSINAPATI ASRI,36,104,150.500.000,204,5%,107.231.250,"17 July, 2023","24 July, 2023"
1729263,2023,2023,BANK BTN,APERSI,tapak,JAMBI,KAB BUNGO,Rimbo Tengah,Sungai Mengkuang,P,SWASTA,4.480.000,PT BANGUN TIGA ARTHA,PONDOK SIGINJAI SARI,36,120,150.000.000,180,5%,106.875.000,"18 July, 2023","24 July, 2023"
1729271,2023,2023,BANK BTN,APERSI,tapak,JAMBI,KAB BUNGO,Bathin III,Manggis,P,SWASTA,3.690.000,PT LIDYA JAYA ABADI,BUNGO GRIYA ABADI,36,108,150.500.000,204,5%,107.231.250,"18 July, 2023","24 July, 2023"
1729334,2023,2023,BANK BTN,REI,tapak,JAMBI,KAB BUNGO,Rimbo Tengah,Sungai Mengkuang,L,SWASTA,4.200.000,PT BERKAH CIPTA PERKASA,AL MADINAH 2,36,108,150.500.000,204,5%,107.231.250,"18 July, 2023","24 July, 2023"
1729336,2023,2023,BANK BTN,REI,tapak,JAMBI,KAB BUNGO,Bungo Dani,Sungai Kerjan,L,SWASTA,4.000.000,PT BERKAH CIPTA PERKASA,AZIZIYAH RESIDENCE,36,96,150.500.000,204,5%,107.231.250,"18 July, 2023","24 July, 2023"
1729353,2023,2023,BANK BTN,REI,tapak,JAMBI,KAB BUNGO,Bungo Dani,Sungai Kerjan,P,WIRASWASTA,3.600.000,PT BERKAH CIPTA PERKASA,AZIZIYAH RESIDENCE,36,96,150.500.000,180,5%,107.231.250,"18 July, 2023","24 July, 2023"
1729354,2023,2023,BANK BTN,REI,tapak,JAMBI,KAB BUNGO,Rimbo Tengah,Sungai Mengkuang,L,SWASTA,3.560.000,PT KHOVIZ LANSKAP PROPERTI,PESSONA BUNGO RESIDENCE,36,108,150.500.000,192,5%,107.231.250,"18 July, 2023","24 July, 2023"
1729357,2023,2023,BANK BTN,REI,tapak,JAMBI,KAB BUNGO,Bungo Dani,Sungai Kerjan,P,SWASTA,3.700.000,PT BERKAH CIPTA PERKASA,AZIZIYAH RESIDENCE,36,96,150.500.000,216,5%,107.231.250,"18 July, 2023","24 July, 2023"
1729393,2023,2023,BANK BTN,REI,tapak,JAMBI,KAB BUNGO,Rimbo Tengah,Sungai Mengkuang,L,SWASTA,3.000.000,PT KHOVIZ LANSKAP PROPERTI,PESSONA BUNGO RESIDENCE,36,108,150.500.000,240,5%,107.231.250,"18 July, 2023","24 July, 2023"
1729457,2023,2023,BANK BTN,APERSI,tapak,JAMBI,KAB BUNGO,Rimbo Tengah,Cadika,L,WIRASWASTA,7.000.000,PT SINAR PENYELAMAT UMAT,AL KAUTSAR RESIDENCE 5,36,90,150.500.000,180,5%,108.746.250,"18 July, 2023","24 July, 2023"
1731958,2023,2023,BANK BTN,REI,tapak,JAMBI,KAB BUNGO,Bathin III,Manggis,L,SWASTA,4.183.404,PT CIPTA JAYA EWISA,BUNGO CIPTA GRAHA 5,36,118,150.500.000,180,5%,108.746.250,"20 July, 2023","24 July, 2023"
1731962,2023,2023,BANK BTN,REI,tapak,JAMBI,KAB BUNGO,Rimbo Tengah,Cadika,P,SWASTA,5.720.000,PT CANDIKA KAPITAL PROPERTINDO,CANDIKA ASRI,36,108,150.000.000,240,5%,106.875.000,"20 July, 2023","24 July, 2023"
1731963,2023,2023,BANK BTN,REI,tapak,JAMBI,KAB BUNGO,Bathin III,Manggis,L,SWASTA,5.100.000,PT CIPTA JAYA EWISA,BUNGO CIPTA GRAHA 5,36,108,150.500.000,192,5%,108.746.250,"20 July, 2023","24 July, 2023"
1732029,2023,2023,BANK BTN,APERSI,tapak,JAMBI,KAB BUNGO,Rimbo Tengah,Cadika,L,WIRASWASTA,5.000.000,PT SINAR PENYELAMAT UMAT,AL KAUTSAR RESIDENCE 5,36,90,150.500.000,192,5%,108.746.250,"20 July, 2023","24 July, 2023"
1736906,2023,2023,BANK BTN,APERSI,tapak,JAMBI,KAB BUNGO,Rimbo Tengah,Sungai Mengkuang,P,SWASTA,3.900.000,PT GRIYA MULYA LESTARI,GRIYA DAKSINAPATI ASRI,36,104,150.500.000,240,5%,107.231.250,"21 July, 2023","25 July, 2023"
1736913,2023,2023,BANK BTN,REI,tapak,JAMBI,KAB BUNGO,Bathin III,Manggis,P,SWASTA,4.700.000,PT CITRA NAE ZIDNI,GRIYA BAROKAH,36,108,150.500.000,240,5%,107.231.250,"20 July, 2023","25 July, 2023"
1736965,2023,2023,BANK BTN,REI,tapak,JAMBI,KAB BUNGO,Rimbo Tengah,Pasir Putih,L,PNS,2.550.000,PT MITRA HARAPAN KENTJANA,GRAHA BUNGO KENTJANA,36,91,150.500.000,240,5%,107.231.250,"20 July, 2023","25 July, 2023"
1736984,2023,2023,BANK BTN,APERSI,tapak,JAMBI,KAB BUNGO,Rimbo Tengah,Cadika,P,SWASTA,4.300.000,PT SINAR PENYELAMAT UMAT,AL KAUTSAR RESIDENCE 5,36,90,150.500.000,192,5%,108.746.250,"20 July, 2023","25 July, 2023"
1738265,2023,2023,BANK BNI,APERSI,tapak,JAMBI,KAB BUNGO,Bathin III,Manggis,L,WIRASWASTA,6.943.100,PT MITRA SENTOSA MANDIRI,SENTOSA RESIDENCE,36,108,150.500.000,120,5%,107.250.000,"11 July, 2023","25 July, 2023"
1738452,2023,2023,BANK BNI,REI,tapak,JAMBI,KAB BUNGO,Bungo Dani,Talang Pantai,L,SWASTA,4.325.328,PT PERMATA REAL ESTATE,PERMATA SEI KERJAN,36,144,150.500.000,180,5%,107.250.000,"11 July, 2023","25 July, 2023"
1738463,2023,2023,BANK BNI,APERSI,tapak,JAMBI,KAB BUNGO,Bathin III,Manggis,L,SWASTA,3.649.498,PT MITRA SENTOSA MANDIRI,SENTOSA RESIDENCE,36,108,150.500.000,120,5%,107.250.000,"13 July, 2023","25 July, 2023"
1741376,2023,2023,BANK BTN,APERSI,tapak,JAMBI,KAB BUNGO,Bathin III,Sungai Binjai,P,SWASTA,3.196.000,PT CHYNTA AZZUHRA SEJAHTERA,SKB RESIDENCE,36,108,150.500.000,204,5%,107.231.250,"24 July, 2023","27 July, 2023"
1741377,2023,2023,BANK BTN,APERSI,tapak,JAMBI,KAB BUNGO,Rimbo Tengah,Sungai Mengkuang,L,SWASTA,4.100.000,PT GRIYA MULYA LESTARI,GRIYA DAKSINAPATI ASRI,36,104,150.500.000,204,5%,107.231.250,"25 July, 2023","27 July, 2023"
1741438,2023,2023,BANK BTN,APERSI,tapak,JAMBI,KAB BUNGO,Bathin III,Sungai Binjai,P,SWASTA,3.500.000,PT MITRA SENTOSA MANDIRI,VILLA ADEVA SENTOSA,36,120,150.000.000,204,5%,106.875.000,"25 July, 2023","27 July, 2023"
1741439,2023,2023,BANK BTN,APERSI,tapak,JAMBI,KAB BUNGO,Bathin III,Sungai Binjai,P,SWASTA,3.400.000,PT MITRA SENTOSA MANDIRI,VILLA ADEVA SENTOSA,36,120,150.000.000,192,5%,106.875.000,"25 July, 2023","27 July, 2023"
1741551,2023,2023,BANK BTN,APERSI,tapak,JAMBI,KAB BUNGO,Bathin III,Sungai Binjai,P,WIRASWASTA,5.000.000,PT CHYNTA AZZUHRA SEJAHTERA,SKB RESIDENCE,36,104,150.500.000,180,5%,107.231.250,"24 July, 2023","27 July, 2023"
1743041,2023,2023,BANK BTN,APERSI,tapak,JAMBI,KAB BUNGO,Bathin III,Sungai Binjai,L,SWASTA,3.850.000,PT MITRA SENTOSA MANDIRI,VILLA ADEVA SENTOSA,36,120,150.000.000,240,5%,106.875.000,"25 July, 2023","27 July, 2023"
1744483,2023,2023,BANK BNI,APERSI,tapak,JAMBI,KAB BUNGO,Bathin III,Manggis,P,SWASTA,3.500.000,PT MITRA SENTOSA MANDIRI,SENTOSA RESIDENCE,36,108,150.500.000,240,5%,107.250.000,"24 July, 2023","28 July, 2023"
1745933,2023,2023,BANK BTN,REI,tapak,JAMBI,KAB BUNGO,Bathin III,Manggis,L,SWASTA,5.200.000,PT Wijoyo Oridina Properti,BUNGO CITY RESIDENCE,36,98,150.000.000,240,5%,108.375.000,"24 July, 2023","27 July, 2023"
1756196,2023,2023,BANK BTN,REI,tapak,JAMBI,KAB BUNGO,Rimbo Tengah,Pasir Putih,L,SWASTA,3.400.000,PT MITRA HARAPAN KENTJANA,GRAHA BUNGO KENTJANA,36,120,150.500.000,204,5%,107.231.250,"27 July, 2023","31 July, 2023"
1759803,2023,2023,BANK BTN,REI,tapak,JAMBI,KAB BUNGO,Rimbo Tengah,Pasir Putih,L,SWASTA,4.830.000,PT MITRA HARAPAN KENTJANA,GRAHA BUNGO KENTJANA,36,114,150.500.000,180,5%,107.231.250,"28 July, 2023","31 July, 2023"
1760136,2023,2023,BANK BTN,REI,tapak,JAMBI,KAB BUNGO,Batin II Babeko,Tanjung Menanti,L,SWASTA,4.948.400,PT PETRA CIPTA UTAMA,GREEN PETRA 2,36,108,150.500.000,240,5%,105.750.000,"27 July, 2023","31 July, 2023"
1760791,2023,2023,BANK BTN,REI,tapak,JAMBI,KAB BUNGO,Bathin III,Manggis,P,WIRASWASTA,4.500.000,PT Wijoyo Oridina Properti,BUNGO CITY RESIDENCE 2,36,"112,5",150.000.000,240,5%,107.231.250,"27 July, 2023","1 August, 2023"
1767826,2023,2023,BANK BTN,APERSI,tapak,JAMBI,KAB BUNGO,Rimbo Tengah,Sungai Mengkuang,L,SWASTA,4.254.760,PT GRIYA MULYA LESTARI,GRIYA DAKSINAPATI ASRI,36,104,150.500.000,204,5%,107.231.250,"28 July, 2023","1 August, 2023"
1767832,2023,2023,BANK BTN,APERSI,tapak,JAMBI,KAB BUNGO,Bathin III,Sungai Binjai,L,SWASTA,3.500.000,PT CHYNTA AZZUHRA SEJAHTERA,SKB RESIDENCE,36,102,150.500.000,204,5%,107.231.250,"28 July, 2023","1 August, 2023"
1767834,2023,2023,BANK BTN,REI,tapak,JAMBI,KAB BUNGO,Bungo Dani,Sungai Kerjan,L,SWASTA,3.345.980,PT BERKAH CIPTA PERKASA,AZIZIYAH RESIDENCE,36,96,150.500.000,240,5%,107.231.250,"28 July, 2023","1 August, 2023"
1767836,2023,2023,BANK BTN,REI,tapak,JAMBI,KAB BUNGO,Bathin III,Manggis,L,SWASTA,5.035.935,PT CIPTA JAYA EWISA,BUNGO CIPTA GRAHA 5,36,108,150.500.000,192,5%,108.746.250,"28 July, 2023","1 August, 2023"
1768606,2023,2023,BANK BTN,REI,tapak,JAMBI,KAB BUNGO,Bathin III,Manggis,L,SWASTA,6.294.439,PT Wijoyo Oridina Properti,BUNGO CITY RESIDENCE 2,36,"112,5",150.000.000,240,5%,108.375.000,"28 July, 2023","1 August, 2023"
1775553,2023,2023,BANK BTN,REI,tapak,JAMBI,KAB BUNGO,Bathin III,Manggis,L,SWASTA,4.728.388,PT Wijoyo Oridina Properti,BUNGO CITY RESIDENCE 2,36,112,150.000.000,240,5%,108.375.000,"28 July, 2023","2 August, 2023"
1775948,2023,2023,BANK BTN,REI,tapak,JAMBI,KAB BUNGO,Bathin III,Bungo Taman Agung,P,SWASTA,4.700.000,PT BUNGO GRAHA INDAH,GRAHA NUSA INDAH,36,108,150.000.000,192,5%,106.875.000,"31 July, 2023","2 August, 2023"
1775954,2023,2023,BANK BTN,REI,tapak,JAMBI,KAB BUNGO,Bathin III,Bungo Taman Agung,P,WIRASWASTA,5.730.000,PT BUNGO GRAHA INDAH,GRAHA NUSA INDAH,36,108,150.000.000,204,5%,106.875.000,"31 July, 2023","2 August, 2023"
1776089,2023,2023,BANK BTN,APERSI,tapak,JAMBI,KAB BUNGO,Bathin III,Sungai Binjai,L,WIRASWASTA,6.000.000,PT CHYNTA AZZUHRA SEJAHTERA,SKB RESIDENCE,36,108,150.500.000,204,5%,107.231.250,"31 July, 2023","2 August, 2023"
1776092,2023,2023,BANK BTN,APERSI,tapak,JAMBI,KAB BUNGO,Rimbo Tengah,Cadika,P,WIRASWASTA,7.000.000,PT SINAR PENYELAMAT UMAT,AL KAUTSAR RESIDENCE 5,36,90,150.500.000,204,5%,108.746.250,"31 July, 2023","2 August, 2023"
1776099,2023,2023,BANK BTN,APERSI,tapak,JAMBI,KAB BUNGO,Rimbo Tengah,Sungai Mengkuang,L,SWASTA,4.701.025,PT SINAR PENYELAMAT UMAT,AL KAUTSAR RESIDENCE 6,36,104,150.500.000,204,5%,108.746.250,"31 July, 2023","2 August, 2023"
1785872,2023,2023,BANK BTN,REI,tapak,JAMBI,KAB BUNGO,Rimbo Tengah,Sungai Mengkuang,P,SWASTA,4.200.000,PT BERKAH CIPTA PERKASA,AL MADINAH 2,36,108,150.500.000,204,5%,107.231.250,"4 August, 2023","9 August, 2023"
1789485,2023,2023,BANK BTN,REI,tapak,JAMBI,KAB BUNGO,Bathin III,Manggis,L,SWASTA,4.000.000,PT CIPTA JAYA EWISA,BUNGO CIPTA GRAHA 5,36,108,150.500.000,240,5%,107.231.250,"7 August, 2023","11 August, 2023"
1789540,2023,2023,BANK BTN,REI,tapak,JAMBI,KAB BUNGO,Bathin III,Manggis,L,SWASTA,5.382.228,PT CIPTA JAYA EWISA,BUNGO CIPTA GRAHA 5,36,108,150.500.000,192,5%,108.746.250,"7 August, 2023","11 August, 2023"
1789558,2023,2023,BANK BTN,REI,tapak,JAMBI,KAB BUNGO,Bathin III,Manggis,L,SWASTA,4.800.000,PT CIPTA JAYA EWISA,BUNGO CIPTA GRAHA 5,36,108,150.500.000,192,5%,108.746.250,"7 August, 2023","11 August, 2023"
1789989,2023,2023,BANK BTN,REI,tapak,JAMBI,KAB BUNGO,Bathin III,Manggis,L,WIRASWASTA,7.500.000,PT BUNGO BATHIN DAMAI,TAMAN CENDANA,36,108,150.500.000,192,5%,107.231.250,"8 August, 2023","11 August, 2023"
1790098,2023,2023,BANK BTN,REI,tapak,JAMBI,KAB BUNGO,Bathin III,Manggis,P,SWASTA,3.000.000,PT BUNGO BATHIN DAMAI,TAMAN CENDANA,36,138,150.500.000,240,5%,107.231.250,"8 August, 2023","11 August, 2023"
1790099,2023,2023,BANK BTN,REI,tapak,JAMBI,KAB BUNGO,Bathin III,Manggis,L,WIRASWASTA,4.100.000,PT BUNGO BATHIN DAMAI,TAMAN CENDANA,36,132,150.500.000,144,5%,107.231.250,"8 August, 2023","11 August, 2023"
1790150,2023,2023,BANK BTN,REI,tapak,JAMBI,KAB BUNGO,Bungo Dani,Sungai Kerjan,P,SWASTA,3.350.000,PT BERKAH CIPTA PERKASA,AZIZIYAH RESIDENCE,36,110,150.500.000,240,5%,107.231.250,"8 August, 2023","11 August, 2023"
1790183,2023,2023,BANK BTN,APERSI,tapak,JAMBI,KAB BUNGO,Rimbo Tengah,Sungai Mengkuang,P,SWASTA,3.700.000,PT SINAR PENYELAMAT UMAT,AL KAUTSAR RESIDENCE 6,36,104,150.500.000,240,5%,108.746.250,"8 August, 2023","11 August, 2023"
1790265,2023,2023,BANK BTN,APERSI,tapak,JAMBI,KAB BUNGO,Rimbo Tengah,Sungai Mengkuang,P,SWASTA,3.200.000,PT BANGUN TIGA ARTHA,PONDOK SIGINJAI SARI,36,120,150.000.000,240,5%,106.875.000,"8 August, 2023","11 August, 2023"
1790270,2023,2023,BANK BTN,REI,tapak,JAMBI,KAB BUNGO,Rimbo Tengah,Pasir Putih,L,SWASTA,3.500.000,PT MITRA HARAPAN KENTJANA,GRAHA BUNGO KENTJANA,36,84,150.500.000,204,5%,107.231.250,"8 August, 2023","11 August, 2023"
1790315,2023,2023,BANK BTN,APERSI,tapak,JAMBI,KAB BUNGO,Rimbo Tengah,Sungai Mengkuang,L,WIRASWASTA,6.500.000,PT SINAR PENYELAMAT UMAT,AL KAUTSAR RESIDENCE 6,36,104,150.500.000,180,5%,108.746.250,"8 August, 2023","11 August, 2023"
1791552,2023,2023,BANK BNI,APERSI,tapak,JAMBI,KAB BUNGO,Rimbo Tengah,Cadika,P,SWASTA,3.790.000,PT SINAR PENYELAMAT UMAT,AL KAUTSAR RESIDENCE 5,36,98,150.500.000,180,5%,108.375.000,"8 August, 2023","14 August, 2023"
1791554,2023,2023,BANK BNI,APERSI,tapak,JAMBI,KAB BUNGO,Rimbo Tengah,Cadika,L,WIRASWASTA,4.331.638,PT SINAR PENYELAMAT UMAT,AL KAUTSAR RESIDENCE 5,36,120,150.500.000,120,5%,108.375.000,"4 August, 2023","14 August, 2023"
1791558,2023,2023,BANK BNI,REI,tapak,JAMBI,KAB BUNGO,Bathin III,Sungai Binjai,L,SWASTA,3.844.160,PT KHAIRUNNISA BUNGO DEMPO,DEMPO RESIDENCE 2,36,108,150.500.000,240,5%,107.250.000,"8 August, 2023","14 August, 2023"
1791564,2023,2023,BANK BNI,APERSI,tapak,JAMBI,KAB BUNGO,Rimbo Tengah,Cadika,L,SWASTA,3.679.600,PT SINAR PENYELAMAT UMAT,AL KAUTSAR RESIDENCE 5,36,97,150.500.000,240,5%,108.375.000,"10 August, 2023","14 August, 2023"
1795700,2023,2023,BANK BTN,APERSI,tapak,JAMBI,KAB BUNGO,Bathin III,Bungo Taman Agung,P,SWASTA,3.008.000,PT JAYA BAKTI PERMATA SARI,PURWOBAKTI INDAH DUO,36,120,150.500.000,240,5%,104.850.000,"8 August, 2023","15 August, 2023"
1796636,2023,2023,BANK SYARIAH INDONESIA,APERSI,tapak,JAMBI,KAB BUNGO,Bathin III,Sungai Binjai,L,SWASTA,1.900.000,PT CHYNTA AZZUHRA SEJAHTERA,SKB RESIDENCE,36,102,150.500.000,120,5%,107.231.250,"10 August, 2023","15 August, 2023"
1797871,2023,2023,BANK BTN,APERSI,tapak,JAMBI,KAB BUNGO,Bathin III,Bungo Taman Agung,L,SWASTA,4.500.000,PT JAYA BAKTI PERMATA SARI,PURWOBAKTI INDAH DUO,36,165,150.500.000,204,5%,107.231.250,"9 August, 2023","16 August, 2023"
1797991,2023,2023,BANK BTN,REI,tapak,JAMBI,KAB BUNGO,Bathin III,Manggis,P,SWASTA,6.667.651,PT Wijoyo Oridina Properti,BUNGO CITY RESIDENCE,36,84,150.000.000,120,5%,108.375.000,"9 August, 2023","16 August, 2023"
1800640,2023,2023,BANK BTN,APERSI,tapak,JAMBI,KAB BUNGO,Rimbo Tengah,Sungai Mengkuang,L,SWASTA,4.125.328,PT GRIYA MULYA LESTARI,GRIYA DAKSINAPATI ASRI,36,104,150.500.000,180,5%,107.231.250,"14 August, 2023","18 August, 2023"
1800643,2023,2023,BANK BTN,APERSI,tapak,JAMBI,KAB BUNGO,Bathin III,Manggis,P,SWASTA,3.200.000,PT LIDYA JAYA ABADI,BUNGO GRIYA ABADI,36,108,150.500.000,240,5%,107.231.250,"14 August, 2023","18 August, 2023"
1804171,2023,2023,BANK BTN,APERSI,tapak,JAMBI,KAB BUNGO,Bathin III,Sungai Binjai,L,TNI/POLRI,4.188.000,PT CHYNTA AZZUHRA SEJAHTERA,SKB RESIDENCE,36,106,150.500.000,240,5%,107.231.250,"14 August, 2023","21 August, 2023"
1804608,2023,2023,BANK BTN,REI,tapak,JAMBI,KAB BUNGO,Batin II Babeko,Tanjung Menanti,P,WIRASWASTA,3.000.000,PT PETRA CIPTA UTAMA,GREEN PETRA 2,36,108,150.500.000,228,5%,106.875.000,"16 August, 2023","21 August, 2023"
1805886,2023,2023,BANK BTN,REI,tapak,JAMBI,KAB BUNGO,Bathin III,Manggis,L,SWASTA,5.947.000,PT CIPTA JAYA EWISA,BUNGO CIPTA GRAHA 5,36,108,150.500.000,204,5%,108.746.250,"16 August, 2023","22 August, 2023"
1805887,2023,2023,BANK BTN,REI,tapak,JAMBI,KAB BUNGO,Rimbo Tengah,Cadika,P,WIRASWASTA,3.500.000,PT CANDIKA KAPITAL PROPERTINDO,CANDIKA ASRI,36,108,150.000.000,240,5%,106.875.000,"15 August, 2023","22 August, 2023"
1805992,2023,2023,BANK BTN,REI,tapak,JAMBI,KAB BUNGO,Batin II Babeko,Tanjung Menanti,P,SWASTA,4.760.612,PT PETRA CIPTA UTAMA,GREEN PETRA 2,36,108,150.500.000,240,5%,106.875.000,"16 August, 2023","22 August, 2023"
1806079,2023,2023,BANK BTN,REI,tapak,JAMBI,KAB BUNGO,Batin II Babeko,Tanjung Menanti,L,WIRASWASTA,3.000.000,PT PETRA CIPTA UTAMA,GREEN PETRA 2,36,108,150.500.000,240,5%,106.875.000,"16 August, 2023","22 August, 2023"
1806178,2023,2023,BANK BTN,REI,tapak,JAMBI,KAB BUNGO,Bathin III,Manggis,L,SWASTA,6.482.000,PT Wijoyo Oridina Properti,BUNGO CITY RESIDENCE 2,36,112,150.000.000,168,5%,106.875.000,"18 August, 2023","22 August, 2023"
1810631,2023,2023,BANK BNI,REI,tapak,JAMBI,KAB BUNGO,Bungo Dani,Talang Pantai,P,SWASTA,3.450.000,PT PERMATA REAL ESTATE,PERMATA SEI KERJAN,36,108,150.500.000,120,5%,107.250.000,"21 August, 2023","24 August, 2023"
1810634,2023,2023,BANK BNI,APERSI,tapak,JAMBI,KAB BUNGO,Bathin III,Manggis,L,WIRASWASTA,6.727.845,PT MITRA SENTOSA MANDIRI,SENTOSA RESIDENCE,36,108,150.500.000,120,5%,107.250.000,"22 August, 2023","24 August, 2023"
1812214,2023,2023,BANK BTN,APERSI,tapak,JAMBI,KAB BUNGO,Bathin III,Sungai Binjai,P,WIRASWASTA,6.000.000,PT CHYNTA AZZUHRA SEJAHTERA,SKB RESIDENCE,36,108,150.500.000,180,5%,101.625.000,"21 August, 2023","24 August, 2023"
1812378,2023,2023,BANK BTN,APERSI,tapak,JAMBI,KAB BUNGO,Rimbo Tengah,Sungai Mengkuang,P,SWASTA,3.200.000,PT GRIYA MULYA LESTARI,GRIYA DAKSINAPATI ASRI,36,104,150.500.000,204,5%,106.875.000,"22 August, 2023","24 August, 2023"
1812418,2023,2023,BANK BTN,APERSI,tapak,JAMBI,KAB BUNGO,Rimbo Tengah,Sungai Mengkuang,L,SWASTA,3.783.044,PT BANGUN TIGA ARTHA,PONDOK SIGINJAI SARI,36,120,150.000.000,240,5%,106.875.000,"21 August, 2023","24 August, 2023"
1812425,2023,2023,BANK BTN,REI,tapak,JAMBI,KAB BUNGO,Rimbo Tengah,Sungai Mengkuang,L,SWASTA,3.700.000,PT BERKAH CIPTA PERKASA,AL MADINAH 2,36,108,150.500.000,204,5%,107.231.250,"21 August, 2023","24 August, 2023"
1812443,2023,2023,BANK BTN,REI,tapak,JAMBI,KAB BUNGO,Bathin III,Manggis,L,SWASTA,4.700.698,PT CITRA NAE ZIDNI,GRIYA BAROKAH,36,108,150.500.000,192,5%,107.231.250,"22 August, 2023","24 August, 2023"
1812463,2023,2023,BANK BTN,APERSI,tapak,JAMBI,KAB BUNGO,Rimbo Tengah,Sungai Mengkuang,L,TNI/POLRI,6.617.900,PT SINAR PENYELAMAT UMAT,AL KAUTSAR RESIDENCE 6,36,104,150.500.000,192,5%,108.746.250,"21 August, 2023","24 August, 2023"
1813807,2023,2023,BANK BTN,APERSI,tapak,JAMBI,KAB BUNGO,Bathin III,Sungai Binjai,L,WIRASWASTA,6.000.000,PT CHYNTA AZZUHRA SEJAHTERA,SKB RESIDENCE,36,118,150.500.000,204,5%,107.231.250,"23 August, 2023","25 August, 2023"
1813933,2023,2023,BANK BTN,REI,tapak,JAMBI,KAB BUNGO,Rimbo Tengah,Pasir Putih,P,WIRASWASTA,5.005.400,PT MARGA MULYA INDAH ASRI,MULIA INDAH ASRI 2,36,119,150.500.000,204,5%,107.231.250,"21 August, 2023","25 August, 2023"
1813943,2023,2023,BANK BTN,REI,tapak,JAMBI,KAB BUNGO,Rimbo Tengah,Pasir Putih,P,WIRASWASTA,7.500.000,PT MARGA MULYA INDAH ASRI,MULIA INDAH ASRI 2,36,84,150.500.000,180,5%,107.231.250,"21 August, 2023","25 August, 2023"
1814065,2023,2023,BANK BTN,REI,tapak,JAMBI,KAB BUNGO,Bathin III,Bungo Taman Agung,P,SWASTA,3.500.000,PT BUNGO GRAHA INDAH,GRAHA NUSA INDAH,36,108,150.000.000,180,5%,106.875.000,"23 August, 2023","25 August, 2023"
1814071,2023,2023,BANK BTN,REI,tapak,JAMBI,KAB BUNGO,Bathin III,Bungo Taman Agung,L,SWASTA,3.300.000,PT BUNGO GRAHA INDAH,GRAHA NUSA INDAH,36,108,150.000.000,240,5%,106.875.000,"23 August, 2023","25 August, 2023"
1814075,2023,2023,BANK BTN,REI,tapak,JAMBI,KAB BUNGO,Bathin III,Bungo Taman Agung,P,WIRASWASTA,8.000.000,PT BUNGO GRAHA INDAH,GRAHA NUSA INDAH,36,108,150.000.000,144,5%,106.875.000,"23 August, 2023","25 August, 2023"
1814157,2023,2023,BANK BTN,REI,tapak,JAMBI,KAB BUNGO,Bathin III,Manggis,L,SWASTA,4.804.050,PT CIPTA JAYA EWISA,BUNGO CIPTA GRAHA 5,36,108,150.500.000,240,5%,108.746.250,"23 August, 2023","25 August, 2023"
1816295,2023,2023,BANK BTN,REI,tapak,JAMBI,KAB BUNGO,Bathin III,Manggis,L,SWASTA,5.248.927,PT CIPTA JAYA EWISA,BUNGO CIPTA GRAHA 5,36,108,150.500.000,180,5%,108.746.250,"24 August, 2023","28 August, 2023"
1820580,2023,2023,BANK BTN,APERSI,tapak,JAMBI,KAB BUNGO,Rimbo Tengah,Sungai Mengkuang,L,SWASTA,7.514.100,PT SINAR PENYELAMAT UMAT,AL KAUTSAR RESIDENCE 6,36,104,150.500.000,204,5%,108.746.250,"24 August, 2023","29 August, 2023"
1824317,2023,2023,BANK BTN,REI,tapak,JAMBI,KAB BUNGO,Bathin III,Manggis,L,SWASTA,4.071.000,PT CITRA NAE ZIDNI,GRIYA BAROKAH,36,108,150.500.000,192,5%,107.231.250,"24 August, 2023","29 August, 2023"
1824327,2023,2023,BANK BTN,REI,tapak,JAMBI,KAB BUNGO,Bathin III,Manggis,L,SWASTA,5.397.333,PT CITRA NAE ZIDNI,GRIYA BAROKAH,36,108,150.500.000,240,5%,107.231.250,"25 August, 2023","29 August, 2023"
1824337,2023,2023,BANK BTN,REI,tapak,JAMBI,KAB BUNGO,Rimbo Tengah,Sungai Mengkuang,P,SWASTA,7.028.000,PT BERKAH CIPTA PERKASA,AL MADINAH 2,36,108,150.500.000,240,5%,107.175.000,"24 August, 2023","29 August, 2023"
1824432,2023,2023,BANK BTN,REI,tapak,JAMBI,KAB BUNGO,Bathin III,Manggis,P,SWASTA,4.072.000,PT CIPTA JAYA EWISA,BUNGO CIPTA GRAHA 5,36,98,150.500.000,240,5%,104.801.250,"24 August, 2023","29 August, 2023"
1825111,2023,2023,BANK MANDIRI,REI,tapak,JAMBI,KAB BUNGO,Rimbo Tengah,Sungai Mengkuang,L,SWASTA,4.410.000,"PT KHOVIZ LANSKAP PROPERTI, PT",Pessona Bungo Residence,36,120,150.500.000,120,5%,107.231.250,"16 August, 2023","30 August, 2023"
1826086,2023,2023,BANK BTN,APERSI,tapak,JAMBI,KAB BUNGO,Bathin III,Sungai Binjai,L,SWASTA,3.259.000,PT CHYNTA AZZUHRA SEJAHTERA,SKB RESIDENCE,36,108,150.500.000,240,5%,107.231.250,"28 August, 2023","30 August, 2023"
1827389,2023,2023,BANK BNI,APERSI,tapak,JAMBI,KAB BUNGO,Rimbo Tengah,Cadika,L,SWASTA,5.370.700,PT SINAR PENYELAMAT UMAT,AL KAUTSAR RESIDENCE 5,36,90,150.500.000,120,5%,108.375.000,"29 August, 2023","31 August, 2023"
1827390,2023,2023,BANK BNI,APERSI,tapak,JAMBI,KAB BUNGO,Rimbo Tengah,Sungai Mengkuang,P,SWASTA,3.600.000,PT GRIYA MULYA LESTARI,GRIYA DAKSINAPATI ASRI,36,104,150.500.000,180,5%,107.250.000,"29 August, 2023","31 August, 2023"
1828781,2023,2023,BANK BTN,APERSI,tapak,JAMBI,KAB BUNGO,Bathin III,Manggis,L,SWASTA,4.892.000,PT MITRA SENTOSA MANDIRI,SENTOSA RESIDENCE,36,137,150.500.000,216,5%,107.231.250,"28 August, 2023","30 August, 2023"
1831559,2023,2023,BANK BTN,APERSI,tapak,JAMBI,KAB BUNGO,Bathin III,Sungai Binjai,L,SWASTA,3.100.000,PT MITRA SENTOSA MANDIRI,VILLA ADEVA SENTOSA,36,120,150.000.000,240,5%,106.875.000,"29 August, 2023","31 August, 2023"
1833407,2023,2023,BANK BTN,REI,tapak,JAMBI,KAB BUNGO,Bathin III,Manggis,P,SWASTA,3.500.000,PT CIPTA JAYA EWISA,BUNGO CIPTA GRAHA 5,36,108,150.500.000,240,5%,108.746.250,"30 August, 2023","31 August, 2023"
1833771,2023,2023,BANK BTN,APERSI,tapak,JAMBI,KAB BUNGO,Rimbo Tengah,Cadika,L,SWASTA,6.865.000,PT SINAR PENYELAMAT UMAT,AL KAUTSAR RESIDENCE 5,36,92,150.500.000,240,5%,108.675.000,"30 August, 2023","31 August, 2023"
1835137,2023,2023,BANK BTN,REI,tapak,JAMBI,KAB BUNGO,Bathin III,Manggis,L,SWASTA,7.600.000,PT Wijoyo Oridina Properti,BUNGO CITY RESIDENCE 2,36,112,150.000.000,180,5%,108.375.000,"30 August, 2023","31 August, 2023"
1835245,2023,2023,BANK BTN,REI,tapak,JAMBI,KAB BUNGO,Rimbo Tengah,Pasir Putih,L,SWASTA,2.850.000,PT MITRA HARAPAN KENTJANA,GRAHA BUNGO KENTJANA,36,90,150.500.000,240,5%,105.731.250,"28 August, 2023","31 August, 2023"
1835425,2023,2023,BANK BTN,REI,tapak,JAMBI,KAB BUNGO,Bathin III,Manggis,L,SWASTA,4.355.000,PT CIPTA JAYA EWISA,BUNGO CIPTA GRAHA 5,36,108,150.500.000,204,5%,108.746.250,"30 August, 2023","31 August, 2023"
1835532,2023,2023,BANK BTN,REI,tapak,JAMBI,KAB BUNGO,Bathin III,Manggis,L,SWASTA,3.000.000,PT CIPTA JAYA EWISA,BUNGO CIPTA GRAHA 5,36,108,150.500.000,240,5%,106.875.000,"30 August, 2023","31 August, 2023"
1835658,2023,2023,BANK BTN,APERSI,tapak,JAMBI,KAB BUNGO,Rimbo Tengah,Sungai Mengkuang,L,WIRASWASTA,6.000.000,PT SINAR PENYELAMAT UMAT,AL KAUTSAR RESIDENCE 6,36,104,150.500.000,240,5%,108.746.250,"30 August, 2023","31 August, 2023"
1835743,2023,2023,BANK BTN,REI,tapak,JAMBI,KAB BUNGO,Rimbo Tengah,Sungai Mengkuang,P,SWASTA,3.405.000,PT KHOVIZ LANSKAP PROPERTI,PESSONA BUNGO RESIDENCE,36,120,150.500.000,192,5%,107.231.250,"30 August, 2023","31 August, 2023"
1835767,2023,2023,BANK BTN,REI,tapak,JAMBI,KAB BUNGO,Rimbo Tengah,Sungai Mengkuang,P,SWASTA,2.949.034,PT KHOVIZ LANSKAP PROPERTI,PESSONA BUNGO RESIDENCE,36,108,150.500.000,240,5%,107.231.250,"30 August, 2023","31 August, 2023"
1838769,2023,2023,BANK BTN,REI,tapak,JAMBI,KAB BUNGO,Bathin III,Manggis,L,SWASTA,6.183.000,PT CIPTA JAYA EWISA,BUNGO CIPTA GRAHA 5,36,108,150.500.000,204,5%,108.746.250,"30 August, 2023","4 September, 2023"
1839189,2023,2023,BANK BTN,APERSI,tapak,JAMBI,KAB BUNGO,Rimbo Tengah,Cadika,P,WIRASWASTA,7.835.000,PT SINAR PENYELAMAT UMAT,AL KAUTSAR RESIDENCE 5,36,90,150.500.000,168,5%,108.746.250,"30 August, 2023","4 September, 2023"
1839438,2023,2023,BANK BTN,APERSI,tapak,JAMBI,KAB BUNGO,Rimbo Tengah,Sungai Mengkuang,L,SWASTA,3.549.279,PT KARYA ABADI WIGUNA,BUNGO PERSADA INDAH 3,36,143,140.000.000,180,5%,99.750.000,"30 August, 2023","4 September, 2023"
1839820,2023,2023,BANK BTN,APERSI,tapak,JAMBI,KAB BUNGO,Rimbo Tengah,Sungai Mengkuang,L,SWASTA,5.312.000,PT KARYA ABADI WIGUNA,BUNGO PERSADA INDAH 3,36,143,140.000.000,144,5%,99.750.000,"30 August, 2023","4 September, 2023"
1845788,2023,2023,BANK JAMBI,APERSI,tapak,JAMBI,KAB BUNGO,Bathin III,Sungai Binjai,L,WIRASWASTA,6.500.000,PT CHYNTA AZZUHRA SEJAHTERA,SKB RESIDENCE,36,110,150.500.000,180,5%,107.231.250,"30 August, 2023","8 September, 2023"
1846685,2023,2023,BANK BTN,REI,tapak,JAMBI,KAB BUNGO,Batin II Babeko,Tanjung Menanti,L,WIRASWASTA,6.000.000,PT PETRA CIPTA UTAMA,GREEN PETRA 2,36,108,150.500.000,240,5%,107.175.000,"5 September, 2023","15 September, 2023"
1846692,2023,2023,BANK BTN,REI,tapak,JAMBI,KAB BUNGO,Rimbo Tengah,Pasir Putih,L,SWASTA,4.898.000,PT ARAH BANGUN PRESTASI MANDIRI,PURI INDAH MARSAWA,36,96,150.000.000,240,5%,106.875.000,"5 September, 2023","15 September, 2023"
1846767,2023,2023,BANK BTN,REI,tapak,JAMBI,KAB BUNGO,Batin II Babeko,Tanjung Menanti,P,SWASTA,3.400.000,PT PETRA CIPTA UTAMA,GREEN PETRA 2,36,108,150.500.000,240,5%,107.231.250,"5 September, 2023","15 September, 2023"
1850123,2023,2023,BANK BRI,REI,tapak,JAMBI,KAB BUNGO,Rimbo Tengah,Sungai Mengkuang,P,LAINNYA,3.225.000,PT CAHAYA BINTANG FENDRA,BARCELONA,36,71,150.500.000,156,5%,107.231.250,"5 September, 2023","14 September, 2023"
1850127,2023,2023,BANK BRI,REI,tapak,JAMBI,KAB BUNGO,Rimbo Tengah,Sungai Mengkuang,L,LAINNYA,3.500.000,PT CAHAYA BINTANG FENDRA,BARCELONA,36,78,150.500.000,240,5%,107.231.250,"5 September, 2023","14 September, 2023"
1852300,2023,2023,BANK JAMBI,APERSI,tapak,JAMBI,KAB BUNGO,Bathin III,Sungai Binjai,L,SWASTA,3.750.000,PT CHYNTA AZZUHRA SEJAHTERA,SKB RESIDENCE,36,102,162.000.000,180,5%,115.425.000,"6 September, 2023","15 September, 2023"
1853950,2023,2023,BANK BTN,REI,tapak,JAMBI,KAB BUNGO,Bathin III,Bungo Taman Agung,P,WIRASWASTA,7.500.000,PT BUNGO GRAHA INDAH,GRAHA NUSA INDAH,36,108,150.000.000,120,5%,106.875.000,"7 September, 2023","19 September, 2023"
1853955,2023,2023,BANK BTN,REI,tapak,JAMBI,KAB BUNGO,Bathin III,Bungo Taman Agung,L,SWASTA,5.000.000,PT BUNGO GRAHA INDAH,GRAHA NUSA INDAH,36,108,150.000.000,240,5%,106.875.000,"7 September, 2023","19 September, 2023"
1853958,2023,2023,BANK BTN,REI,tapak,JAMBI,KAB BUNGO,Bathin III,Bungo Taman Agung,L,SWASTA,3.500.000,PT BUNGO GRAHA INDAH,GRAHA NUSA INDAH,36,108,150.000.000,204,5%,106.875.000,"7 September, 2023","19 September, 2023"
1853966,2023,2023,BANK BTN,REI,tapak,JAMBI,KAB BUNGO,Bathin III,Bungo Taman Agung,P,SWASTA,4.700.000,PT BUNGO GRAHA INDAH,GRAHA NUSA INDAH,36,108,150.000.000,144,5%,106.875.000,"7 September, 2023","19 September, 2023"
1858942,2023,2023,BANK BTN,REI,tapak,JAMBI,KAB BUNGO,Rimbo Tengah,Pasir Putih,L,WIRASWASTA,5.000.000,PT MARGA MULYA INDAH ASRI,MULIA INDAH ASRI 2,36,84,150.500.000,204,5%,107.231.250,"11 September, 2023","20 September, 2023"
1859054,2023,2023,BANK BTN,APERSI,tapak,JAMBI,KAB BUNGO,Bathin III,Bungo Taman Agung,P,SWASTA,3.159.000,PT JAYA BAKTI PERMATA SARI,PURWOBAKTI INDAH DUO,36,120,150.500.000,240,5%,105.000.000,"14 September, 2023","20 September, 2023"
1859073,2023,2023,BANK BTN,REI,tapak,JAMBI,KAB BUNGO,Bathin III,Bungo Taman Agung,L,TNI/POLRI,5.345.500,PT BUNGO GRAHA INDAH,GRAHA NUSA INDAH,36,108,150.000.000,180,5%,106.875.000,"12 September, 2023","20 September, 2023"
1859077,2023,2023,BANK BTN,REI,tapak,JAMBI,KAB BUNGO,Bathin III,Bungo Taman Agung,L,SWASTA,7.550.000,PT BUNGO GRAHA INDAH,GRAHA NUSA INDAH,36,108,150.000.000,240,5%,106.875.000,"12 September, 2023","20 September, 2023"
1859361,2023,2023,BANK BTN,REI,tapak,JAMBI,KAB BUNGO,Bathin III,Manggis,P,SWASTA,6.370.000,PT CIPTA JAYA EWISA,BUNGO CIPTA GRAHA 5,36,108,150.500.000,180,5%,108.746.250,"13 September, 2023","20 September, 2023"
1859365,2023,2023,BANK BTN,REI,tapak,JAMBI,KAB BUNGO,Bathin III,Manggis,L,WIRASWASTA,5.800.000,PT CIPTA JAYA EWISA,BUNGO CIPTA GRAHA 5,36,108,150.500.000,180,5%,107.231.250,"13 September, 2023","20 September, 2023"
1859367,2023,2023,BANK BTN,REI,tapak,JAMBI,KAB BUNGO,Bathin III,Manggis,L,SWASTA,4.345.000,PT CIPTA JAYA EWISA,BUNGO CIPTA GRAHA 5,36,108,150.500.000,180,5%,108.675.000,"13 September, 2023","20 September, 2023"
1859552,2023,2023,BANK BTN,REI,tapak,JAMBI,KAB BUNGO,Bungo Dani,Sungai Kerjan,L,SWASTA,2.884.000,PT BERKAH CIPTA PERKASA,AZIZIYAH RESIDENCE,36,96,150.500.000,240,5%,107.231.250,"13 September, 2023","20 September, 2023"
1860024,2023,2023,BANK BTN,REI,tapak,JAMBI,KAB BUNGO,Bungo Dani,Sungai Kerjan,L,SWASTA,4.800.000,PT BERKAH CIPTA PERKASA,AZIZIYAH RESIDENCE,36,96,150.500.000,180,5%,107.231.250,"15 September, 2023","20 September, 2023"
1860225,2023,2023,BANK BTN,REI,tapak,JAMBI,KAB BUNGO,Bathin III,Manggis,L,SWASTA,3.000.000,PT CITRA NAE ZIDNI,GRIYA BAROKAH,36,108,150.500.000,240,5%,107.231.250,"14 September, 2023","20 September, 2023"
1866726,2023,2023,BANK BNI,REI,tapak,JAMBI,KAB BUNGO,Bungo Dani,Sungai Kerjan,L,SWASTA,4.047.022,PT PERMATA REAL ESTATE,PERMATA SEI KERJAN,36,108,150.500.000,180,5%,107.250.000,"6 September, 2023","20 September, 2023"
1866730,2023,2023,BANK BNI,REI,tapak,JAMBI,KAB BUNGO,Bungo Dani,Talang Pantai,L,SWASTA,3.250.000,PT PERMATA REAL ESTATE,PERMATA SEI KERJAN,36,108,150.500.000,180,5%,107.250.000,"7 September, 2023","20 September, 2023"
1866767,2023,2023,BANK BNI,REI,tapak,JAMBI,KAB BUNGO,Bungo Dani,Talang Pantai,L,SWASTA,3.250.000,PT PERMATA REAL ESTATE,PERMATA SEI KERJAN,36,108,150.500.000,180,5%,107.250.000,"13 September, 2023","20 September, 2023"
1867840,2023,2023,BANK BTN,REI,tapak,JAMBI,KAB BUNGO,Batin II Babeko,Tanjung Menanti,L,SWASTA,4.000.000,PT PETRA CIPTA UTAMA,GREEN PETRA 2,36,108,150.500.000,240,5%,106.875.000,"18 September, 2023","21 September, 2023"
1867920,2023,2023,BANK BTN,REI,tapak,JAMBI,KAB BUNGO,Batin II Babeko,Tanjung Menanti,P,SWASTA,3.500.000,PT PETRA CIPTA UTAMA,GREEN PETRA 2,36,108,150.500.000,240,5%,106.875.000,"18 September, 2023","21 September, 2023"
1869151,2023,2023,BANK BTN,REI,tapak,JAMBI,KAB BUNGO,Rimbo Tengah,Cadika,L,SWASTA,3.327.791,PT CANDIKA KAPITAL PROPERTINDO,CANDIKA ASRI,36,108,150.000.000,204,5%,106.875.000,"19 September, 2023","22 September, 2023"
1869189,2023,2023,BANK BTN,REI,tapak,JAMBI,KAB BUNGO,Rimbo Tengah,Cadika,P,SWASTA,2.850.000,PT CANDIKA KAPITAL PROPERTINDO,CANDIKA ASRI,36,108,150.000.000,240,5%,106.500.000,"19 September, 2023","22 September, 2023"
1874039,2023,2023,BANK BTN,APERSI,tapak,JAMBI,KAB BUNGO,Bathin III,Sungai Binjai,P,SWASTA,4.534.320,PT CHYNTA AZZUHRA SEJAHTERA,SKB RESIDENCE,36,102,150.500.000,204,5%,107.231.250,"21 September, 2023","25 September, 2023"
1876368,2023,2023,BANK BTN,APERSI,tapak,JAMBI,KAB BUNGO,Rimbo Tengah,Sungai Mengkuang,L,SWASTA,3.600.000,PT BANGUN TIGA ARTHA,PONDOK SIGINJAI SARI,36,120,150.000.000,240,5%,106.875.000,"21 September, 2023","26 September, 2023"
1876372,2023,2023,BANK BTN,REI,tapak,JAMBI,KAB BUNGO,Bathin III,Manggis,P,SWASTA,4.000.000,PT CITRA NAE ZIDNI,GRIYA BAROKAH,36,108,150.500.000,240,5%,107.231.250,"21 September, 2023","26 September, 2023"
1878840,2023,2023,BANK BTN,APERSI,tapak,JAMBI,KAB BUNGO,Rimbo Tengah,Sungai Mengkuang,L,SWASTA,4.100.000,PT GRIYA MULYA LESTARI,GRIYA DAKSINAPATI ASRI,36,104,150.500.000,156,5%,106.875.000,"25 September, 2023","29 September, 2023"
1879087,2023,2023,BANK BTN,REI,tapak,JAMBI,KAB BUNGO,Rimbo Tengah,Sungai Mengkuang,L,SWASTA,3.550.000,PT KHOVIZ LANSKAP PROPERTI,PESSONA BUNGO RESIDENCE,36,108,150.500.000,240,5%,82.500.000,"25 September, 2023","29 September, 2023"
1879088,2023,2023,BANK BTN,REI,tapak,JAMBI,KAB BUNGO,Rimbo Tengah,Sungai Mengkuang,L,SWASTA,3.970.000,PT KHOVIZ LANSKAP PROPERTI,PESSONA BUNGO RESIDENCE,36,108,150.500.000,240,5%,107.231.250,"25 September, 2023","29 September, 2023"
1880189,2023,2023,BANK BNI,REI,tapak,JAMBI,KAB BUNGO,Batin II Babeko,Tanjung Menanti,L,SWASTA,3.858.119,PT PETRA CIPTA UTAMA,GREEN PETRA 2,36,108,150.500.000,180,5%,107.250.000,"26 September, 2023","29 September, 2023"
1881111,2023,2023,BANK BTN,APERSI,tapak,JAMBI,KAB BUNGO,Rimbo Tengah,Sungai Mengkuang,P,SWASTA,3.600.000,PT GRIYA MULYA LESTARI,GRIYA DAKSINAPATI ASRI,36,104,150.500.000,204,5%,107.231.250,"25 September, 2023","29 September, 2023"
1882202,2023,2023,BANK BTN,REI,tapak,JAMBI,KAB BUNGO,Bathin III,Manggis,P,WIRASWASTA,4.000.000,PT CITRA NAE ZIDNI,GRIYA BAROKAH,36,108,150.500.000,240,5%,107.231.250,"26 September, 2023","29 September, 2023"
1886001,2023,2023,BANK BTN,APERSI,tapak,JAMBI,KAB BUNGO,Rimbo Tengah,Sungai Mengkuang,L,SWASTA,3.400.000,PT GRIYA MULYA LESTARI,GRIYA DAKSINAPATI ASRI,36,104,150.500.000,204,5%,107.231.250,"25 September, 2023","29 September, 2023"
1886264,2023,2023,BANK BTN,APERSI,tapak,JAMBI,KAB BUNGO,Bathin III,Sungai Binjai,P,WIRASWASTA,7.500.000,PT CHYNTA AZZUHRA SEJAHTERA,SKB RESIDENCE,36,110,150.500.000,180,5%,107.231.250,"26 September, 2023","29 September, 2023"
1886548,2023,2023,BANK BTN,REI,tapak,JAMBI,KAB BUNGO,Bathin III,Manggis,P,WIRASWASTA,5.000.000,PT CITRA NAE ZIDNI,GRIYA BAROKAH,36,108,150.500.000,240,5%,107.231.250,"26 September, 2023","29 September, 2023"
1886725,2023,2023,BANK BTN,REI,tapak,JAMBI,KAB BUNGO,Bathin III,Manggis,L,PNS,3.400.000,PT CIPTA JAYA EWISA,BUNGO CIPTA GRAHA 5,36,108,150.500.000,240,5%,107.231.250,"27 September, 2023","29 September, 2023"
1886728,2023,2023,BANK BTN,REI,tapak,JAMBI,KAB BUNGO,Bathin III,Manggis,P,SWASTA,5.163.200,PT CIPTA JAYA EWISA,BUNGO CIPTA GRAHA 5,36,108,150.500.000,228,5%,108.675.000,"27 September, 2023","29 September, 2023"
1886731,2023,2023,BANK BTN,REI,tapak,JAMBI,KAB BUNGO,Bathin III,Manggis,P,SWASTA,5.800.000,PT CIPTA JAYA EWISA,BUNGO CIPTA GRAHA 5,36,108,150.500.000,240,5%,107.231.250,"27 September, 2023","29 September, 2023"
1886736,2023,2023,BANK BTN,REI,tapak,JAMBI,KAB BUNGO,Bathin III,Bungo Taman Agung,L,SWASTA,3.500.000,PT BUNGO GRAHA INDAH,GRAHA NUSA INDAH,36,108,150.000.000,204,5%,106.875.000,"27 September, 2023","29 September, 2023"
1886740,2023,2023,BANK BTN,APERSI,tapak,JAMBI,KAB BUNGO,Rimbo Tengah,Sungai Mengkuang,P,SWASTA,3.200.000,PT SINAR PENYELAMAT UMAT,AL KAUTSAR RESIDENCE 7,36,98,162.000.000,240,5%,117.225.000,"27 September, 2023","29 September, 2023"
1886741,2023,2023,BANK BTN,APERSI,tapak,JAMBI,KAB BUNGO,Rimbo Tengah,Sungai Mengkuang,L,SWASTA,5.322.584,PT SINAR PENYELAMAT UMAT,AL KAUTSAR RESIDENCE 7,36,98,162.000.000,180,5%,117.225.000,"27 September, 2023","29 September, 2023"
1886748,2023,2023,BANK BTN,APERSI,tapak,JAMBI,KAB BUNGO,Rimbo Tengah,Sungai Mengkuang,P,SWASTA,6.803.000,PT SINAR PENYELAMAT UMAT,AL KAUTSAR RESIDENCE 7,36,98,162.000.000,180,5%,117.225.000,"27 September, 2023","29 September, 2023"
1886750,2023,2023,BANK BTN,APERSI,tapak,JAMBI,KAB BUNGO,Rimbo Tengah,Sungai Mengkuang,P,SWASTA,4.000.000,PT SINAR PENYELAMAT UMAT,AL KAUTSAR RESIDENCE 7,36,98,162.000.000,240,5%,117.225.000,"27 September, 2023","29 September, 2023"
1886921,2023,2023,BANK BTN,APERSI,tapak,JAMBI,KAB BUNGO,Rimbo Tengah,Sungai Mengkuang,L,SWASTA,4.400.000,PT SINAR PENYELAMAT UMAT,AL KAUTSAR RESIDENCE 6,36,104,150.500.000,192,5%,108.746.250,"27 September, 2023","29 September, 2023"
1888997,2023,2023,BANK BTN,REI,tapak,JAMBI,KAB BUNGO,Bathin III,Manggis,L,SWASTA,7.527.070,PT CIPTA JAYA EWISA,BUNGO CIPTA GRAHA 5,36,108,150.500.000,180,5%,108.675.000,"27 September, 2023","3 October, 2023"
1889293,2023,2023,BANK SYARIAH INDONESIA,REI,tapak,JAMBI,KAB BUNGO,Bathin III,Manggis,L,SWASTA,2.430.000,PT Cipta Jaya Ewisa,Bungo Cipta Graha,36,108,150.500.000,180,5%,108.746.250,"29 September, 2023","3 October, 2023"
1897159,2023,2023,BANK BTN,APERSI,tapak,JAMBI,KAB BUNGO,Bathin III,Manggis,P,SWASTA,4.000.000,PT MITRA SENTOSA MANDIRI,SENTOSA RESIDENCE,36,108,150.500.000,240,5%,104.231.250,"29 September, 2023","4 October, 2023"
1897441,2023,2023,BANK BTN,APERSI,tapak,JAMBI,KAB BUNGO,Rimbo Tengah,Sungai Mengkuang,P,SWASTA,3.300.000,PT BANGUN TIGA ARTHA,PONDOK SIGINJAI SARI,36,120,150.000.000,240,5%,106.875.000,"29 September, 2023","4 October, 2023"
1897443,2023,2023,BANK BTN,APERSI,tapak,JAMBI,KAB BUNGO,Rimbo Tengah,Cadika,L,TNI/POLRI,6.881.900,PT SINAR PENYELAMAT UMAT,AL KAUTSAR RESIDENCE 5,36,90,150.500.000,240,5%,108.746.250,"29 September, 2023","4 October, 2023"
1897978,2023,2023,BANK BTN,APERSI,tapak,JAMBI,KAB BUNGO,Rimbo Tengah,Sungai Mengkuang,L,SWASTA,4.000.000,PT SINAR PENYELAMAT UMAT,AL KAUTSAR RESIDENCE 7,36,98,162.000.000,228,5%,117.225.000,"29 September, 2023","4 October, 2023"
1900012,2023,2023,BANK BTN,APERSI,tapak,JAMBI,KAB BUNGO,Rimbo Tengah,Sungai Mengkuang,P,SWASTA,3.882.000,PT SINAR PENYELAMAT UMAT,AL KAUTSAR RESIDENCE 6,36,104,150.500.000,192,5%,108.675.000,"27 September, 2023","4 October, 2023"
1900879,2023,2023,BANK BTN,APERSI,tapak,JAMBI,KAB BUNGO,Rimbo Tengah,Sungai Mengkuang,L,SWASTA,3.500.000,PT SINAR PENYELAMAT UMAT,AL KAUTSAR RESIDENCE 6,36,104,150.500.000,192,5%,108.746.250,"27 September, 2023","4 October, 2023"
1900882,2023,2023,BANK BTN,APERSI,tapak,JAMBI,KAB BUNGO,Rimbo Tengah,Sungai Mengkuang,L,WIRASWASTA,5.000.000,PT SINAR PENYELAMAT UMAT,AL KAUTSAR RESIDENCE 6,36,104,150.500.000,180,5%,108.746.250,"27 September, 2023","4 October, 2023"
1900883,2023,2023,BANK BTN,APERSI,tapak,JAMBI,KAB BUNGO,Rimbo Tengah,Sungai Mengkuang,P,WIRASWASTA,4.000.000,PT SINAR PENYELAMAT UMAT,AL KAUTSAR RESIDENCE 6,36,104,150.500.000,204,5%,108.746.250,"27 September, 2023","4 October, 2023"
1903746,2023,2023,BANK BNI,APERSI,tapak,JAMBI,KAB BUNGO,Rimbo Tengah,Sungai Mengkuang,L,SWASTA,3.800.000,PT GRIYA MULYA LESTARI,GRIYA DAKSINAPATI ASRI,36,104,150.500.000,120,5%,107.250.000,"29 September, 2023","6 October, 2023"
1907867,2023,2023,BANK BTN,REI,tapak,JAMBI,KAB BUNGO,Rimbo Tengah,Sungai Mengkuang,L,SWASTA,4.700.000,PT BERKAH CIPTA PERKASA,AL MADINAH 2,36,108,150.500.000,240,5%,107.231.250,"4 October, 2023","9 October, 2023"
1907926,2023,2023,BANK BTN,REI,tapak,JAMBI,KAB BUNGO,Bathin III,Manggis,P,SWASTA,4.050.000,PT CITRA NAE ZIDNI,GRIYA BAROKAH,36,108,150.500.000,240,5%,107.231.250,"4 October, 2023","9 October, 2023"
1910188,2023,2023,BANK BTN,REI,tapak,JAMBI,KAB BUNGO,Bathin III,Manggis,P,SWASTA,3.000.000,PT CIPTA JAYA EWISA,BUNGO CIPTA GRAHA 5,36,108,150.500.000,228,5%,108.675.000,"5 October, 2023","9 October, 2023"
1910189,2023,2023,BANK BTN,REI,tapak,JAMBI,KAB BUNGO,Bathin III,Manggis,L,WIRASWASTA,7.500.000,PT CIPTA JAYA EWISA,BUNGO CIPTA GRAHA 5,36,108,150.500.000,240,5%,108.675.000,"5 October, 2023","9 October, 2023"
1910213,2023,2023,BANK BTN,REI,tapak,JAMBI,KAB BUNGO,Bungo Dani,Talang Pantai,P,SWASTA,7.100.000,PT ANUGERAH REZEKI BERSAUDARA MADANI,BUNGO DANI RESIDENCE 3,36,93,150.500.000,192,5%,101.748.750,"5 October, 2023","9 October, 2023"
1914990,2023,2023,BANK BTN,REI,tapak,JAMBI,KAB BUNGO,Bathin III,Manggis,L,SWASTA,4.014.103,PT CIPTA JAYA EWISA,BUNGO CIPTA GRAHA 5,36,108,150.500.000,192,5%,108.675.000,"5 October, 2023","12 October, 2023"
1914992,2023,2023,BANK BTN,REI,tapak,JAMBI,KAB BUNGO,Bathin III,Manggis,L,SWASTA,4.700.000,PT CIPTA JAYA EWISA,BUNGO CIPTA GRAHA 5,36,108,150.500.000,156,5%,107.231.250,"5 October, 2023","12 October, 2023"
1915512,2023,2023,BANK BTN,REI,tapak,JAMBI,KAB BUNGO,Bungo Dani,Talang Pantai,P,WIRASWASTA,7.000.000,PT ANUGERAH REZEKI BERSAUDARA MADANI,BUNGO DANI RESIDENCE 3,36,123,150.500.000,144,5%,107.231.250,"6 October, 2023","12 October, 2023"
1919283,2023,2023,BANK BTN,APERSI,tapak,JAMBI,KAB BUNGO,Rimbo Tengah,Sungai Mengkuang,P,SWASTA,5.500.000,PT GRIYA MULYA LESTARI,GRIYA DAKSINAPATI ASRI,36,104,150.500.000,180,5%,106.875.000,"12 October, 2023","18 October, 2023"
1919289,2023,2023,BANK BTN,REI,tapak,JAMBI,KAB BUNGO,Rimbo Tengah,Pasir Putih,P,SWASTA,6.823.000,PT MARGA MULYA INDAH ASRI,MULIA INDAH ASRI 2,36,84,150.500.000,144,5%,107.231.250,"12 October, 2023","18 October, 2023"
1922160,2023,2023,BANK BTN,APERSI,tapak,JAMBI,KAB BUNGO,Rimbo Tengah,Sungai Mengkuang,L,SWASTA,3.300.000,PT SINAR PENYELAMAT UMAT,AL KAUTSAR RESIDENCE 6,36,104,150.500.000,192,5%,106.875.000,"9 October, 2023","18 October, 2023"
1922264,2023,2023,BANK BTN,APERSI,tapak,JAMBI,KAB BUNGO,Bathin III,Sungai Binjai,L,SWASTA,3.185.743,PT MITRA SENTOSA MANDIRI,VILLA ADEVA SENTOSA,36,120,150.000.000,240,5%,106.875.000,"10 October, 2023","18 October, 2023"
1922271,2023,2023,BANK BTN,APERSI,tapak,JAMBI,KAB BUNGO,Rimbo Tengah,Sungai Mengkuang,L,SWASTA,3.100.000,PT GRIYA MULYA LESTARI,GRIYA DAKSINAPATI ASRI,36,104,150.500.000,240,5%,107.231.250,"10 October, 2023","18 October, 2023"
1922272,2023,2023,BANK BTN,APERSI,tapak,JAMBI,KAB BUNGO,Rimbo Tengah,Sungai Mengkuang,L,SWASTA,3.700.000,PT GRIYA MULYA LESTARI,GRIYA DAKSINAPATI ASRI,36,104,150.500.000,204,5%,107.231.250,"10 October, 2023","18 October, 2023"
1922400,2023,2023,BANK BTN,REI,tapak,JAMBI,KAB BUNGO,Batin II Babeko,Tanjung Menanti,L,SWASTA,4.450.000,PT PETRA CIPTA UTAMA,GREEN PETRA 2,36,108,150.500.000,240,5%,106.875.000,"10 October, 2023","18 October, 2023"
1922403,2023,2023,BANK BTN,REI,tapak,JAMBI,KAB BUNGO,Bathin III,Manggis,L,WIRASWASTA,5.800.000,PT CITRA NAE ZIDNI,GRIYA BAROKAH,36,108,150.500.000,240,5%,107.231.250,"10 October, 2023","18 October, 2023"
1922415,2023,2023,BANK BTN,APERSI,tapak,JAMBI,KAB BUNGO,Bathin III,Manggis,P,SWASTA,2.900.000,PT MITRA SENTOSA MANDIRI,SENTOSA RESIDENCE,36,108,150.500.000,240,5%,107.175.000,"11 October, 2023","18 October, 2023"
1922437,2023,2023,BANK BTN,APERSI,tapak,JAMBI,KAB BUNGO,Rimbo Tengah,Sungai Mengkuang,P,SWASTA,5.730.000,PT SINAR PENYELAMAT UMAT,AL KAUTSAR RESIDENCE 7,36,98,162.000.000,192,5%,117.225.000,"10 October, 2023","18 October, 2023"
1922446,2023,2023,BANK BTN,APERSI,tapak,JAMBI,KAB BUNGO,Rimbo Tengah,Cadika,L,SWASTA,5.089.131,PT SINAR PENYELAMAT UMAT,AL KAUTSAR RESIDENCE 5,36,90,150.500.000,180,5%,108.731.250,"10 October, 2023","18 October, 2023"
1922478,2023,2023,BANK BTN,APERSI,tapak,JAMBI,KAB BUNGO,Bathin III,Manggis,P,WIRASWASTA,6.000.000,PT MITRA SENTOSA MANDIRI,SENTOSA RESIDENCE,36,145,150.500.000,240,5%,107.231.250,"11 October, 2023","18 October, 2023"
1922479,2023,2023,BANK BTN,REI,tapak,JAMBI,KAB BUNGO,Bathin III,Bungo Taman Agung,P,SWASTA,5.962.927,PT BUNGO GRAHA INDAH,GRAHA NUSA INDAH,36,108,150.000.000,180,5%,106.875.000,"11 October, 2023","18 October, 2023"
1922484,2023,2023,BANK BTN,REI,tapak,JAMBI,KAB BUNGO,Bathin III,Bungo Taman Agung,L,SWASTA,3.600.000,PT BUNGO GRAHA INDAH,GRAHA NUSA INDAH,36,108,150.000.000,180,5%,106.875.000,"11 October, 2023","18 October, 2023"
1926287,2023,2023,BANK BTN,REI,tapak,JAMBI,KAB BUNGO,Bathin III,Manggis,P,SWASTA,5.500.000,PT CIPTA JAYA EWISA,BUNGO CIPTA GRAHA 5,36,108,150.500.000,192,5%,108.675.000,"18 October, 2023","23 October, 2023"
1926392,2023,2023,BANK BTN,REI,tapak,JAMBI,KAB BUNGO,Bathin III,Manggis,L,SWASTA,4.150.000,PT CITRA NAE ZIDNI,GRIYA BAROKAH,36,108,150.500.000,240,5%,107.231.250,"18 October, 2023","23 October, 2023"
1926393,2023,2023,BANK BTN,REI,tapak,JAMBI,KAB BUNGO,Bathin III,Manggis,P,SWASTA,3.600.000,PT CITRA NAE ZIDNI,GRIYA BAROKAH,36,108,150.500.000,240,5%,107.231.250,"18 October, 2023","23 October, 2023"
1926447,2023,2023,BANK BTN,REI,tapak,JAMBI,KAB BUNGO,Rimbo Tengah,Cadika,L,SWASTA,3.869.000,PT BERKAH CIPTA PERKASA,ZAM ZAM RESIDENCE,36,96,162.000.000,180,5%,115.425.000,"18 October, 2023","23 October, 2023"
1928137,2023,2023,BANK BTN,REI,tapak,JAMBI,KAB BUNGO,Bathin III,Manggis,L,SWASTA,4.100.000,PT CITRA NAE ZIDNI,GRIYA BAROKAH,36,108,150.500.000,192,5%,107.231.250,"18 October, 2023","23 October, 2023"
1928138,2023,2023,BANK BTN,REI,tapak,JAMBI,KAB BUNGO,Bathin III,Manggis,P,SWASTA,3.000.000,PT CITRA NAE ZIDNI,GRIYA BAROKAH,36,108,150.500.000,240,5%,107.231.250,"18 October, 2023","23 October, 2023"
1928141,2023,2023,BANK BTN,REI,tapak,JAMBI,KAB BUNGO,Bathin III,Manggis,L,SWASTA,6.137.000,PT CIPTA JAYA EWISA,BUNGO CIPTA GRAHA 5,36,108,150.500.000,180,5%,108.675.000,"18 October, 2023","23 October, 2023"
1928146,2023,2023,BANK BTN,APERSI,tapak,JAMBI,KAB BUNGO,Rimbo Tengah,Cadika,L,SWASTA,5.942.000,PT SINAR PENYELAMAT UMAT,AL KAUTSAR RESIDENCE 5,36,90,150.500.000,180,5%,108.675.000,"19 October, 2023","23 October, 2023"
1928178,2023,2023,BANK BTN,REI,tapak,JAMBI,KAB BUNGO,Bathin III,Manggis,P,SWASTA,3.550.000,PT CITRA NAE ZIDNI,GRIYA BAROKAH,36,108,150.500.000,240,5%,107.231.250,"18 October, 2023","23 October, 2023"
1928225,2023,2023,BANK BTN,REI,tapak,JAMBI,KAB BUNGO,Bathin III,Bungo Taman Agung,P,WIRASWASTA,3.990.000,PT BUNGO GRAHA INDAH,GRAHA NUSA INDAH,36,108,150.000.000,240,5%,106.875.000,"19 October, 2023","23 October, 2023"
1928317,2023,2023,BANK BTN,APERSI,tapak,JAMBI,KAB BUNGO,Bathin III,Sungai Binjai,L,WIRASWASTA,7.500.000,PT CHYNTA AZZUHRA SEJAHTERA,SKB RESIDENCE,36,108,162.000.000,144,5%,115.425.000,"19 October, 2023","23 October, 2023"
1928943,2023,2023,BANK BNI,APERSI,tapak,JAMBI,KAB BUNGO,Rimbo Tengah,Sungai Mengkuang,L,SWASTA,4.026.000,PT SINAR PENYELAMAT UMAT,AL KAUTSAR RESIDENCE 6,36,104,150.500.000,180,5%,108.375.000,"20 October, 2023","24 October, 2023"
1933595,2023,2023,BANK BTN,APERSI,tapak,JAMBI,KAB BUNGO,Bathin III,Sungai Binjai,P,WIRASWASTA,5.000.000,PT CHYNTA AZZUHRA SEJAHTERA,SKB RESIDENCE,36,123,162.000.000,240,5%,115.425.000,"24 October, 2023","26 October, 2023"
1933638,2023,2023,BANK BTN,APERSI,tapak,JAMBI,KAB BUNGO,Rimbo Tengah,Sungai Mengkuang,L,SWASTA,4.900.000,PT SINAR PENYELAMAT UMAT,AL KAUTSAR RESIDENCE 7,36,98,162.000.000,204,5%,117.225.000,"24 October, 2023","26 October, 2023"
1933641,2023,2023,BANK BTN,APERSI,tapak,JAMBI,KAB BUNGO,Rimbo Tengah,Sungai Mengkuang,L,SWASTA,4.990.000,PT SINAR PENYELAMAT UMAT,AL KAUTSAR RESIDENCE 7,36,98,162.000.000,192,5%,117.225.000,"24 October, 2023","26 October, 2023"
1933711,2023,2023,BANK BTN,REI,tapak,JAMBI,KAB BUNGO,Bathin III,Manggis,P,SWASTA,3.925.310,PT CITRA NAE ZIDNI,GRIYA BAROKAH,36,108,150.500.000,240,5%,107.231.250,"24 October, 2023","26 October, 2023"
1935547,2023,2023,BANK BTN,APERSI,tapak,JAMBI,KAB BUNGO,Rimbo Tengah,Sungai Mengkuang,L,SWASTA,3.169.000,PT SINAR PENYELAMAT UMAT,AL KAUTSAR RESIDENCE 7,36,98,162.000.000,240,5%,117.225.000,"24 October, 2023","27 October, 2023"
1937230,2023,2023,BANK BTN,REI,tapak,JAMBI,KAB BUNGO,Bathin III,Manggis,P,SWASTA,4.650.000,PT CIPTA JAYA EWISA,BUNGO CIPTA GRAHA 5,36,108,150.500.000,180,5%,108.675.000,"26 October, 2023","30 October, 2023"
1937260,2023,2023,BANK BTN,REI,tapak,JAMBI,KAB BUNGO,Bathin III,Manggis,L,WIRASWASTA,6.000.000,PT CIPTA JAYA EWISA,BUNGO CIPTA GRAHA 5,36,108,150.500.000,180,5%,108.675.000,"26 October, 2023","30 October, 2023"
1937261,2023,2023,BANK BTN,REI,tapak,JAMBI,KAB BUNGO,Bathin III,Manggis,P,SWASTA,4.839.000,PT CIPTA JAYA EWISA,BUNGO CIPTA GRAHA 5,36,108,150.500.000,192,5%,108.675.000,"26 October, 2023","30 October, 2023"
1937351,2023,2023,BANK BTN,REI,tapak,JAMBI,KAB BUNGO,Bathin III,Manggis,L,SWASTA,5.871.930,PT CIPTA JAYA EWISA,BUNGO CIPTA GRAHA 5,36,108,150.500.000,180,5%,108.675.000,"26 October, 2023","30 October, 2023"
1940184,2023,2023,BANK BTN,APERSI,tapak,JAMBI,KAB BUNGO,Rimbo Tengah,Sungai Mengkuang,L,SWASTA,5.073.000,PT GRIYA MULYA LESTARI,GRIYA DAKSINAPATI ASRI,36,104,150.500.000,192,5%,107.231.250,"27 October, 2023","31 October, 2023"
1940264,2023,2023,BANK BTN,APERSI,tapak,JAMBI,KAB BUNGO,Bathin III,Sungai Binjai,L,WIRASWASTA,7.000.000,PT CHYNTA AZZUHRA SEJAHTERA,SKB RESIDENCE,36,102,162.000.000,180,5%,115.425.000,"27 October, 2023","31 October, 2023"
1940687,2023,2023,BANK BTN,REI,tapak,JAMBI,KAB BUNGO,Bathin III,Manggis,L,SWASTA,5.710.000,PT CIPTA JAYA EWISA,BUNGO CIPTA GRAHA 5,36,108,150.500.000,204,5%,108.746.250,"26 October, 2023","31 October, 2023"
1944067,2023,2023,BANK BTN,REI,tapak,JAMBI,KAB BUNGO,Rimbo Tengah,Cadika,P,SWASTA,4.100.000,PT BERKAH CIPTA PERKASA,ZAM ZAM RESIDENCE,36,96,162.000.000,204,5%,115.425.000,"27 October, 2023","31 October, 2023"
1944985,2023,2023,BANK BNI,APERSI,tapak,JAMBI,KAB BUNGO,Rimbo Tengah,Sungai Mengkuang,L,SWASTA,3.500.000,PT GRIYA MULYA LESTARI,GRIYA DAKSINAPATI ASRI,36,104,150.500.000,180,5%,107.250.000,"30 October, 2023","31 October, 2023"
1948441,2023,2023,BANK BTN,REI,tapak,JAMBI,KAB BUNGO,Bathin III,Manggis,P,SWASTA,3.000.000,PT CITRA NAE ZIDNI,GRIYA BAROKAH,36,108,150.500.000,240,5%,107.231.250,"30 October, 2023","1 November, 2023"
1948622,2023,2023,BANK BTN,REI,tapak,JAMBI,KAB BUNGO,Bathin III,Manggis,L,SWASTA,5.047.000,PT CIPTA JAYA EWISA,BUNGO CIPTA GRAHA 5,36,108,150.500.000,180,5%,108.675.000,"30 October, 2023","1 November, 2023"
1948741,2023,2023,BANK BTN,APERSI,tapak,JAMBI,KAB BUNGO,Rimbo Tengah,Sungai Mengkuang,P,SWASTA,4.000.000,PT SINAR PENYELAMAT UMAT,AL KAUTSAR RESIDENCE 7,36,90,162.000.000,204,5%,117.225.000,"30 October, 2023","1 November, 2023"
1948742,2023,2023,BANK BTN,APERSI,tapak,JAMBI,KAB BUNGO,Rimbo Tengah,Sungai Mengkuang,P,SWASTA,4.000.000,PT SINAR PENYELAMAT UMAT,AL KAUTSAR RESIDENCE 7,36,98,162.000.000,240,5%,117.225.000,"30 October, 2023","1 November, 2023"
1948776,2023,2023,BANK BTN,APERSI,tapak,JAMBI,KAB BUNGO,Rimbo Tengah,Cadika,L,SWASTA,5.544.529,PT SINAR PENYELAMAT UMAT,AL KAUTSAR RESIDENCE 5,36,105,150.500.000,180,5%,108.746.250,"30 October, 2023","1 November, 2023"
1949645,2023,2023,BANK BNI,APERSI,tapak,JAMBI,KAB BUNGO,Rimbo Tengah,Sungai Mengkuang,P,SWASTA,3.517.474,PT GRIYA MULYA LESTARI,GRIYA DAKSINAPATI ASRI,36,104,150.500.000,180,5%,107.250.000,"25 October, 2023","2 November, 2023"
1953850,2023,2023,BANK BNI,APERSI,tapak,JAMBI,KAB BUNGO,Rimbo Tengah,Cadika,L,SWASTA,2.825.313,PT SINAR PENYELAMAT UMAT,AL KAUTSAR RESIDENCE 5,36,90,150.500.000,180,5%,108.375.000,"31 October, 2023","2 November, 2023"
1966149,2023,2023,BANK BNI,APERSI,tapak,JAMBI,KAB BUNGO,Rimbo Tengah,Sungai Mengkuang,L,SWASTA,3.800.000,PT GRIYA MULYA LESTARI,GRIYA DAKSINAPATI ASRI,36,104,150.500.000,120,5%,107.250.000,"3 November, 2023","6 November, 2023"
1966150,2023,2023,BANK BNI,REI,tapak,JAMBI,KAB BUNGO,Batin II Babeko,Tanjung Menanti,L,WIRASWASTA,4.595.431,PT PETRA CIPTA UTAMA,Green Petra,36,108,150.500.000,120,5%,107.250.000,"3 November, 2023","6 November, 2023"
1976842,2023,2023,BANK BNI,APERSI,tapak,JAMBI,KAB BUNGO,Rimbo Tengah,Sungai Mengkuang,P,SWASTA,6.000.000,PT GRIYA MULYA LESTARI,GRIYA DAKSINAPATI ASRI,36,130,150.500.000,120,5%,107.250.000,"6 November, 2023","9 November, 2023"
1976856,2023,2023,BANK BNI,APERSI,tapak,JAMBI,KAB BUNGO,Rimbo Tengah,Sungai Mengkuang,P,SWASTA,3.209.698,PT GRIYA MULYA LESTARI,GRIYA DAKSINAPATRI ASRI,36,104,150.500.000,180,5%,107.250.000,"7 November, 2023","9 November, 2023"
1976857,2023,2023,BANK BNI,APERSI,tapak,JAMBI,KAB BUNGO,Rimbo Tengah,Sungai Mengkuang,L,SWASTA,5.000.000,PT GRIYA MULYA LESTARI,GRIYA DAKSINAPATI ASRI,36,104,150.500.000,120,5%,107.250.000,"7 November, 2023","9 November, 2023"
1981192,2023,2023,BANK BTN,REI,tapak,JAMBI,KAB BUNGO,Bathin III,Bungo Taman Agung,P,SWASTA,3.300.000,PT BUNGO GRAHA INDAH,GRAHA NUSA INDAH,36,108,150.000.000,240,5%,106.875.000,"7 November, 2023","10 November, 2023"
1981896,2023,2023,BANK BTN,REI,tapak,JAMBI,KAB BUNGO,Bathin III,Bungo Taman Agung,L,WIRASWASTA,3.200.000,PT BUNGO GRAHA INDAH,GRAHA NUSA INDAH,36,108,150.000.000,204,5%,106.875.000,"7 November, 2023","10 November, 2023"
1982108,2023,2023,BANK BTN,APERSI,tapak,JAMBI,KAB BUNGO,Rimbo Tengah,Sungai Mengkuang,L,SWASTA,4.676.869,PT SINAR PENYELAMAT UMAT,AL KAUTSAR RESIDENCE 7,36,98,162.000.000,204,5%,117.225.000,"7 November, 2023","10 November, 2023"
1982113,2023,2023,BANK BTN,APERSI,tapak,JAMBI,KAB BUNGO,Rimbo Tengah,Sungai Mengkuang,L,SWASTA,7.800.000,PT SINAR PENYELAMAT UMAT,AL KAUTSAR RESIDENCE 7,36,98,162.000.000,180,5%,117.225.000,"7 November, 2023","10 November, 2023"
1982116,2023,2023,BANK BTN,REI,tapak,JAMBI,KAB BUNGO,Rimbo Tengah,Cadika,L,TNI/POLRI,7.455.610,PT BERKAH CIPTA PERKASA,ZAM ZAM RESIDENCE,36,96,162.000.000,240,5%,115.425.000,"7 November, 2023","10 November, 2023"
1982154,2023,2023,BANK BTN,REI,tapak,JAMBI,KAB BUNGO,Rimbo Tengah,Sungai Mengkuang,L,SWASTA,2.850.000,PT KHOVIZ LANSKAP PROPERTI,PESSONA BUNGO RESIDENCE,36,108,150.500.000,240,5%,105.000.000,"7 November, 2023","10 November, 2023"
1982159,2023,2023,BANK BTN,REI,tapak,JAMBI,KAB BUNGO,Rimbo Tengah,Sungai Mengkuang,P,SWASTA,4.561.666,PT BERKAH CIPTA PERKASA,AL MADINAH 2,36,108,162.000.000,180,5%,115.425.000,"7 November, 2023","10 November, 2023"
1982249,2023,2023,BANK BTN,REI,tapak,JAMBI,KAB BUNGO,Bathin III,Manggis,P,SWASTA,3.100.000,PT CITRA NAE ZIDNI,GRIYA BAROKAH,36,108,150.500.000,240,5%,106.875.000,"7 November, 2023","10 November, 2023"
1982367,2023,2023,BANK BTN,REI,tapak,JAMBI,KAB BUNGO,Rimbo Tengah,Sungai Mengkuang,P,WIRASWASTA,7.100.000,PT KHOVIZ LANSKAP PROPERTI,PESSONA BUNGO RESIDENCE,36,120,150.500.000,180,5%,99.731.250,"7 November, 2023","10 November, 2023"
1982395,2023,2023,BANK BTN,APERSI,tapak,JAMBI,KAB BUNGO,Bathin III,Manggis,P,SWASTA,3.000.000,PT LIDYA JAYA ABADI,BUNGO GRIYA ABADI,36,108,150.500.000,240,5%,107.231.250,"8 November, 2023","10 November, 2023"
1983017,2023,2023,BANK BNI,APERSI,tapak,JAMBI,KAB BUNGO,Rimbo Tengah,Sungai Mengkuang,L,SWASTA,4.780.615,PT GRIYA MULYA LESTARI,GRIYA DAKSINAPATI ASRI,36,104,150.500.000,180,5%,107.250.000,"7 November, 2023","13 November, 2023"
1983019,2023,2023,BANK BNI,APERSI,tapak,JAMBI,KAB BUNGO,Rimbo Tengah,Sungai Mengkuang,L,SWASTA,3.924.311,PT GRIYA MULYA LESTARI,GRIYA DAKSINAPATI ASRI,36,104,150.500.000,180,5%,107.250.000,"8 November, 2023","13 November, 2023"
1983020,2023,2023,BANK BNI,APERSI,tapak,JAMBI,KAB BUNGO,Rimbo Tengah,Cadika,L,SWASTA,5.545.790,PT SINAR PENYELAMAT UMAT,AL KAUTSAR RESIDENCE 5,36,137,150.500.000,180,5%,108.375.000,"8 November, 2023","13 November, 2023"
1983022,2023,2023,BANK BNI,APERSI,tapak,JAMBI,KAB BUNGO,Rimbo Tengah,Sungai Mengkuang,L,SWASTA,7.325.000,PT GRIYA MULYA LESTARI,GRIYA DAKSINAPATI ASRI,36,104,150.500.000,120,5%,107.250.000,"8 November, 2023","13 November, 2023"
1985817,2023,2023,BANK BTN,REI,tapak,JAMBI,KAB BUNGO,Rimbo Tengah,Sungai Mengkuang,P,SWASTA,4.500.000,PT BERKAH CIPTA PERKASA,AL MADINAH 2,36,108,162.000.000,240,5%,115.425.000,"9 November, 2023","13 November, 2023"
1985905,2023,2023,BANK BTN,APERSI,tapak,JAMBI,KAB BUNGO,Rimbo Tengah,Cadika,P,SWASTA,5.000.000,PT SINAR PENYELAMAT UMAT,AL KAUTSAR RESIDENCE 5,36,113,150.500.000,204,5%,108.675.000,"9 November, 2023","13 November, 2023"
1985924,2023,2023,BANK BTN,APERSI,tapak,JAMBI,KAB BUNGO,Rimbo Tengah,Cadika,P,SWASTA,4.871.000,PT SINAR PENYELAMAT UMAT,AL KAUTSAR RESIDENCE 5,36,109,150.500.000,180,5%,108.675.000,"9 November, 2023","13 November, 2023"
1986010,2023,2023,BANK BTN,REI,tapak,JAMBI,KAB BUNGO,Bathin III,Manggis,L,SWASTA,5.181.000,PT CIPTA JAYA EWISA,BUNGO CIPTA GRAHA 5,36,108,150.500.000,240,5%,108.746.250,"7 November, 2023","13 November, 2023"
1986015,2023,2023,BANK BTN,APERSI,tapak,JAMBI,KAB BUNGO,Rimbo Tengah,Cadika,L,SWASTA,6.687.000,PT SINAR PENYELAMAT UMAT,AL KAUTSAR RESIDENCE 5,36,90,150.500.000,192,5%,108.675.000,"3 November, 2023","13 November, 2023"
1986031,2023,2023,BANK BTN,APERSI,tapak,JAMBI,KAB BUNGO,Rimbo Tengah,Sungai Mengkuang,L,SWASTA,5.415.500,PT SINAR PENYELAMAT UMAT,AL KAUTSAR RESIDENCE 7,36,98,162.000.000,180,5%,117.225.000,"3 November, 2023","13 November, 2023"
1986187,2023,2023,BANK BTN,REI,tapak,JAMBI,KAB BUNGO,Bathin III,Bungo Taman Agung,P,SWASTA,4.387.300,PT BUNGO GRAHA INDAH,GRAHA NUSA INDAH,36,108,150.000.000,180,5%,106.875.000,"7 November, 2023","13 November, 2023"
1986202,2023,2023,BANK BTN,REI,tapak,JAMBI,KAB BUNGO,Bathin III,Bungo Taman Agung,L,SWASTA,6.100.999,PT BUNGO GRAHA INDAH,GRAHA NUSA INDAH,36,108,150.000.000,180,5%,106.875.000,"7 November, 2023","13 November, 2023"
1986206,2023,2023,BANK BTN,REI,tapak,JAMBI,KAB BUNGO,Bathin III,Bungo Taman Agung,P,WIRASWASTA,5.850.000,PT BUNGO GRAHA INDAH,GRAHA NUSA INDAH,36,108,150.000.000,180,5%,106.875.000,"7 November, 2023","13 November, 2023"
1986209,2023,2023,BANK BTN,REI,tapak,JAMBI,KAB BUNGO,Bathin III,Bungo Taman Agung,L,SWASTA,4.369.000,PT BUNGO GRAHA INDAH,GRAHA NUSA INDAH,36,108,150.000.000,192,5%,106.875.000,"7 November, 2023","13 November, 2023"
1986212,2023,2023,BANK BTN,REI,tapak,JAMBI,KAB BUNGO,Bathin III,Bungo Taman Agung,L,SWASTA,5.000.000,PT BUNGO GRAHA INDAH,GRAHA NUSA INDAH,36,108,150.000.000,204,5%,106.875.000,"7 November, 2023","13 November, 2023"
1999788,2023,2023,BANK BTN,REI,tapak,JAMBI,KAB BUNGO,Batin II Babeko,Tanjung Menanti,L,SWASTA,5.700.000,PT PETRA CIPTA UTAMA,GREEN PETRA 2,36,108,150.500.000,120,5%,106.500.000,"10 November, 2023","17 November, 2023"
2000575,2023,2023,BANK BTN,REI,tapak,JAMBI,KAB BUNGO,Bathin III,Manggis,L,WIRASWASTA,4.160.000,PT Wijoyo Oridina Properti,BUNGO CITY RESIDENCE 2,36,98,150.000.000,240,5%,99.375.000,"14 November, 2023","17 November, 2023"
2002563,2023,2023,BANK BTN,REI,tapak,JAMBI,KAB BUNGO,Batin II Babeko,Tanjung Menanti,L,SWASTA,7.787.000,PT PETRA CIPTA UTAMA,GREEN PETRA 2,36,108,150.500.000,192,5%,107.231.250,"13 November, 2023","20 November, 2023"
2002888,2023,2023,BANK BTN,APERSI,tapak,JAMBI,KAB BUNGO,Rimbo Tengah,Sungai Mengkuang,P,SWASTA,5.104.000,PT SINAR PENYELAMAT UMAT,AL KAUTSAR RESIDENCE 7,36,98,162.000.000,192,5%,117.225.000,"15 November, 2023","20 November, 2023"
2002903,2023,2023,BANK BTN,REI,tapak,JAMBI,KAB BUNGO,Bathin III,Manggis,L,WIRASWASTA,5.457.500,PT CIPTA JAYA EWISA,BUNGO CIPTA GRAHA 5,36,108,150.500.000,180,5%,108.675.000,"15 November, 2023","20 November, 2023"
2002942,2023,2023,BANK BTN,REI,tapak,JAMBI,KAB BUNGO,Bathin III,Manggis,L,SWASTA,3.000.000,PT CIPTA JAYA EWISA,BUNGO CIPTA GRAHA 5,36,108,150.500.000,240,5%,108.675.000,"16 November, 2023","20 November, 2023"
2002950,2023,2023,BANK BTN,REI,tapak,JAMBI,KAB BUNGO,Bathin III,Manggis,L,SWASTA,6.286.943,PT CIPTA JAYA EWISA,BUNGO CIPTA GRAHA 5,36,108,150.500.000,180,5%,108.675.000,"16 November, 2023","20 November, 2023"
2003124,2023,2023,BANK BTN,APERSI,tapak,JAMBI,KAB BUNGO,Bathin III,Sungai Binjai,P,SWASTA,3.500.000,PT CHYNTA AZZUHRA SEJAHTERA,SKB RESIDENCE,36,113,162.000.000,204,5%,115.425.000,"14 November, 2023","20 November, 2023"
2003222,2023,2023,BANK BTN,REI,tapak,JAMBI,KAB BUNGO,Bathin III,Manggis,L,SWASTA,4.805.313,PT CIPTA JAYA EWISA,BUNGO CIPTA GRAHA 5,36,108,150.500.000,204,5%,108.675.000,"15 November, 2023","20 November, 2023"
2003228,2023,2023,BANK BTN,REI,tapak,JAMBI,KAB BUNGO,Bathin III,Manggis,L,SWASTA,4.596.678,PT CIPTA JAYA EWISA,BUNGO CIPTA GRAHA 5,36,108,150.500.000,180,5%,108.675.000,"16 November, 2023","20 November, 2023"
2003294,2023,2023,BANK BTN,APERSI,tapak,JAMBI,KAB BUNGO,Bathin III,Sungai Binjai,L,SWASTA,3.000.000,PT CHYNTA AZZUHRA SEJAHTERA,SKB RESIDENCE,36,102,162.000.000,240,5%,110.925.000,"15 November, 2023","20 November, 2023"
2003502,2023,2023,BANK BTN,REI,tapak,JAMBI,KAB BUNGO,Bathin III,Manggis,L,SWASTA,5.002.425,PT CIPTA JAYA EWISA,BUNGO CIPTA GRAHA 5,36,108,150.500.000,180,5%,108.675.000,"15 November, 2023","20 November, 2023"
2003511,2023,2023,BANK BTN,REI,tapak,JAMBI,KAB BUNGO,Bathin III,Manggis,L,SWASTA,3.000.000,PT CIPTA JAYA EWISA,BUNGO CIPTA GRAHA 5,36,108,150.500.000,240,5%,108.675.000,"16 November, 2023","20 November, 2023"
2011604,2023,2023,BANK BTN,REI,tapak,JAMBI,KAB BUNGO,Bathin III,Manggis,L,SWASTA,4.200.000,PT CITRA NAE ZIDNI,GRIYA BAROKAH,36,108,150.500.000,240,5%,107.231.250,"21 November, 2023","23 November, 2023"
2019160,2023,2023,BANK BTN,REI,tapak,JAMBI,KAB BUNGO,Bathin III,Manggis,L,SWASTA,5.000.000,PT CIPTA JAYA EWISA,BUNGO CIPTA GRAHA 5,36,108,150.500.000,180,5%,108.675.000,"22 November, 2023","24 November, 2023"
2019166,2023,2023,BANK BTN,REI,tapak,JAMBI,KAB BUNGO,Bathin III,Manggis,L,SWASTA,4.000.000,PT CIPTA JAYA EWISA,BUNGO CIPTA GRAHA 5,36,108,150.500.000,240,5%,108.675.000,"22 November, 2023","24 November, 2023"
2019180,2023,2023,BANK BTN,REI,tapak,JAMBI,KAB BUNGO,Bathin III,Manggis,L,SWASTA,5.000.000,PT CIPTA JAYA EWISA,BUNGO CIPTA GRAHA 5,36,108,150.500.000,204,5%,108.675.000,"22 November, 2023","24 November, 2023"
2019218,2023,2023,BANK BTN,REI,tapak,JAMBI,KAB BUNGO,Bathin III,Manggis,P,SWASTA,4.907.000,PT CIPTA JAYA EWISA,BUNGO CIPTA GRAHA 5,36,106,150.500.000,240,5%,108.161.250,"22 November, 2023","24 November, 2023"
2020863,2023,2023,BANK BTN,APERSI,tapak,JAMBI,KAB BUNGO,Rimbo Tengah,Sungai Mengkuang,P,SWASTA,6.426.000,PT SINAR PENYELAMAT UMAT,AL KAUTSAR RESIDENCE 7,36,98,162.000.000,180,5%,117.225.000,"23 November, 2023","27 November, 2023"
2020872,2023,2023,BANK BTN,REI,tapak,JAMBI,KAB BUNGO,Bathin III,Manggis,P,SWASTA,3.625.000,PT CIPTA JAYA EWISA,BUNGO CIPTA GRAHA 5,36,108,150.500.000,240,5%,108.675.000,"15 November, 2023","27 November, 2023"
2021179,2023,2023,BANK BTN,REI,tapak,JAMBI,KAB BUNGO,Rimbo Tengah,Cadika,P,SWASTA,3.800.000,PT BERKAH CIPTA PERKASA,ZAM ZAM RESIDENCE,36,96,162.000.000,240,5%,115.425.000,"22 November, 2023","27 November, 2023"
2021430,2023,2023,BANK BTN,REI,tapak,JAMBI,KAB BUNGO,Rimbo Tengah,Cadika,L,SWASTA,4.830.000,PT BERKAH CIPTA PERKASA,ZAM ZAM RESIDENCE,36,96,162.000.000,240,5%,115.425.000,"23 November, 2023","27 November, 2023"
2021444,2023,2023,BANK BTN,APERSI,tapak,JAMBI,KAB BUNGO,Rimbo Tengah,Sungai Mengkuang,P,WIRASWASTA,3.900.000,PT SINAR PENYELAMAT UMAT,AL KAUTSAR RESIDENCE 6,36,104,150.500.000,204,5%,108.675.000,"23 November, 2023","27 November, 2023"
2021475,2023,2023,BANK BTN,REI,tapak,JAMBI,KAB BUNGO,Rimbo Tengah,Cadika,L,SWASTA,3.980.000,PT BERKAH CIPTA PERKASA,ZAM ZAM RESIDENCE,36,96,162.000.000,204,5%,115.425.000,"23 November, 2023","27 November, 2023"
2021512,2023,2023,BANK BTN,APERSI,tapak,JAMBI,KAB BUNGO,Bathin III,Sungai Binjai,P,WIRASWASTA,7.000.000,PT CHYNTA AZZUHRA SEJAHTERA,SKB RESIDENCE,36,102,162.000.000,180,5%,115.425.000,"23 November, 2023","27 November, 2023"
2022828,2023,2023,BANK BTN,APERSI,tapak,JAMBI,KAB BUNGO,Rimbo Tengah,Sungai Mengkuang,L,WIRASWASTA,4.500.000,PT SINAR PENYELAMAT UMAT,AL KAUTSAR RESIDENCE 7,36,98,162.000.000,180,5%,117.225.000,"23 November, 2023","27 November, 2023"
2025204,2023,2023,BANK BTN,APERSI,tapak,JAMBI,KAB BUNGO,Bathin III,Sungai Binjai,L,SWASTA,2.800.000,PT MITRA SENTOSA MANDIRI,VILLA ADEVA SENTOSA,36,120,150.000.000,240,5%,104.250.000,"27 November, 2023","29 November, 2023"
2026418,2023,2023,BANK BTN,REI,tapak,JAMBI,KAB BUNGO,Bathin III,Manggis,P,WIRASWASTA,7.000.000,PT Wijoyo Oridina Properti,BUNGO CITY RESIDENCE 2,36,98,162.000.000,240,5%,117.225.000,"27 November, 2023","29 November, 2023"
2026536,2023,2023,BANK BTN,REI,tapak,JAMBI,KAB BUNGO,Bathin III,Manggis,L,SWASTA,6.045.394,PT CIPTA JAYA EWISA,BUNGO CIPTA GRAHA 5,36,108,150.500.000,180,5%,108.675.000,"28 November, 2023","29 November, 2023"
2026538,2023,2023,BANK BTN,REI,tapak,JAMBI,KAB BUNGO,Bathin III,Manggis,L,SWASTA,5.040.282,PT CIPTA JAYA EWISA,BUNGO CIPTA GRAHA 5,36,108,150.500.000,180,5%,108.675.000,"28 November, 2023","29 November, 2023"
2026544,2023,2023,BANK BTN,REI,tapak,JAMBI,KAB BUNGO,Bungo Dani,Sungai Kerjan,L,SWASTA,3.000.000,PT BERKAH CIPTA PERKASA,AZIZIYAH RESIDENCE,36,96,150.500.000,240,5%,107.231.250,"28 November, 2023","29 November, 2023"
2028236,2023,2023,BANK BTN,APERSI,tapak,JAMBI,KAB BUNGO,Rimbo Tengah,Sungai Mengkuang,L,SWASTA,4.650.000,PT SINAR PENYELAMAT UMAT,AL KAUTSAR RESIDENCE 7,36,98,162.000.000,192,5%,117.225.000,"29 November, 2023","1 December, 2023"
2028249,2023,2023,BANK BTN,APERSI,tapak,JAMBI,KAB BUNGO,Rimbo Tengah,Sungai Mengkuang,P,WIRASWASTA,4.000.000,PT SINAR PENYELAMAT UMAT,AL KAUTSAR RESIDENCE 7,36,98,162.000.000,240,5%,117.225.000,"29 November, 2023","1 December, 2023"
2028630,2023,2023,BANK BTN,REI,tapak,JAMBI,KAB BUNGO,Rimbo Tengah,Pasir Putih,P,SWASTA,3.000.000,PT MITRA HARAPAN KENTJANA,GRAHA BUNGO KENTJANA,36,101,150.500.000,240,5%,104.175.000,"29 November, 2023","1 December, 2023"
2028876,2023,2023,BANK BTN,REI,tapak,JAMBI,KAB BUNGO,Batin II Babeko,Tanjung Menanti,L,PNS,2.570.000,PT PETRA CIPTA UTAMA,GREEN PETRA 2,36,108,150.500.000,240,5%,107.231.250,"29 November, 2023","1 December, 2023"
2028878,2023,2023,BANK BTN,REI,tapak,JAMBI,KAB BUNGO,Rimbo Tengah,Cadika,P,SWASTA,3.000.000,PT BERKAH CIPTA PERKASA,ZAM ZAM RESIDENCE,36,96,162.000.000,240,5%,112.125.000,"29 November, 2023","1 December, 2023"
2032199,2023,2023,BANK BTN,APERSI,tapak,JAMBI,KAB BUNGO,Rimbo Tengah,Sungai Mengkuang,L,WIRASWASTA,6.500.000,PT SINAR PENYELAMAT UMAT,AL KAUTSAR RESIDENCE 7,36,98,162.000.000,192,5%,117.225.000,"29 November, 2023","4 December, 2023"
2032706,2023,2023,BANK BTN,APERSI,tapak,JAMBI,KAB BUNGO,Rimbo Tengah,Sungai Mengkuang,P,WIRASWASTA,4.500.000,PT SINAR PENYELAMAT UMAT,AL KAUTSAR RESIDENCE 7,36,98,162.000.000,204,5%,117.225.000,"30 November, 2023","4 December, 2023"
2033156,2023,2023,BANK BTN,APERSI,tapak,JAMBI,KAB BUNGO,Bathin III,Sungai Binjai,L,SWASTA,7.595.121,PT CHYNTA AZZUHRA SEJAHTERA,SKB RESIDENCE,36,102,162.000.000,144,5%,115.425.000,"30 November, 2023","4 December, 2023"
2033283,2023,2023,BANK BTN,REI,tapak,JAMBI,KAB BUNGO,Rimbo Tengah,Cadika,P,TNI/POLRI,6.683.500,PT BERKAH CIPTA PERKASA,ZAM ZAM RESIDENCE,36,96,162.000.000,180,5%,115.425.000,"30 November, 2023","4 December, 2023"
2036283,2023,2023,BANK BTN,REI,tapak,JAMBI,KAB BUNGO,Pasar Muaro Bungo,Bungo Timur,L,SWASTA,5.000.000,PT ARAH BANGUN PRESTASI MANDIRI,PURI INDAH SEPAKAT,36,146,162.000.000,180,5%,117.225.000,"4 December, 2023","7 December, 2023"
2036454,2023,2023,BANK BTN,APERSI,tapak,JAMBI,KAB BUNGO,Rimbo Tengah,Sungai Mengkuang,P,SWASTA,4.446.000,PT SINAR PENYELAMAT UMAT,AL KAUTSAR RESIDENCE 7,36,98,162.000.000,180,5%,117.225.000,"5 December, 2023","7 December, 2023"
2036506,2023,2023,BANK BTN,REI,tapak,JAMBI,KAB BUNGO,Bathin III,Manggis,L,SWASTA,6.695.913,PT CIPTA JAYA EWISA,BUNGO CIPTA GRAHA 5,36,108,150.500.000,192,5%,108.675.000,"4 December, 2023","7 December, 2023"
2038046,2023,2023,BANK BTN,APERSI,tapak,JAMBI,KAB BUNGO,Rimbo Tengah,Sungai Mengkuang,L,SWASTA,4.125.000,PT KARYA ABADI WIGUNA,BUNGO PERSADA INDAH 3,36,143,140.000.000,240,5%,100.875.000,"5 December, 2023","8 December, 2023"
2374061,2024,2024,BANK BTN,REI,tapak,JAMBI,KAB BUNGO,Bathin III,Bungo Taman Agung,P,SWASTA,4.369.000,PT BUNGO GRAHA INDAH,GRAHA NUSA INDAH,36,108,150.000.000,180,5%,106.875.000,"24 January, 2024","28 March, 2024"
2377614,2024,2024,BANK BTN,REI,tapak,JAMBI,KAB BUNGO,Bathin III,Bungo Taman Agung,L,SWASTA,3.750.000,PT BUNGO GRAHA INDAH,GRAHA NUSA INDAH,36,108,150.000.000,216,5%,106.875.000,"25 January, 2024","28 March, 2024"
2377616,2024,2024,BANK BTN,REI,tapak,JAMBI,KAB BUNGO,Rimbo Tengah,Cadika,P,SWASTA,3.000.000,PT BERKAH CIPTA PERKASA,ZAM ZAM RESIDENCE,36,96,162.000.000,240,5%,111.000.000,"25 January, 2024","28 March, 2024"
2377624,2024,2024,BANK BTN,REI,tapak,JAMBI,KAB BUNGO,Rimbo Tengah,Cadika,L,SWASTA,3.919.000,PT BERKAH CIPTA PERKASA,ZAM ZAM RESIDENCE,36,96,162.000.000,204,5%,115.200.000,"25 January, 2024","28 March, 2024"
2388687,2024,2024,BANK BTN,APERSI,tapak,JAMBI,KAB BUNGO,Rimbo Tengah,Sungai Mengkuang,P,SWASTA,7.668.000,PT SINAR PENYELAMAT UMAT,AL KAUTSAR RESIDENCE 7,36,98,162.000.000,180,5%,117.225.000,"23 January, 2024","28 March, 2024"
2390566,2024,2024,BANK BTN,APERSI,tapak,JAMBI,KAB BUNGO,Rimbo Tengah,Sungai Mengkuang,L,SWASTA,4.000.000,PT SINAR PENYELAMAT UMAT,AL KAUTSAR RESIDENCE 7,36,98,162.000.000,204,5%,117.225.000,"11 January, 2024","28 March, 2024"
2391459,2024,2024,BANK BNI,REI,tapak,JAMBI,KAB BUNGO,Batin II Babeko,Tanjung Menanti,L,WIRASWASTA,4.390.609,PT PETRA CIPTA UTAMA,GREEN PETRA 2,36,108,150.500.000,180,5%,107.250.000,"28 February, 2024","3 April, 2024"
2392430,2024,2024,BANK BTN,APERSI,tapak,JAMBI,KAB BUNGO,Bathin III,Sungai Binjai,P,SWASTA,4.000.000,PT MITRA SENTOSA MANDIRI,VILLA ADEVA SENTOSA,36,120,150.000.000,144,5%,103.500.000,"15 January, 2024","28 March, 2024"
2392436,2024,2024,BANK BTN,APERSI,tapak,JAMBI,KAB BUNGO,Bathin III,Sungai Binjai,L,TNI/POLRI,6.578.700,PT MITRA SENTOSA MANDIRI,VILLA ADEVA SENTOSA,36,120,150.000.000,144,5%,106.875.000,"15 January, 2024","28 March, 2024"
2392454,2024,2024,BANK BTN,APERSI,tapak,JAMBI,KAB BUNGO,Bathin III,Sungai Binjai,L,SWASTA,4.500.000,PT MITRA SENTOSA MANDIRI,VILLA ADEVA SENTOSA,36,120,150.000.000,240,5%,106.875.000,"15 January, 2024","28 March, 2024"
2392479,2024,2024,BANK BTN,REI,tapak,JAMBI,KAB BUNGO,Bathin III,Bungo Taman Agung,L,SWASTA,6.965.000,PT BUNGO GRAHA INDAH,GRAHA NUSA INDAH,36,108,150.000.000,180,5%,106.875.000,"15 January, 2024","28 March, 2024"
2392482,2024,2024,BANK BTN,REI,tapak,JAMBI,KAB BUNGO,Bathin III,Bungo Taman Agung,L,SWASTA,5.000.000,PT BUNGO GRAHA INDAH,GRAHA NUSA INDAH,36,108,150.000.000,156,5%,106.875.000,"1 February, 2024","28 March, 2024"
2392490,2024,2024,BANK BTN,APERSI,tapak,JAMBI,KAB BUNGO,Rimbo Tengah,Sungai Mengkuang,L,SWASTA,5.842.002,PT GRIYA MULYA LESTARI,GRIYA DAKSINAPATI ASRI,36,104,150.500.000,180,5%,107.231.250,"17 January, 2024","28 March, 2024"
2392530,2024,2024,BANK BTN,APERSI,tapak,JAMBI,KAB BUNGO,Bathin III,Sungai Binjai,P,SWASTA,3.700.000,PT MITRA SENTOSA MANDIRI,VILLA ADEVA SENTOSA,36,120,150.000.000,240,5%,106.875.000,"15 January, 2024","28 March, 2024"
2397213,2024,2024,BANK BTN,REI,tapak,JAMBI,KAB BUNGO,Bathin III,Manggis,L,SWASTA,3.100.000,PT CIPTA JAYA EWISA,BUNGO CIPTA GRAHA 5,36,108,150.500.000,240,5%,107.231.250,"17 January, 2024","1 April, 2024"
2397215,2024,2024,BANK BTN,REI,tapak,JAMBI,KAB BUNGO,Bathin III,Manggis,P,SWASTA,5.900.000,PT CIPTA JAYA EWISA,BUNGO CIPTA GRAHA 5,36,108,150.500.000,240,5%,108.675.000,"17 January, 2024","1 April, 2024"
2397216,2024,2024,BANK BTN,REI,tapak,JAMBI,KAB BUNGO,Pasar Muaro Bungo,Bungo Timur,P,SWASTA,3.800.000,PT ARAH BANGUN PRESTASI MANDIRI,PURI INDAH SEPAKAT,36,91,162.000.000,240,5%,117.225.000,"17 January, 2024","1 April, 2024"
2397227,2024,2024,BANK BTN,REI,tapak,JAMBI,KAB BUNGO,Pasar Muaro Bungo,Bungo Timur,P,WIRASWASTA,6.000.000,PT ARAH BANGUN PRESTASI MANDIRI,PURI INDAH SEPAKAT,36,91,162.000.000,180,5%,117.225.000,"17 January, 2024","1 April, 2024"
2397236,2024,2024,BANK BTN,APERSI,tapak,JAMBI,KAB BUNGO,Bathin III,Manggis,L,SWASTA,3.480.000,PT MITRA SENTOSA MANDIRI,SENTOSA RESIDENCE,36,152,150.500.000,240,5%,107.231.250,"17 January, 2024","1 April, 2024"
2397271,2024,2024,BANK BTN,REI,tapak,JAMBI,KAB BUNGO,Bathin III,Manggis,P,WIRASWASTA,4.500.000,PT CITRA NAE ZIDNI,GRIYA BAROKAH,36,108,150.500.000,240,5%,107.231.250,"17 January, 2024","1 April, 2024"
2397283,2024,2024,BANK BTN,REI,tapak,JAMBI,KAB BUNGO,Rimbo Tengah,Pasir Putih,L,SWASTA,3.953.583,PT CITRA NAE ZIDNI,CITRA RESIDENCE,36,103,162.000.000,240,5%,115.425.000,"18 January, 2024","1 April, 2024"
2399200,2024,2024,BANK BTN,REI,tapak,JAMBI,KAB BUNGO,Batin II Babeko,Tanjung Menanti,L,SWASTA,5.000.000,PT PETRA CIPTA UTAMA,GREEN PETRA 2,36,108,150.500.000,180,5%,107.250.000,"18 January, 2024","1 April, 2024"
2400276,2024,2024,BANK BTN,REI,tapak,JAMBI,KAB BUNGO,Rimbo Tengah,Pasir Putih,L,SWASTA,4.500.000,PT CITRA NAE ZIDNI,CITRA RESIDENCE,36,106,162.000.000,180,5%,115.425.000,"23 January, 2024","1 April, 2024"
2400838,2024,2024,BANK BTN,REI,tapak,JAMBI,KAB BUNGO,Pasar Muaro Bungo,Bungo Timur,P,SWASTA,7.800.000,PT ARAH BANGUN PRESTASI MANDIRI,PURI INDAH SEPAKAT,36,160,162.000.000,96,5%,115.200.000,"17 January, 2024","1 April, 2024"
2400966,2024,2024,BANK BTN,REI,tapak,JAMBI,KAB BUNGO,Rimbo Tengah,Pasir Putih,L,SWASTA,3.000.000,PT CITRA NAE ZIDNI,CITRA RESIDENCE,36,110,162.000.000,240,5%,111.750.000,"17 January, 2024","1 April, 2024"
2400971,2024,2024,BANK BTN,REI,tapak,JAMBI,KAB BUNGO,Bathin III,Manggis,P,SWASTA,3.500.000,PT CITRA NAE ZIDNI,GRIYA BAROKAH,36,108,150.500.000,240,5%,107.231.250,"16 January, 2024","1 April, 2024"
2400980,2024,2024,BANK BTN,REI,tapak,JAMBI,KAB BUNGO,Rimbo Tengah,Pasir Putih,P,SWASTA,2.900.000,PT CITRA NAE ZIDNI,CITRA RESIDENCE,36,112,162.000.000,240,5%,108.000.000,"18 January, 2024","1 April, 2024"
2401088,2024,2024,BANK BTN,REI,tapak,JAMBI,KAB BUNGO,Bathin III,Manggis,P,SWASTA,3.853.000,PT CITRA NAE ZIDNI,GRIYA BAROKAH,36,108,150.500.000,240,5%,107.231.250,"17 January, 2024","1 April, 2024"
2401090,2024,2024,BANK BTN,REI,tapak,JAMBI,KAB BUNGO,Bathin III,Manggis,L,SWASTA,4.000.000,PT CITRA NAE ZIDNI,GRIYA BAROKAH,36,108,150.500.000,240,5%,107.231.250,"18 January, 2024","1 April, 2024"
2401133,2024,2024,BANK BTN,REI,tapak,JAMBI,KAB BUNGO,Pasar Muaro Bungo,Bungo Timur,P,WIRASWASTA,4.000.000,PT ARAH BANGUN PRESTASI MANDIRI,PURI INDAH SEPAKAT,36,91,162.000.000,180,5%,117.225.000,"17 January, 2024","1 April, 2024"
2420584,2024,2024,BANK BTN,REI,tapak,JAMBI,KAB BUNGO,Batin II Babeko,Tanjung Menanti,L,SWASTA,5.474.766,PT PETRA CIPTA UTAMA,GREEN PETRA 2,36,108,150.500.000,240,5%,107.231.250,"11 January, 2024","1 April, 2024"
2422354,2024,2024,BANK BTN,REI,tapak,JAMBI,KAB BUNGO,Bathin III,Manggis,L,SWASTA,3.500.000,PT CITRA NAE ZIDNI,GRIYA BAROKAH,36,108,150.500.000,240,5%,107.231.250,"19 January, 2024","1 April, 2024"
2422509,2024,2024,BANK BTN,REI,tapak,JAMBI,KAB BUNGO,Bathin III,Manggis,L,SWASTA,6.800.000,PT CITRA NAE ZIDNI,GRIYA BAROKAH,36,108,150.500.000,240,5%,107.231.250,"18 January, 2024","1 April, 2024"
2424171,2024,2024,BANK BTN,APERSI,tapak,JAMBI,KAB BUNGO,Rimbo Tengah,Sungai Mengkuang,P,SWASTA,5.100.000,PT SINAR PENYELAMAT UMAT,AL KAUTSAR RESIDENCE 7,36,98,162.000.000,240,5%,115.200.000,"19 January, 2024","1 April, 2024"
2424939,2024,2024,BANK BTN,REI,tapak,JAMBI,KAB BUNGO,Batin II Babeko,Tanjung Menanti,P,SWASTA,4.700.000,PT PETRA CIPTA UTAMA,GREEN PETRA 2,36,108,150.500.000,240,5%,107.231.250,"11 January, 2024","1 April, 2024"
2424941,2024,2024,BANK BTN,REI,tapak,JAMBI,KAB BUNGO,Batin II Babeko,Tanjung Menanti,L,WIRASWASTA,6.000.000,PT PETRA CIPTA UTAMA,GREEN PETRA 2,36,108,150.500.000,240,5%,107.231.250,"11 January, 2024","1 April, 2024"
2425404,2024,2024,BANK BTN,REI,tapak,JAMBI,KAB BUNGO,Bathin III,Manggis,L,SWASTA,6.000.000,PT Wijoyo Oridina Properti,BUNGO CITY RESIDENCE 2,36,98,162.000.000,240,5%,117.225.000,"22 January, 2024","1 April, 2024"
2425536,2024,2024,BANK BTN,REI,tapak,JAMBI,KAB BUNGO,Rimbo Tengah,Pasir Putih,P,SWASTA,6.000.000,PT CITRA NAE ZIDNI,CITRA RESIDENCE,36,103,162.000.000,180,5%,115.425.000,"12 February, 2024","1 April, 2024"
2425641,2024,2024,BANK BTN,APERSI,tapak,JAMBI,KAB BUNGO,Rimbo Tengah,Sungai Mengkuang,P,SWASTA,4.065.300,PT SINAR PENYELAMAT UMAT,AL KAUTSAR RESIDENCE 7,36,98,162.000.000,240,5%,117.225.000,"23 January, 2024","1 April, 2024"
2426739,2024,2024,BANK BTN,APERSI,tapak,JAMBI,KAB BUNGO,Bathin III,Manggis,P,WIRASWASTA,3.600.000,PT LIDYA JAYA ABADI,BUNGO GRIYA ABADI,36,108,150.500.000,240,5%,107.231.250,"23 January, 2024","1 April, 2024"
2426755,2024,2024,BANK BTN,APERSI,tapak,JAMBI,KAB BUNGO,Bathin III,Sungai Binjai,P,WIRASWASTA,4.500.000,PT CHYNTA AZZUHRA SEJAHTERA,SKB RESIDENCE,36,102,162.000.000,192,5%,115.200.000,"23 January, 2024","1 April, 2024"
2426759,2024,2024,BANK BTN,APERSI,tapak,JAMBI,KAB BUNGO,Bathin III,Sungai Binjai,P,SWASTA,3.500.000,PT CHYNTA AZZUHRA SEJAHTERA,SKB RESIDENCE,36,108,162.000.000,204,5%,115.200.000,"23 January, 2024","1 April, 2024"
2426763,2024,2024,BANK BTN,REI,tapak,JAMBI,KAB BUNGO,Rimbo Tengah,Pasir Putih,L,SWASTA,3.000.000,PT CITRA NAE ZIDNI,CITRA RESIDENCE,36,103,162.000.000,240,5%,111.750.000,"23 January, 2024","1 April, 2024"
2426769,2024,2024,BANK BTN,APERSI,tapak,JAMBI,KAB BUNGO,Bathin III,Sungai Binjai,L,PNS,3.000.000,PT MITRA SENTOSA MANDIRI,VILLA ADEVA SENTOSA,36,120,150.000.000,156,5%,90.000.000,"23 January, 2024","1 April, 2024"
2426856,2024,2024,BANK BTN,APERSI,tapak,JAMBI,KAB BUNGO,Rimbo Tengah,Sungai Mengkuang,L,SWASTA,3.500.000,PT SINAR PENYELAMAT UMAT,AL KAUTSAR RESIDENCE 7,36,98,162.000.000,240,5%,117.285.000,"23 January, 2024","1 April, 2024"
2427542,2024,2024,BANK BNI,APERSI,tapak,JAMBI,KAB BUNGO,Rimbo Tengah,Sungai Mengkuang,L,SWASTA,5.000.000,PT GRIYA MULYA LESTARI,GRIYA DAKSINAPATI ASRI,36,104,162.000.000,180,5%,115.425.000,"7 February, 2024","2 April, 2024"
2427543,2024,2024,BANK BNI,APERSI,tapak,JAMBI,KAB BUNGO,Rimbo Tengah,Sungai Mengkuang,L,LAINNYA,4.000.000,PT GRIYA MULYA LESTARI,GRIYA DAKSINAPATI ASRI,36,104,162.000.000,240,5%,115.425.000,"12 February, 2024","2 April, 2024"
2427546,2024,2024,BANK BNI,APERSI,tapak,JAMBI,KAB BUNGO,Rimbo Tengah,Sungai Mengkuang,L,LAINNYA,3.200.000,PT GRIYA MULYA LESTARI,GRIYA DAKSINAPATI ASRI,36,104,162.000.000,180,5%,115.425.000,"12 February, 2024","2 April, 2024"
2427547,2024,2024,BANK BNI,APERSI,tapak,JAMBI,KAB BUNGO,Rimbo Tengah,Sungai Mengkuang,L,LAINNYA,4.900.000,PT GRIYA MULYA LESTARI,GRIYA DAKSINAPATI ASRI,36,104,162.000.000,240,5%,115.425.000,"13 February, 2024","2 April, 2024"
2427548,2024,2024,BANK BNI,APERSI,tapak,JAMBI,KAB BUNGO,Rimbo Tengah,Sungai Mengkuang,L,LAINNYA,5.442.580,PT GRIYA MULYA LESTARI,GRIYA DAKSINAPATI ASRI,36,104,162.000.000,180,5%,115.425.000,"13 February, 2024","2 April, 2024"
2427552,2024,2024,BANK BNI,APERSI,tapak,JAMBI,KAB BUNGO,Rimbo Tengah,Sungai Mengkuang,L,LAINNYA,3.800.000,PT GRIYA MULYA LESTARI,GRIYA DAKSINAPATI ASRI,36,104,162.000.000,180,5%,115.425.000,"21 February, 2024","2 April, 2024"
2427554,2024,2024,BANK BNI,REI,tapak,JAMBI,KAB BUNGO,Bungo Dani,Talang Pantai,P,SWASTA,5.004.000,PT PERMATA REAL ESTATE,PERMATA SEI KERJAN,36,144,162.000.000,180,5%,115.425.000,"22 February, 2024","2 April, 2024"
2427558,2024,2024,BANK BNI,APERSI,tapak,JAMBI,KAB BUNGO,Rimbo Tengah,Sungai Mengkuang,L,SWASTA,6.360.704,PT GRIYA MULYA LESTARI,GRIYA DAKSINAPATI ASRI,36,104,162.000.000,60,5%,115.425.000,"26 February, 2024","2 April, 2024"
2427565,2024,2024,BANK BNI,APERSI,tapak,JAMBI,KAB BUNGO,Bathin III,Manggis,L,SWASTA,3.000.000,PT MITRA SENTOSA MANDIRI,SENTOSA RESIDENCE,36,115,150.500.000,240,5%,107.250.000,"8 March, 2024","2 April, 2024"
2427566,2024,2024,BANK BNI,APERSI,tapak,JAMBI,KAB BUNGO,Rimbo Tengah,Sungai Mengkuang,P,SWASTA,3.430.317,PT GRIYA MULYA LESTARI,GRIYA DAKSINAPATI ASRI,36,104,162.000.000,180,5%,115.425.000,"13 March, 2024","2 April, 2024"
2427567,2024,2024,BANK BNI,APERSI,tapak,JAMBI,KAB BUNGO,Rimbo Tengah,Sungai Mengkuang,L,SWASTA,4.053.811,PT GRIYA MULYA LESTARI,GRIYA DAKSINAPATI ASRI,36,104,162.000.000,180,5%,115.425.000,"13 March, 2024","2 April, 2024"
2427568,2024,2024,BANK BNI,APERSI,tapak,JAMBI,KAB BUNGO,Rimbo Tengah,Sungai Mengkuang,L,LAINNYA,4.000.000,PT GRIYA MULYA LESTARI,GRIYA DAKSINAPATI ASRI,36,104,162.000.000,180,5%,115.425.000,"13 March, 2024","2 April, 2024"
2427571,2024,2024,BANK BNI,APERSI,tapak,JAMBI,KAB BUNGO,Rimbo Tengah,Sungai Mengkuang,L,SWASTA,4.000.000,PT GRIYA MULYA LESTARI,GRIYA DAKSINAPATI ASRI,36,104,162.000.000,240,5%,115.425.000,"14 March, 2024","2 April, 2024"
2427572,2024,2024,BANK BNI,APERSI,tapak,JAMBI,KAB BUNGO,Rimbo Tengah,Sungai Mengkuang,L,LAINNYA,3.769.629,PT GRIYA MULYA LESTARI,GRIYA DAKSINAPATI ASRI,36,104,162.000.000,180,5%,115.425.000,"15 March, 2024","2 April, 2024"
2427573,2024,2024,BANK BNI,APERSI,tapak,JAMBI,KAB BUNGO,Rimbo Tengah,Sungai Mengkuang,L,WIRASWASTA,5.752.300,PT SINAR PENYELAMAT UMAT,AL KAUTSAR RESIDENCE 7,36,112,162.000.000,180,5%,117.000.000,"15 March, 2024","2 April, 2024"
2427575,2024,2024,BANK BNI,APERSI,tapak,JAMBI,KAB BUNGO,Rimbo Tengah,Sungai Mengkuang,L,SWASTA,7.780.000,PT GRIYA MULYA LESTARI,GRIYA DAKSINAPATI ASRI,36,104,162.000.000,120,5%,115.425.000,"18 March, 2024","2 April, 2024"
2427624,2024,2024,BANK BNI,REI,tapak,JAMBI,KAB BUNGO,Bathin III,Sungai Binjai,L,SWASTA,4.313.333,PT KHAIRUNNISA BUNGO DEMPO,DEMPO RESIDENCE 2,36,108,150.500.000,120,5%,107.250.000,"11 January, 2024","2 April, 2024"
2427626,2024,2024,BANK BNI,APERSI,tapak,JAMBI,KAB BUNGO,Rimbo Tengah,Sungai Mengkuang,L,SWASTA,6.822.974,PT GRIYA MULYA LESTARI,GRIYA DAKSINAPATI ASRI,36,104,162.000.000,60,5%,115.425.000,"15 January, 2024","2 April, 2024"
2427627,2024,2024,BANK BNI,APERSI,tapak,JAMBI,KAB BUNGO,Rimbo Tengah,Sungai Mengkuang,L,SWASTA,4.000.000,PT GRIYA MULYA LESTARI,GRIYA DAKSINAPATI ASRI,36,139,162.000.000,180,5%,115.425.000,"15 January, 2024","2 April, 2024"
2427628,2024,2024,BANK BNI,REI,tapak,JAMBI,KAB BUNGO,Batin II Babeko,Tanjung Menanti,L,SWASTA,3.500.000,PT PETRA CIPTA UTAMA,GREEN PETRA 2,36,108,150.500.000,180,5%,107.250.000,"16 January, 2024","2 April, 2024"
2427629,2024,2024,BANK BNI,APERSI,tapak,JAMBI,KAB BUNGO,Rimbo Tengah,Sungai Mengkuang,P,SWASTA,4.500.000,PT GRIYA MULYA LESTARI,GRIYA DAKSINAPATI ASRI,36,104,162.000.000,180,5%,115.425.000,"16 January, 2024","2 April, 2024"
2427631,2024,2024,BANK BNI,APERSI,tapak,JAMBI,KAB BUNGO,Rimbo Tengah,Sungai Mengkuang,L,SWASTA,5.000.000,PT GRIYA MULYA LESTARI,GRIYA DAKSINAPATI ASRI,36,119,162.000.000,180,5%,115.425.000,"18 January, 2024","2 April, 2024"
2427632,2024,2024,BANK BNI,APERSI,tapak,JAMBI,KAB BUNGO,Bathin III,Manggis,P,SWASTA,3.400.000,PT MITRA SENTOSA MANDIRI,SENTOSA RESIDENCE,36,130,150.500.000,120,5%,107.250.000,"19 January, 2024","2 April, 2024"
2427640,2024,2024,BANK BNI,REI,tapak,JAMBI,KAB BUNGO,Bungo Dani,Sungai Kerjan,L,SWASTA,4.427.279,PT PERMATA REAL ESTATE,PERMATA SEI KERJAN,36,108,162.000.000,180,5%,115.425.000,"29 January, 2024","2 April, 2024"
2427641,2024,2024,BANK BNI,APERSI,tapak,JAMBI,KAB BUNGO,Rimbo Tengah,Sungai Mengkuang,L,SWASTA,6.000.000,PT GRIYA MULYA LESTARI,GRIYA DAKSINAPATI ASRI,36,104,162.000.000,180,5%,115.425.000,"29 January, 2024","2 April, 2024"
2427642,2024,2024,BANK BNI,APERSI,tapak,JAMBI,KAB BUNGO,Rimbo Tengah,Sungai Mengkuang,L,SWASTA,4.500.000,PT GRIYA MULYA LESTARI,GRIYA DAKSINAPATI ASRI,36,104,162.000.000,240,5%,115.425.000,"29 January, 2024","2 April, 2024"
2427646,2024,2024,BANK BNI,APERSI,tapak,JAMBI,KAB BUNGO,Rimbo Tengah,Sungai Mengkuang,L,SWASTA,4.600.000,PT GRIYA MULYA LESTARI,GRIYA DAKSINAPATI ASRI,36,151,162.000.000,180,5%,115.425.000,"30 January, 2024","2 April, 2024"
2427717,2024,2024,BANK BNI,APERSI,tapak,JAMBI,KAB BUNGO,Rimbo Tengah,Sungai Mengkuang,P,SWASTA,5.500.000,PT GRIYA MULYA LESTARI,GRIYA DAKSINAPATI ASRI,36,157,162.000.000,180,5%,115.425.000,"20 March, 2024","2 April, 2024"
2427720,2024,2024,BANK BNI,REI,tapak,JAMBI,KAB BUNGO,Bungo Dani,Talang Pantai,L,WIRASWASTA,4.842.072,PT PERMATA REAL ESTATE,PERMATA SEI KERJAN,36,108,162.000.000,120,5%,115.425.000,"21 March, 2024","2 April, 2024"
2427723,2024,2024,BANK BNI,REI,tapak,JAMBI,KAB BUNGO,Bungo Dani,Talang Pantai,P,SWASTA,2.926.667,PT PERMATA REAL ESTATE,PERMATA SEI KERJAN,36,108,162.000.000,180,5%,115.425.000,"25 March, 2024","2 April, 2024"
2428985,2024,2024,BANK JAMBI,APERSI,tapak,JAMBI,KAB BUNGO,Bathin III,Sungai Binjai,P,LAINNYA,2.888.318,PT CHYNTA AZZUHRA SEJAHTERA,SKB RESIDENCE,36,102,162.000.000,180,5%,115.425.000,"22 February, 2024","1 April, 2024"
2433579,2024,2024,BANK BTN,REI,tapak,JAMBI,KAB BUNGO,Bathin III,Bungo Taman Agung,P,WIRASWASTA,4.800.000,PT BUNGO GRAHA INDAH,GRAHA NUSA INDAH,36,108,150.000.000,204,5%,106.875.000,"5 February, 2024","1 April, 2024"
2434479,2024,2024,BANK BTN,REI,tapak,JAMBI,KAB BUNGO,Bathin III,Manggis,L,WIRASWASTA,5.000.000,PT Wijoyo Oridina Properti,BUNGO CITY RESIDENCE 2,36,98,162.000.000,180,5%,108.675.000,"31 January, 2024","1 April, 2024"
2434511,2024,2024,BANK BTN,APERSI,tapak,JAMBI,KAB BUNGO,Rimbo Tengah,Sungai Mengkuang,L,SWASTA,7.000.000,PT SINAR PENYELAMAT UMAT,AL KAUTSAR RESIDENCE 7,36,98,162.000.000,180,5%,117.285.000,"1 February, 2024","1 April, 2024"
2434532,2024,2024,BANK BTN,APERSI,tapak,JAMBI,KAB BUNGO,Rimbo Tengah,Sungai Mengkuang,P,SWASTA,6.426.240,PT SINAR PENYELAMAT UMAT,AL KAUTSAR RESIDENCE 7,36,98,162.000.000,144,5%,117.225.000,"1 February, 2024","1 April, 2024"
2436407,2024,2024,BANK BTN,REI,tapak,JAMBI,KAB BUNGO,Bathin III,Sungai Binjai,P,SWASTA,4.000.000,PT KHAIRUNNISA BUNGO DEMPO,DEMPO RESIDENCE 2,36,108,150.500.000,240,5%,106.875.000,"24 January, 2024","1 April, 2024"
2437852,2024,2024,BANK BTN,REI,tapak,JAMBI,KAB BUNGO,Rimbo Tengah,Cadika,P,SWASTA,3.200.000,PT BERKAH CIPTA PERKASA,ZAM ZAM RESIDENCE,36,96,162.000.000,204,5%,106.875.000,"30 January, 2024","1 April, 2024"
2439630,2024,2024,BANK BTN,REI,tapak,JAMBI,KAB BUNGO,Bathin III,Manggis,L,SWASTA,4.465.000,PT CIPTA JAYA EWISA,BUNGO CIPTA GRAHA 5,36,108,166.000.000,240,5%,117.000.000,"30 January, 2024","1 April, 2024"
2439661,2024,2024,BANK BTN,REI,tapak,JAMBI,KAB BUNGO,Bathin III,Manggis,P,SWASTA,4.000.000,PT CIPTA JAYA EWISA,BUNGO CIPTA GRAHA 5,36,108,150.500.000,204,5%,108.675.000,"30 January, 2024","1 April, 2024"
2439677,2024,2024,BANK BTN,REI,tapak,JAMBI,KAB BUNGO,Rimbo Tengah,Pasir Putih,L,WIRASWASTA,6.000.000,PT CITRA NAE ZIDNI,CITRA RESIDENCE,36,116,162.000.000,216,5%,108.000.000,"31 January, 2024","1 April, 2024"
2440147,2024,2024,BANK BTN,APERSI,tapak,JAMBI,KAB BUNGO,Batin II Babeko,Tanjung Menanti,L,SWASTA,2.943.000,PT Nusantara Agung Property,TROPIKANA RESIDENCE,36,117,162.000.000,240,5%,109.875.000,"30 January, 2024","1 April, 2024"
2440391,2024,2024,BANK BTN,REI,tapak,JAMBI,KAB BUNGO,Bathin III,Manggis,L,SWASTA,5.400.000,PT CIPTA JAYA EWISA,BUNGO CIPTA GRAHA 5,36,108,150.500.000,204,5%,108.675.000,"30 January, 2024","1 April, 2024"
2440400,2024,2024,BANK BTN,APERSI,tapak,JAMBI,KAB BUNGO,Batin II Babeko,Tanjung Menanti,P,SWASTA,3.500.000,PT Nusantara Agung Property,TROPIKANA RESIDENCE,36,126,162.000.000,240,5%,115.350.000,"1 February, 2024","1 April, 2024"
2440655,2024,2024,BANK BTN,REI,tapak,JAMBI,KAB BUNGO,Bathin III,Manggis,P,SWASTA,2.800.000,PT CIPTA JAYA EWISA,BUNGO CIPTA GRAHA 5,36,108,150.500.000,240,5%,104.250.000,"30 January, 2024","1 April, 2024"
2441514,2024,2024,BANK BTN,REI,tapak,JAMBI,KAB BUNGO,Rimbo Tengah,Cadika,P,SWASTA,5.323.503,PT BERKAH CIPTA PERKASA,ZAM ZAM RESIDENCE,36,96,162.000.000,180,5%,117.225.000,"30 January, 2024","1 April, 2024"
2441653,2024,2024,BANK BTN,REI,tapak,JAMBI,KAB BUNGO,Pasar Muaro Bungo,Bungo Timur,P,SWASTA,3.750.000,PT ARAH BANGUN PRESTASI MANDIRI,PURI INDAH SEPAKAT,36,91,162.000.000,204,5%,115.200.000,"30 January, 2024","1 April, 2024"
2442016,2024,2024,BANK BTN,APERSI,tapak,JAMBI,KAB BUNGO,Bathin III,Sungai Binjai,L,SWASTA,3.000.000,PT MITRA SENTOSA MANDIRI,VILLA ADEVA SENTOSA,36,120,150.000.000,240,5%,106.875.000,"31 January, 2024","1 April, 2024"
2443347,2024,2024,BANK BTN,APERSI,tapak,JAMBI,KAB BUNGO,Rimbo Tengah,Sungai Mengkuang,P,SWASTA,5.200.000,PT SINAR PENYELAMAT UMAT,AL KAUTSAR RESIDENCE 7,36,98,162.000.000,240,5%,115.350.000,"6 February, 2024","1 April, 2024"
2443350,2024,2024,BANK BTN,APERSI,tapak,JAMBI,KAB BUNGO,Rimbo Tengah,Sungai Mengkuang,P,SWASTA,4.200.000,PT SINAR PENYELAMAT UMAT,AL KAUTSAR RESIDENCE 7,36,98,162.000.000,192,5%,117.225.000,"6 February, 2024","1 April, 2024"
2444501,2024,2024,BANK BTN,REI,tapak,JAMBI,KAB BUNGO,Rimbo Tengah,Pasir Putih,P,WIRASWASTA,6.500.000,PT CITRA NAE ZIDNI,CITRA RESIDENCE,36,174,162.000.000,240,5%,115.200.000,"12 February, 2024","1 April, 2024"
2444507,2024,2024,BANK BTN,REI,tapak,JAMBI,KAB BUNGO,Rimbo Tengah,Pasir Putih,P,WIRASWASTA,7.000.000,PT CITRA NAE ZIDNI,CITRA RESIDENCE,36,103,162.000.000,240,5%,115.425.000,"12 February, 2024","1 April, 2024"
2444637,2024,2024,BANK BTN,APERSI,tapak,JAMBI,KAB BUNGO,Rimbo Tengah,Sungai Mengkuang,L,SWASTA,4.944.000,PT SINAR PENYELAMAT UMAT,AL KAUTSAR RESIDENCE 7,36,98,162.000.000,204,5%,117.225.000,"12 February, 2024","1 April, 2024"
2444642,2024,2024,BANK BTN,REI,tapak,JAMBI,KAB BUNGO,Rimbo Tengah,Cadika,P,SWASTA,6.700.000,PT BERKAH CIPTA PERKASA,ZAM ZAM RESIDENCE,36,96,162.000.000,180,5%,117.225.000,"12 February, 2024","1 April, 2024"
2444649,2024,2024,BANK BTN,REI,tapak,JAMBI,KAB BUNGO,Rimbo Tengah,Cadika,L,TNI/POLRI,5.656.700,PT BERKAH CIPTA PERKASA,ZAM ZAM RESIDENCE,36,96,162.000.000,180,5%,117.225.000,"12 February, 2024","1 April, 2024"
2444665,2024,2024,BANK BTN,REI,tapak,JAMBI,KAB BUNGO,Rimbo Tengah,Cadika,P,SWASTA,4.519.000,PT BERKAH CIPTA PERKASA,ZAM ZAM RESIDENCE,36,96,162.000.000,204,5%,115.350.000,"12 February, 2024","1 April, 2024"
2444674,2024,2024,BANK BTN,REI,tapak,JAMBI,KAB BUNGO,Rimbo Tengah,Cadika,P,SWASTA,3.419.000,PT BERKAH CIPTA PERKASA,ZAM ZAM RESIDENCE,36,96,162.000.000,204,5%,115.200.000,"13 February, 2024","1 April, 2024"
2444684,2024,2024,BANK BTN,REI,tapak,JAMBI,KAB BUNGO,Rimbo Tengah,Cadika,P,SWASTA,4.500.000,PT BERKAH CIPTA PERKASA,ZAM ZAM RESIDENCE,36,96,162.000.000,240,5%,115.200.000,"12 February, 2024","1 April, 2024"
2444770,2024,2024,BANK BTN,REI,tapak,JAMBI,KAB BUNGO,Rimbo Tengah,Sungai Mengkuang,L,PNS,4.000.000,PT CAHAYA BINTANG FENDRA,BARCELONA,36,80,162.000.000,240,5%,103.812.000,"19 February, 2024","1 April, 2024"
2444776,2024,2024,BANK BTN,REI,tapak,JAMBI,KAB BUNGO,Rimbo Tengah,Sungai Mengkuang,L,TNI/POLRI,3.586.500,PT CAHAYA BINTANG FENDRA,BARCELONA,36,88,162.000.000,192,5%,107.832.000,"19 February, 2024","1 April, 2024"
2444900,2024,2024,BANK BTN,APERSI,tapak,JAMBI,KAB BUNGO,Bathin III,Bungo Taman Agung,L,SWASTA,3.200.000,PT JAYA BAKTI PERMATA SARI,PURWOBAKTI INDAH DUO,36,165,150.500.000,204,5%,106.875.000,"15 February, 2024","1 April, 2024"
2444902,2024,2024,BANK BTN,APERSI,tapak,JAMBI,KAB BUNGO,Bathin III,Bungo Taman Agung,L,SWASTA,3.676.312,PT JAYA BAKTI PERMATA SARI,PURWOBAKTI INDAH DUO,36,120,150.500.000,240,5%,107.231.250,"15 February, 2024","1 April, 2024"
2444950,2024,2024,BANK BTN,REI,tapak,JAMBI,KAB BUNGO,Rimbo Tengah,Cadika,L,SWASTA,4.039.000,PT BERKAH CIPTA PERKASA,ZAM ZAM RESIDENCE,36,96,162.000.000,180,5%,117.225.000,"29 February, 2024","1 April, 2024"
2445187,2024,2024,BANK BTN,REI,tapak,JAMBI,KAB BUNGO,Rimbo Tengah,Pasir Putih,L,SWASTA,3.500.000,PT MITRA HARAPAN KENTJANA,GRAHA BUNGO KENTJANA TAHAP 2,36,91,162.000.000,216,5%,117.285.000,"13 February, 2024","1 April, 2024"
2450285,2024,2024,BANK BTN,REI,tapak,JAMBI,KAB BUNGO,Rimbo Tengah,Cadika,L,SWASTA,7.025.253,PT BERKAH CIPTA PERKASA,ZAM ZAM RESIDENCE,36,96,162.000.000,180,5%,117.285.000,"22 February, 2024","1 April, 2024"
2455307,2024,2024,BANK BTN,REI,tapak,JAMBI,KAB BUNGO,Bathin III,Manggis,L,WIRASWASTA,5.000.000,PT BUNGO BATHIN DAMAI,TAMAN CENDANA,36,108,150.500.000,204,5%,107.231.250,"26 February, 2024","1 April, 2024"
2455457,2024,2024,BANK BTN,REI,tapak,JAMBI,KAB BUNGO,Rimbo Tengah,Pasir Putih,L,SWASTA,5.543.388,PT CITRA NAE ZIDNI,CITRA RESIDENCE,36,106,162.000.000,204,5%,115.200.000,"27 February, 2024","1 April, 2024"
2455870,2024,2024,BANK BTN,REI,tapak,JAMBI,KAB BUNGO,Rimbo Tengah,Sungai Mengkuang,L,SWASTA,4.000.000,PT KHOVIZ LANSKAP PROPERTI,PESSONA BUNGO RESIDENCE,36,108,150.500.000,180,5%,107.231.250,"26 February, 2024","1 April, 2024"
2456039,2024,2024,BANK BTN,REI,tapak,JAMBI,KAB BUNGO,Rimbo Tengah,Pasir Putih,P,WIRASWASTA,5.100.000,PT CITRA NAE ZIDNI,CITRA RESIDENCE,36,192,162.000.000,216,5%,115.200.000,"27 February, 2024","1 April, 2024"
2458563,2024,2024,BANK BTN,REI,tapak,JAMBI,KAB BUNGO,Rimbo Tengah,Sungai Mengkuang,L,SWASTA,4.150.000,PT KHOVIZ LANSKAP PROPERTI,PESSONA BUNGO RESIDENCE,36,120,162.000.000,204,5%,115.200.000,"26 February, 2024","1 April, 2024"
2459227,2024,2024,BANK BTN,REI,tapak,JAMBI,KAB BUNGO,Rimbo Tengah,Pasir Putih,P,SWASTA,3.295.000,PT MITRA HARAPAN KENTJANA,GRAHA BUNGO KENTJANA TAHAP 2,36,104,162.000.000,240,5%,115.200.000,"28 February, 2024","1 April, 2024"
2459237,2024,2024,BANK BTN,REI,tapak,JAMBI,KAB BUNGO,Bathin III,Manggis,L,SWASTA,3.500.000,PT CIPTA JAYA EWISA,BUNGO CIPTA GRAHA 5,36,99,150.500.000,240,5%,108.675.000,"28 February, 2024","1 April, 2024"
2459520,2024,2024,BANK BTN,APERSI,tapak,JAMBI,KAB BUNGO,Bathin III,Bungo Taman Agung,P,SWASTA,3.740.000,PT JAYA BAKTI PERMATA SARI,PURWOBAKTI INDAH DUO,36,120,150.500.000,240,5%,107.231.250,"28 February, 2024","1 April, 2024"
2459570,2024,2024,BANK BTN,REI,tapak,JAMBI,KAB BUNGO,Batin II Babeko,Tanjung Menanti,P,SWASTA,4.150.992,PT PETRA CIPTA UTAMA,GREEN PETRA 2,36,108,150.500.000,240,5%,106.875.000,"28 February, 2024","1 April, 2024"
2459596,2024,2024,BANK BTN,REI,tapak,JAMBI,KAB BUNGO,Batin II Babeko,Tanjung Menanti,P,WIRASWASTA,4.400.000,PT PETRA CIPTA UTAMA,GREEN PETRA 2,36,108,150.500.000,240,5%,106.875.000,"28 February, 2024","1 April, 2024"
2459602,2024,2024,BANK BTN,APERSI,tapak,JAMBI,KAB BUNGO,Bathin III,Manggis,L,SWASTA,4.240.886,PT LIDYA JAYA ABADI,BUNGO GRIYA ABADI,36,108,162.000.000,204,5%,115.200.000,"1 March, 2024","1 April, 2024"
2459691,2024,2024,BANK BTN,APERSI,tapak,JAMBI,KAB BUNGO,Bathin III,Manggis,L,WIRASWASTA,4.100.000,PT LIDYA JAYA ABADI,BUNGO GRIYA ABADI,36,108,162.000.000,240,5%,115.200.000,"28 February, 2024","1 April, 2024"
2459715,2024,2024,BANK BTN,APERSI,tapak,JAMBI,KAB BUNGO,Bathin III,Manggis,L,WIRASWASTA,5.150.000,PT MITRA SENTOSA MANDIRI,SENTOSA RESIDENCE,36,123,150.500.000,240,5%,107.231.250,"29 February, 2024","1 April, 2024"
2459782,2024,2024,BANK BTN,APERSI,tapak,JAMBI,KAB BUNGO,Rimbo Tengah,Sungai Mengkuang,P,WIRASWASTA,6.517.000,PT SINAR PENYELAMAT UMAT,AL KAUTSAR RESIDENCE 7,36,98,162.000.000,192,5%,117.225.000,"29 February, 2024","1 April, 2024"
2462550,2024,2024,BANK BTN,REI,tapak,JAMBI,KAB BUNGO,Bathin III,Manggis,L,WIRASWASTA,5.500.000,PT BUNGO BATHIN DAMAI,TAMAN CENDANA,36,108,162.000.000,180,5%,115.200.000,"28 February, 2024","2 April, 2024"
2462583,2024,2024,BANK BTN,APERSI,tapak,JAMBI,KAB BUNGO,Rimbo Tengah,Cadika,L,SWASTA,7.118.000,PT SINAR PENYELAMAT UMAT,AL KAUTSAR RESIDENCE 5,36,90,150.500.000,180,5%,108.675.000,"28 February, 2024","2 April, 2024"
2462800,2024,2024,BANK BTN,REI,tapak,JAMBI,KAB BUNGO,Rimbo Tengah,Cadika,P,TNI/POLRI,6.497.100,PT BERKAH CIPTA PERKASA,ZAM ZAM RESIDENCE,36,108,162.000.000,192,5%,117.225.000,"28 February, 2024","1 April, 2024"
2462983,2024,2024,BANK BTN,APERSI,tapak,JAMBI,KAB BUNGO,Bathin III,Sungai Binjai,L,SWASTA,4.350.000,PT MITRA SENTOSA MANDIRI,VILLA ADEVA SENTOSA,36,120,150.000.000,204,5%,106.875.000,"29 February, 2024","1 April, 2024"
2462987,2024,2024,BANK BTN,REI,tapak,JAMBI,KAB BUNGO,Bathin III,Bungo Taman Agung,L,SWASTA,3.500.000,PT BUNGO GRAHA INDAH,GRAHA NUSA INDAH,36,108,150.000.000,240,5%,106.875.000,"29 February, 2024","1 April, 2024"
2463000,2024,2024,BANK BTN,REI,tapak,JAMBI,KAB BUNGO,Rimbo Tengah,Pasir Putih,P,WIRASWASTA,4.700.000,PT MARGA MULYA INDAH ASRI,MULYA INDAH ASRI,36,84,150.500.000,204,5%,107.231.250,"29 February, 2024","1 April, 2024"
2463001,2024,2024,BANK BTN,REI,tapak,JAMBI,KAB BUNGO,Rimbo Tengah,Pasir Putih,P,WIRASWASTA,4.000.000,PT MARGA MULYA INDAH ASRI,MULYA INDAH ASRI,36,186,150.000.000,204,5%,106.856.250,"29 February, 2024","1 April, 2024"
2464909,2024,2024,BANK BTN,REI,tapak,JAMBI,KAB BUNGO,Bungo Dani,Talang Pantai,L,SWASTA,4.608.688,PT ANUGERAH REZEKI BERSAUDARA MADANI,PERUMAHAN BUNGO DANI 2,36,107,130.000.000,132,5%,92.250.000,"5 March, 2024","2 April, 2024"
2464911,2024,2024,BANK BTN,REI,tapak,JAMBI,KAB BUNGO,Bungo Dani,Talang Pantai,L,SWASTA,6.325.141,PT ANUGERAH REZEKI BERSAUDARA MADANI,PERUMAHAN BUNGO DANI 2,36,107,130.000.000,180,5%,92.250.000,"5 March, 2024","2 April, 2024"
2464969,2024,2024,BANK BTN,APERSI,tapak,JAMBI,KAB BUNGO,Rimbo Tengah,Sungai Mengkuang,L,TNI/POLRI,6.447.100,PT SINAR PENYELAMAT UMAT,AL KAUTSAR RESIDENCE 7,36,98,162.000.000,120,5%,117.225.000,"5 March, 2024","2 April, 2024"
2464998,2024,2024,BANK BTN,REI,tapak,JAMBI,KAB BUNGO,Rimbo Tengah,Pasir Putih,P,WIRASWASTA,5.900.000,PT CITRA NAE ZIDNI,CITRA RESIDENCE,36,103,162.000.000,240,5%,115.200.000,"5 March, 2024","2 April, 2024"
2464999,2024,2024,BANK BTN,REI,tapak,JAMBI,KAB BUNGO,Bungo Dani,Talang Pantai,P,WIRASWASTA,6.500.000,PT ANUGERAH REZEKI BERSAUDARA MADANI,PERUMAHAN BUNGO DANI 2,36,107,130.000.000,168,5%,92.250.000,"4 March, 2024","2 April, 2024"
2465055,2024,2024,BANK BTN,REI,tapak,JAMBI,KAB BUNGO,Bungo Dani,Talang Pantai,P,WIRASWASTA,7.000.000,PT ANUGERAH REZEKI BERSAUDARA MADANI,PERUMAHAN BUNGO DANI 2,36,108,130.000.000,204,5%,92.250.000,"4 March, 2024","2 April, 2024"
2468437,2024,2024,BANK BTN,REI,tapak,JAMBI,KAB BUNGO,Pasar Muaro Bungo,Bungo Timur,L,WIRASWASTA,7.500.000,PT ARAH BANGUN PRESTASI MANDIRI,PURI INDAH SEPAKAT,36,113,162.000.000,180,5%,115.200.000,"7 March, 2024","18 April, 2024"
2468439,2024,2024,BANK BTN,APERSI,tapak,JAMBI,KAB BUNGO,Rimbo Tengah,Sungai Mengkuang,P,TNI/POLRI,6.205.500,PT GRIYA MULYA LESTARI,GRIYA DAKSINAPATI ASRI,36,104,150.500.000,132,5%,107.231.250,"7 March, 2024","18 April, 2024"
2469404,2024,2024,BANK BTN,REI,tapak,JAMBI,KAB BUNGO,Bathin III,Manggis,P,PNS,6.155.259,PT CIPTA JAYA EWISA,BUNGO CIPTA GRAHA 5,36,108,166.000.000,240,5%,117.450.000,"7 March, 2024","2 April, 2024"
2469413,2024,2024,BANK BTN,REI,tapak,JAMBI,KAB BUNGO,Bathin III,Manggis,L,SWASTA,4.943.000,PT CIPTA JAYA EWISA,BUNGO CIPTA GRAHA 5,36,108,166.000.000,240,5%,117.450.000,"7 March, 2024","2 April, 2024"
2469418,2024,2024,BANK BTN,REI,tapak,JAMBI,KAB BUNGO,Bathin III,Manggis,L,SWASTA,5.215.000,PT CIPTA JAYA EWISA,BUNGO CIPTA GRAHA 5,36,108,166.000.000,204,5%,118.275.000,"7 March, 2024","2 April, 2024"
2469608,2024,2024,BANK BTN,APERSI,tapak,JAMBI,KAB BUNGO,Rimbo Tengah,Sungai Mengkuang,L,SWASTA,3.600.160,PT SINAR PENYELAMAT UMAT,AL KAUTSAR RESIDENCE 7,36,98,162.000.000,192,5%,116.475.000,"8 March, 2024","2 April, 2024"
2469629,2024,2024,BANK BTN,APERSI,tapak,JAMBI,KAB BUNGO,Rimbo Tengah,Sungai Mengkuang,P,SWASTA,7.500.000,PT SINAR PENYELAMAT UMAT,AL KAUTSAR RESIDENCE 7,36,112,162.000.000,120,5%,117.225.000,"8 March, 2024","2 April, 2024"
2483085,2024,2024,BANK MANDIRI,REI,tapak,JAMBI,KAB BUNGO,Bathin III,Manggis,L,SWASTA,2.800.000,PT CITRA NAE ZIDNI,Griya Barokah,36,108,150.500.000,240,5%,107.231.250,"23 February, 2024","4 April, 2024"
2485253,2024,2024,BANK BTN,REI,tapak,JAMBI,KAB BUNGO,Bathin III,Bungo Taman Agung,P,SWASTA,3.000.000,PT BUNGO GRAHA INDAH,GRAHA NUSA INDAH,36,108,150.000.000,240,5%,106.875.000,"13 March, 2024","18 April, 2024"
2495680,2024,2024,BANK BTN,APERSI,tapak,JAMBI,KAB BUNGO,Rimbo Tengah,Sungai Mengkuang,L,SWASTA,3.200.000,PT SINAR PENYELAMAT UMAT,AL KAUTSAR RESIDENCE 7,36,98,162.000.000,240,5%,115.200.000,"14 March, 2024","17 April, 2024"
2495690,2024,2024,BANK BTN,REI,tapak,JAMBI,KAB BUNGO,Rimbo Tengah,Pasir Putih,P,WIRASWASTA,6.300.000,PT CITRA NAE ZIDNI,CITRA RESIDENCE,36,137,162.000.000,204,5%,115.200.000,"14 March, 2024","17 April, 2024"
2495763,2024,2024,BANK BTN,REI,tapak,JAMBI,KAB BUNGO,Rimbo Tengah,Pasir Putih,P,WIRASWASTA,5.000.000,PT CITRA NAE ZIDNI,CITRA RESIDENCE,36,107,162.000.000,240,5%,115.425.000,"14 March, 2024","17 April, 2024"
2500128,2024,2024,BANK BTN,REI,tapak,JAMBI,KAB BUNGO,Rimbo Tengah,Sungai Mengkuang,P,SWASTA,6.778.000,PT BERKAH CIPTA PERKASA,AL MADINAH 2,36,108,162.000.000,192,5%,114.450.000,"18 March, 2024","29 April, 2024"
2500504,2024,2024,BANK BTN,REI,tapak,JAMBI,KAB BUNGO,Rimbo Tengah,Cadika,L,TNI/POLRI,6.868.800,PT BERKAH CIPTA PERKASA,ZAM ZAM RESIDENCE,36,108,162.000.000,192,5%,116.475.000,"20 March, 2024","29 April, 2024"
2500516,2024,2024,BANK BTN,REI,tapak,JAMBI,KAB BUNGO,Rimbo Tengah,Pasir Putih,P,WIRASWASTA,7.300.000,PT CITRA NAE ZIDNI,CITRA RESIDENCE,36,178,162.000.000,180,5%,115.200.000,"20 March, 2024","29 April, 2024"
2501773,2024,2024,BANK BNI,APERSI,tapak,JAMBI,KAB BUNGO,Rimbo Tengah,Sungai Mengkuang,L,SWASTA,4.000.000,PT GRIYA MULYA LESTARI,GRIYA DAKSINAPATI ASRI,36,104,162.000.000,180,5%,115.425.000,"2 April, 2024","19 April, 2024"
2501775,2024,2024,BANK BNI,APERSI,tapak,JAMBI,KAB BUNGO,Rimbo Tengah,Sungai Mengkuang,P,LAINNYA,4.892.273,PT GRIYA MULYA LESTARI,GRIYA DAKSINAPATI ASRI,36,104,162.000.000,240,5%,115.425.000,"2 April, 2024","19 April, 2024"
2501779,2024,2024,BANK BNI,APERSI,tapak,JAMBI,KAB BUNGO,Rimbo Tengah,Sungai Mengkuang,P,SWASTA,3.000.000,PT GRIYA MULYA LESTARI,GRIYA DAKSINAPATI ASRI,36,104,162.000.000,144,5%,115.425.000,"3 April, 2024","19 April, 2024"
2501799,2024,2024,BANK BNI,REI,tapak,JAMBI,KAB BUNGO,Rimbo Tengah,Pasir Putih,P,WIRASWASTA,6.998.500,PT CITRA NAE ZIDNI,CITRA RESIDENCE,36,103,162.000.000,180,5%,115.425.000,"4 April, 2024","19 April, 2024"
2505991,2024,2024,BANK SYARIAH INDONESIA,APERSI,tapak,JAMBI,KAB BUNGO,Bathin III,Sungai Binjai,P,SWASTA,2.500.000,PT CHYNTA AZZUHRA SEJAHTERA,SKB RESIDENCE,36,108,162.000.000,168,5%,115.425.000,"4 April, 2024","26 April, 2024"
2506136,2024,2024,BANK BNI,APERSI,tapak,JAMBI,KAB BUNGO,Rimbo Tengah,Sungai Mengkuang,L,LAINNYA,5.416.054,PT SINAR PENYELAMAT UMAT,AL KAUTSAR RESIDENCE 7,36,98,162.000.000,120,5%,117.000.000,"19 April, 2024","25 April, 2024"
2509652,2024,2024,BANK BTN,REI,tapak,JAMBI,KAB BUNGO,Bungo Dani,Talang Pantai,L,PNS,4.400.000,PT ANUGERAH REZEKI BERSAUDARA MADANI,BUNGO DANI RESIDENCE 3,36,74,162.000.000,180,5%,101.475.000,"2 April, 2024","29 April, 2024"
2509821,2024,2024,BANK BTN,APERSI,tapak,JAMBI,KAB BUNGO,Bathin III,Sungai Binjai,L,SWASTA,4.500.000,PT MITRA SENTOSA MANDIRI,VILLA ADEVA SENTOSA,36,120,150.000.000,204,5%,106.875.000,"3 April, 2024","29 April, 2024"
2509822,2024,2024,BANK BTN,APERSI,tapak,JAMBI,KAB BUNGO,Rimbo Tengah,Sungai Mengkuang,P,PNS,6.261.214,PT SINAR PENYELAMAT UMAT,AL KAUTSAR RESIDENCE 7,36,115,162.000.000,192,5%,117.225.000,"2 April, 2024","29 April, 2024"
2509823,2024,2024,BANK BTN,REI,tapak,JAMBI,KAB BUNGO,Rimbo Tengah,Pasir Putih,L,SWASTA,3.500.000,PT MITRA HARAPAN KENTJANA,GRAHA BUNGO KENTJANA TAHAP 2,36,110,162.000.000,204,5%,117.285.000,"2 April, 2024","29 April, 2024"
2509899,2024,2024,BANK BTN,APERSI,tapak,JAMBI,KAB BUNGO,Rimbo Tengah,Sungai Mengkuang,L,SWASTA,5.500.000,PT AMARDHIKA TUJUH LANGIT,LANGIT RESIDENCE,36,120,162.000.000,204,5%,115.200.000,"3 April, 2024","29 April, 2024"
2510101,2024,2024,BANK BTN,REI,tapak,JAMBI,KAB BUNGO,Bathin III,Manggis,P,WIRASWASTA,5.000.000,PT BUNGO BATHIN DAMAI,TAMAN CENDANA,36,108,162.000.000,204,5%,115.200.000,"3 April, 2024","29 April, 2024"
2510120,2024,2024,BANK BTN,REI,tapak,JAMBI,KAB BUNGO,Rimbo Tengah,Cadika,L,SWASTA,4.794.140,PT CANDIKA KAPITAL PROPERTINDO,CANDIKA ASRI,36,107,140.000.000,240,5%,99.750.000,"3 April, 2024","29 April, 2024"
2510349,2024,2024,BANK BTN,REI,tapak,JAMBI,KAB BUNGO,Rimbo Tengah,Cadika,L,SWASTA,3.500.000,PT BERKAH CIPTA PERKASA,ZAM ZAM RESIDENCE,36,96,162.000.000,204,5%,115.200.000,"3 April, 2024","29 April, 2024"
2510449,2024,2024,BANK BTN,REI,tapak,JAMBI,KAB BUNGO,Bathin III,Manggis,L,SWASTA,5.000.000,PT CIPTA JAYA EWISA,BUNGO CIPTA GRAHA 5,36,108,166.000.000,240,5%,114.450.000,"3 April, 2024","29 April, 2024"
2511810,2024,2024,BANK BTN,REI,tapak,JAMBI,KAB BUNGO,Rimbo Tengah,Pasir Putih,L,SWASTA,4.270.200,PT MITRA HARAPAN KENTJANA,GRAHA BUNGO KENTJANA TAHAP 2,36,108,162.000.000,180,5%,117.225.000,"19 March, 2024","29 April, 2024"
2512047,2024,2024,BANK BTN,REI,tapak,JAMBI,KAB BUNGO,Rimbo Tengah,Pasir Putih,L,SWASTA,4.000.000,PT MARGA MULYA INDAH ASRI,MULIA INDAH ASRI 2,36,84,150.500.000,240,5%,107.231.250,"3 April, 2024","29 April, 2024"
2512052,2024,2024,BANK BTN,REI,tapak,JAMBI,KAB BUNGO,Rimbo Tengah,Pasir Putih,L,SWASTA,4.415.083,PT MITRA HARAPAN KENTJANA,GRAHA BUNGO KENTJANA TAHAP 2,36,91,162.000.000,192,5%,117.225.000,"2 April, 2024","29 April, 2024"
2512376,2024,2024,BANK BNI,REI,tapak,JAMBI,KAB BUNGO,Rimbo Tengah,Pasir Putih,L,WIRASWASTA,6.347.689,PT CITRA NAE ZIDNI,CITRA RESIDENCE,36,103,162.000.000,180,5%,115.425.000,"24 April, 2024","29 April, 2024"
2514363,2024,2024,BANK BTN,REI,tapak,JAMBI,KAB BUNGO,Bathin III,Manggis,L,SWASTA,6.059.000,PT CIPTA JAYA EWISA,BUNGO CIPTA GRAHA 5,36,108,166.000.000,204,5%,117.000.000,"21 March, 2024","30 April, 2024"
2525871,2024,2024,BANK BNI,REI,tapak,JAMBI,KAB BUNGO,Rimbo Tengah,Pasir Putih,P,SWASTA,2.800.000,PT CITRA NAE ZIDNI,CITRA RESIDENCE,36,103,162.000.000,180,5%,115.425.000,"26 April, 2024","13 May, 2024"
2525873,2024,2024,BANK BNI,REI,tapak,JAMBI,KAB BUNGO,Rimbo Tengah,Pasir Putih,L,WIRASWASTA,7.000.000,PT CITRA NAE ZIDNI,CITRA RESIDENCE,36,103,162.000.000,180,5%,115.425.000,"29 April, 2024","13 May, 2024"
2530752,2024,2024,BANK BTN,APERSI,tapak,JAMBI,KAB BUNGO,Rimbo Tengah,Sungai Mengkuang,L,SWASTA,4.000.000,PT AMARDHIKA TUJUH LANGIT,LANGIT RESIDENCE,36,120,162.000.000,240,5%,114.450.000,"26 March, 2024","2 May, 2024"
2530792,2024,2024,BANK BTN,REI,tapak,JAMBI,KAB BUNGO,Bathin III,Bungo Taman Agung,P,SWASTA,4.300.000,PT BUNGO GRAHA INDAH,GRAHA NUSA INDAH,36,108,150.000.000,180,5%,106.875.000,"25 March, 2024","2 May, 2024"
2530898,2024,2024,BANK BTN,REI,tapak,JAMBI,KAB BUNGO,Bathin III,Manggis,P,SWASTA,4.389.672,PT CIPTA JAYA EWISA,BUNGO CIPTA GRAHA 5,36,108,166.000.000,180,5%,117.450.000,"25 March, 2024","2 May, 2024"
2530929,2024,2024,BANK BTN,APERSI,tapak,JAMBI,KAB BUNGO,Bathin III,Sungai Binjai,L,WIRASWASTA,3.500.000,PT CHYNTA AZZUHRA SEJAHTERA,SKB RESIDENCE,36,108,162.000.000,204,5%,115.200.000,"26 March, 2024","2 May, 2024"
2530948,2024,2024,BANK BTN,REI,tapak,JAMBI,KAB BUNGO,Batin II Babeko,Tanjung Menanti,L,SWASTA,3.923.926,PT PETRA CIPTA UTAMA,GREEN PETRA 2,36,108,150.500.000,240,5%,107.175.000,"25 March, 2024","2 May, 2024"
2531672,2024,2024,BANK BTN,REI,tapak,JAMBI,KAB BUNGO,Bathin III,Bungo Taman Agung,L,WIRASWASTA,6.240.000,PT BUNGO GRAHA INDAH,GRAHA NUSA INDAH,36,108,150.000.000,204,5%,106.875.000,"26 March, 2024","2 May, 2024"
2531705,2024,2024,BANK BTN,APERSI,tapak,JAMBI,KAB BUNGO,Bathin III,Sungai Binjai,L,SWASTA,4.147.000,PT CHYNTA AZZUHRA SEJAHTERA,SKB RESIDENCE,36,102,162.000.000,240,5%,106.425.000,"26 March, 2024","2 May, 2024"
2531768,2024,2024,BANK BTN,REI,tapak,JAMBI,KAB BUNGO,Rimbo Tengah,Pasir Putih,P,SWASTA,3.050.000,PT CITRA NAE ZIDNI,CITRA RESIDENCE,36,103,162.000.000,240,5%,114.000.000,"26 March, 2024","2 May, 2024"
2533610,2024,2024,BANK BTN,REI,tapak,JAMBI,KAB BUNGO,Bungo Dani,Talang Pantai,L,SWASTA,4.000.000,PT ANUGERAH REZEKI BERSAUDARA MADANI,BUNGO DANI RESIDENCE 3,36,104,162.000.000,204,5%,115.200.000,"26 March, 2024","2 May, 2024"
2534019,2024,2024,BANK BTN,REI,tapak,JAMBI,KAB BUNGO,Batin II Babeko,Tanjung Menanti,L,SWASTA,5.620.000,PT PETRA CIPTA UTAMA,GREEN PETRA 2,36,108,150.500.000,240,5%,107.231.250,"27 March, 2024","2 May, 2024"
2534023,2024,2024,BANK BTN,REI,tapak,JAMBI,KAB BUNGO,Rimbo Tengah,Cadika,P,SWASTA,5.600.000,PT BERKAH CIPTA PERKASA,ZAM ZAM RESIDENCE,36,96,162.000.000,240,5%,115.200.000,"27 March, 2024","2 May, 2024"
2534029,2024,2024,BANK BTN,REI,tapak,JAMBI,KAB BUNGO,Rimbo Tengah,Cadika,P,SWASTA,3.300.000,PT BERKAH CIPTA PERKASA,ZAM ZAM RESIDENCE,36,96,162.000.000,240,5%,115.200.000,"27 March, 2024","2 May, 2024"
2534348,2024,2024,BANK BTN,REI,tapak,JAMBI,KAB BUNGO,Bathin III,Manggis,P,SWASTA,7.892.226,PT BUNGO BATHIN DAMAI,TAMAN CENDANA,36,108,150.500.000,240,5%,107.231.250,"4 April, 2024","2 May, 2024"
2534395,2024,2024,BANK BTN,REI,tapak,JAMBI,KAB BUNGO,Bathin III,Manggis,L,SWASTA,2.786.240,PT BUNGO BATHIN DAMAI,TAMAN CENDANA,36,108,162.000.000,240,5%,104.100.000,"27 March, 2024","2 May, 2024"
2542885,2024,2024,BANK BTN,REI,tapak,JAMBI,KAB BUNGO,Pasar Muaro Bungo,Bungo Timur,P,SWASTA,3.700.000,PT ARAH BANGUN PRESTASI MANDIRI,PURI INDAH SEPAKAT,36,91,162.000.000,240,5%,114.750.000,"28 March, 2024","6 May, 2024"
2546869,2024,2024,BANK BTN,REI,tapak,JAMBI,KAB BUNGO,Bathin III,Manggis,P,SWASTA,5.643.000,PT CIPTA JAYA EWISA,BUNGO CIPTA GRAHA 5,36,108,166.000.000,180,5%,117.450.000,"2 April, 2024","7 May, 2024"
2546894,2024,2024,BANK BTN,REI,tapak,JAMBI,KAB BUNGO,Bathin III,Manggis,L,SWASTA,6.093.100,PT CIPTA JAYA EWISA,BUNGO CIPTA GRAHA 5,36,108,166.000.000,216,5%,117.450.000,"2 April, 2024","7 May, 2024"
2546991,2024,2024,BANK BTN,REI,tapak,JAMBI,KAB BUNGO,Pasar Muaro Bungo,Bungo Timur,P,SWASTA,4.467.000,PT ARAH BANGUN PRESTASI MANDIRI,PURI INDAH SEPAKAT,36,91,162.000.000,204,5%,117.225.000,"2 April, 2024","7 May, 2024"
2546998,2024,2024,BANK BTN,APERSI,tapak,JAMBI,KAB BUNGO,Rimbo Tengah,Sungai Mengkuang,L,SWASTA,4.500.000,PT SINAR PENYELAMAT UMAT,AL KAUTSAR RESIDENCE 7,36,124,162.000.000,240,5%,117.225.000,"2 April, 2024","7 May, 2024"
2547622,2024,2024,BANK BNI,APERSI,tapak,JAMBI,KAB BUNGO,Rimbo Tengah,Sungai Mengkuang,L,WIRASWASTA,4.500.000,PT GRIYA MULYA LESTARI,GRIYA DAKSINAPATI ASRI,36,104,162.000.000,120,5%,115.425.000,"2 May, 2024","8 May, 2024"
2547624,2024,2024,BANK BNI,APERSI,tapak,JAMBI,KAB BUNGO,Rimbo Tengah,Sungai Mengkuang,L,WIRASWASTA,5.324.094,PT GRIYA MULYA LESTARI,GRIYA DAKSINAPATI ASRI,36,104,162.000.000,180,5%,115.425.000,"2 May, 2024","8 May, 2024"
2552275,2024,2024,BANK BNI,APERSI,tapak,JAMBI,KAB BUNGO,Rimbo Tengah,Sungai Mengkuang,P,WIRASWASTA,6.000.000,PT GRIYA MULYA LESTARI,GRIYA DAKSINAPATI ASRI,36,104,162.000.000,180,5%,115.425.000,"8 May, 2024","15 May, 2024"
2552276,2024,2024,BANK BNI,REI,tapak,JAMBI,KAB BUNGO,Rimbo Tengah,Pasir Putih,L,WIRASWASTA,6.956.367,PT CITRA NAE ZIDNI,CITRA RESIDENCE,36,103,162.000.000,84,5%,115.425.000,"8 May, 2024","15 May, 2024"
2553472,2024,2024,BANK JAMBI,APERSI,tapak,JAMBI,KAB BUNGO,Rimbo Tengah,Sungai Mengkuang,P,SWASTA,3.900.000,PT SINAR PENYELAMAT UMAT,AL KAUTSAR RESIDENCE 7,36,98,162.000.000,180,5%,115.425.000,"24 April, 2024","21 May, 2024"
2553806,2024,2024,BANK BNI,REI,tapak,JAMBI,KAB BUNGO,Rimbo Tengah,Pasir Putih,L,SWASTA,5.400.000,PT CITRA NAE ZIDNI,CITRA RESIDENCE,36,103,162.000.000,180,5%,115.425.000,"26 March, 2024","17 May, 2024"
2556355,2024,2024,BANK BNI,REI,tapak,JAMBI,KAB BUNGO,Rimbo Tengah,Pasir Putih,L,WIRASWASTA,5.924.139,PT CITRA NAE ZIDNI,CITRA RESIDENCE,36,103,162.000.000,120,5%,115.425.000,"16 May, 2024","21 May, 2024"
2556356,2024,2024,BANK BNI,APERSI,tapak,JAMBI,KAB BUNGO,Rimbo Tengah,Sungai Mengkuang,L,SWASTA,5.000.000,PT GRIYA MULYA LESTARI,GRIYA DAKSINAPATI ASRI,36,104,162.000.000,180,5%,115.425.000,"15 May, 2024","21 May, 2024"
2556360,2024,2024,BANK BNI,APERSI,tapak,JAMBI,KAB BUNGO,Rimbo Tengah,Sungai Mengkuang,L,SWASTA,4.460.000,PT GRIYA MULYA LESTARI,GRIYA DAKSINAPATI ASRI,36,104,162.000.000,120,5%,115.425.000,"16 May, 2024","21 May, 2024"
2556361,2024,2024,BANK BNI,REI,tapak,JAMBI,KAB BUNGO,Rimbo Tengah,Pasir Putih,L,WIRASWASTA,4.208.784,PT CITRA NAE ZIDNI,CITRA RESIDENCE,36,103,162.000.000,180,5%,115.425.000,"16 May, 2024","21 May, 2024"
2566110,2024,2024,BANK BNI,REI,tapak,JAMBI,KAB BUNGO,Rimbo Tengah,Pasir Putih,L,WIRASWASTA,6.000.000,PT CITRA NAE ZIDNI,CITRA RESIDENCE,36,103,162.000.000,120,5%,115.425.000,"21 May, 2024","10 June, 2024"
2566113,2024,2024,BANK BNI,APERSI,tapak,JAMBI,KAB BUNGO,Rimbo Tengah,Sungai Mengkuang,L,SWASTA,4.000.000,PT GRIYA MULYA LESTARI,GRIYA DAKSINAPATI ASRI,36,104,162.000.000,180,5%,115.425.000,"21 May, 2024","10 June, 2024"
2566122,2024,2024,BANK BNI,REI,tapak,JAMBI,KAB BUNGO,Bungo Dani,Sungai Kerjan,L,WIRASWASTA,6.002.333,PT PERMATA REAL ESTATE,PERMATA SEI KERJAN,36,108,162.000.000,120,5%,115.425.000,"27 May, 2024","10 June, 2024"
2569041,2024,2024,BANK BTN,APERSI,tapak,JAMBI,KAB BUNGO,Rimbo Tengah,Sungai Mengkuang,L,SWASTA,4.000.000,PT AMARDHIKA TUJUH LANGIT,LANGIT RESIDENCE,36,120,162.000.000,228,5%,114.450.000,"17 April, 2024","3 June, 2024"
2585411,2024,2024,BANK MANDIRI,REI,tapak,JAMBI,KAB BUNGO,Rimbo Tengah,Pasir Putih,L,SWASTA,5.445.000,PT MITRA HARAPAN KENTJANA,Graha Bungo Kentjana tahap 2,36,91,162.000.000,240,5%,117.285.000,"14 May, 2024","19 July, 2024"
2585462,2024,2024,BANK MANDIRI,REI,tapak,JAMBI,KAB BUNGO,Rimbo Tengah,Pasir Putih,L,SWASTA,2.697.304,PT MITRA HARAPAN KENTJANA,Graha Bungo Kentjana tahap 2,36,91,162.000.000,240,5%,117.285.000,"16 May, 2024","19 July, 2024"
2592921,2024,2024,BANK BNI,APERSI,tapak,JAMBI,KAB BUNGO,Rimbo Tengah,Sungai Mengkuang,L,SWASTA,2.900.000,PT GRIYA MULYA LESTARI,GRIYA DAKSINAPATI ASRI,36,104,162.000.000,180,5%,115.425.000,"10 June, 2024","19 June, 2024"
2592923,2024,2024,BANK BNI,APERSI,tapak,JAMBI,KAB BUNGO,Rimbo Tengah,Sungai Mengkuang,P,SWASTA,3.000.000,PT GRIYA MULYA LESTARI,GRIYA DAKSINAPATI ASRI,36,104,162.000.000,180,5%,115.425.000,"12 June, 2024","19 June, 2024"
2592924,2024,2024,BANK BNI,APERSI,tapak,JAMBI,KAB BUNGO,Rimbo Tengah,Sungai Mengkuang,P,SWASTA,3.289.800,PT GRIYA MULYA LESTARI,GRIYA DAKSINAPATI ASRI,36,104,162.000.000,180,5%,115.425.000,"12 June, 2024","19 June, 2024"
2592926,2024,2024,BANK BNI,APERSI,tapak,JAMBI,KAB BUNGO,Rimbo Tengah,Sungai Mengkuang,L,SWASTA,3.200.000,PT GRIYA MULYA LESTARI,GRIYA DAKSINAPATI ASRI,36,130,162.000.000,180,5%,115.425.000,"13 June, 2024","19 June, 2024"
2594982,2024,2024,BANK JAMBI,APERSI,tapak,JAMBI,KAB BUNGO,Rimbo Tengah,Sungai Mengkuang,P,SWASTA,4.650.000,PT SINAR PENYELAMAT UMAT,AL KAUTSAR RESIDENCE 7,36,98,162.000.000,180,5%,115.425.000,"7 June, 2024","14 June, 2024"
2595455,2024,2024,BANK BNI,APERSI,tapak,JAMBI,KAB BUNGO,Rimbo Tengah,Sungai Mengkuang,L,SWASTA,3.300.000,PT GRIYA MULYA LESTARI,GRIYA DAKSINAPATI ASRI,36,104,162.000.000,180,5%,115.425.000,"13 June, 2024","21 June, 2024"
2627757,2024,2024,BANK BTN,APERSI,tapak,JAMBI,KAB BUNGO,Rimbo Tengah,Sungai Mengkuang,L,SWASTA,5.114.805,PT SINAR PENYELAMAT UMAT,AL KAUTSAR RESIDENCE 7,36,104,162.000.000,180,5%,117.285.000,"7 May, 2024","31 July, 2024"
2630578,2024,2024,BANK BTN,APERSI,tapak,JAMBI,KAB BUNGO,Batin II Babeko,Tanjung Menanti,L,SWASTA,6.036.000,PT Nusantara Agung Property,TROPIKANA RESIDENCE,36,117,162.000.000,192,5%,115.200.000,"28 March, 2024","29 August, 2024"
2632569,2024,2024,BANK BTN,REI,tapak,JAMBI,KAB BUNGO,Rimbo Tengah,Pasir Putih,L,SWASTA,3.800.000,PT CITRA NAE ZIDNI,CITRA RESIDENCE,36,103,162.000.000,240,5%,115.200.000,"25 April, 2024","18 September, 2024"
2635095,2024,2024,BANK BTN,REI,tapak,JAMBI,KAB BUNGO,Bathin III,Sungai Binjai,L,SWASTA,4.800.000,PT KHAIRUNNISA BUNGO DEMPO,DEMPO RESIDENCE 2,36,108,162.000.000,204,5%,115.200.000,"29 April, 2024","23 September, 2024"
2635620,2024,2024,BANK MANDIRI,REI,tapak,JAMBI,KAB BUNGO,Bathin III,Manggis,L,SWASTA,4.500.000,PT BUNGO BATHIN DAMAI,Taman Cendana,36,108,162.000.000,240,5%,115.387.500,"12 June, 2024","19 July, 2024"
2635910,2024,2024,BANK BTN,APERSI,tapak,JAMBI,KAB BUNGO,Rimbo Tengah,Sungai Mengkuang,L,SWASTA,4.884.992,PT SINAR PENYELAMAT UMAT,AL KAUTSAR RESIDENCE 7,36,98,162.000.000,240,5%,117.225.000,"2 May, 2024","18 September, 2024"
2635924,2024,2024,BANK BTN,APERSI,tapak,JAMBI,KAB BUNGO,Rimbo Tengah,Sungai Mengkuang,P,SWASTA,4.000.000,PT SINAR PENYELAMAT UMAT,AL KAUTSAR RESIDENCE 7,36,98,162.000.000,204,5%,117.225.000,"30 April, 2024","18 September, 2024"
2637194,2024,2024,BANK BTN,APERSI,tapak,JAMBI,KAB BUNGO,Rimbo Tengah,Sungai Mengkuang,L,WIRASWASTA,7.500.000,PT SINAR PENYELAMAT UMAT,AL KAUTSAR RESIDENCE 7,36,98,162.000.000,216,5%,115.200.000,"30 April, 2024","18 September, 2024"
2637302,2024,2024,BANK BTN,REI,tapak,JAMBI,KAB BUNGO,Rimbo Tengah,Pasir Putih,P,WIRASWASTA,5.900.000,PT MITRA HARAPAN KENTJANA,GRAHA BUNGO KENTJANA TAHAP 2,36,104,162.000.000,180,5%,117.225.000,"29 April, 2024","18 September, 2024"
2637916,2024,2024,BANK BTN,REI,tapak,JAMBI,KAB BUNGO,Bathin III,Manggis,L,SWASTA,4.600.000,PT WIJOYO ORIDINA PROPERTI,BUNGO CITY RESIDENCE 2,36,98,162.000.000,240,5%,117.225.000,"8 May, 2024","23 September, 2024"
2638502,2024,2024,BANK BTN,REI,tapak,JAMBI,KAB BUNGO,Bathin III,Bungo Taman Agung,L,SWASTA,3.300.000,PT BUNGO GRAHA INDAH,GRAHA NUSA INDAH,36,108,150.000.000,240,5%,106.875.000,"7 May, 2024","29 July, 2024"
2638507,2024,2024,BANK BTN,APERSI,tapak,JAMBI,KAB BUNGO,Rimbo Tengah,Sungai Mengkuang,L,SWASTA,4.591.666,PT SINAR PENYELAMAT UMAT,AL KAUTSAR RESIDENCE 7,36,98,162.000.000,180,5%,117.285.000,"7 May, 2024","29 July, 2024"
2638509,2024,2024,BANK BTN,APERSI,tapak,JAMBI,KAB BUNGO,Bathin III,Bungo Taman Agung,L,SWASTA,3.500.000,PT JAYA BAKTI PERMATA SARI,PURWOBAKTI INDAH DUO,36,178,150.500.000,240,5%,93.000.000,"7 May, 2024","29 July, 2024"
2639884,2024,2024,BANK BTN,REI,tapak,JAMBI,KAB BUNGO,Bathin III,Manggis,L,SWASTA,6.800.000,PT CIPTA JAYA EWISA,BUNGO CIPTA GRAHA 5,36,108,166.000.000,240,5%,118.275.000,"28 May, 2024","18 September, 2024"
2639886,2024,2024,BANK BTN,REI,tapak,JAMBI,KAB BUNGO,Bathin III,Manggis,L,SWASTA,5.230.000,PT CIPTA JAYA EWISA,BUNGO CIPTA GRAHA 5,36,108,166.000.000,180,5%,118.275.000,"14 May, 2024","18 September, 2024"
2639887,2024,2024,BANK BTN,REI,tapak,JAMBI,KAB BUNGO,Bathin III,Manggis,L,SWASTA,5.990.000,PT CIPTA JAYA EWISA,BUNGO CIPTA GRAHA 5,36,108,166.000.000,180,5%,118.275.000,"14 May, 2024","18 September, 2024"
2640317,2024,2024,BANK BTN,APERSI,tapak,JAMBI,KAB BUNGO,Rimbo Tengah,Sungai Mengkuang,P,SWASTA,4.000.000,PT SINAR PENYELAMAT UMAT,AL KAUTSAR RESIDENCE 7,36,98,162.000.000,180,5%,117.285.000,"16 May, 2024","11 September, 2024"
2641098,2024,2024,BANK BTN,REI,tapak,JAMBI,KAB BUNGO,Bathin III,Manggis,L,TNI/POLRI,5.905.000,PT CIPTA JAYA EWISA,BUNGO CIPTA GRAHA 5,36,116,166.000.000,180,5%,117.450.000,"14 May, 2024","29 July, 2024"
2646720,2024,2024,BANK BTN,APERSI,tapak,JAMBI,KAB BUNGO,Bathin III,Sungai Binjai,L,SWASTA,3.100.000,PT MITRA SENTOSA MANDIRI,VILLA ADEVA SENTOSA,36,120,150.000.000,240,5%,106.875.000,"10 June, 2024","19 September, 2024"
2646876,2024,2024,BANK BTN,REI,tapak,JAMBI,KAB BUNGO,Rimbo Tengah,Cadika,L,PNS,3.144.223,PT BERKAH CIPTA PERKASA,ZAM ZAM RESIDENCE,36,96,162.000.000,132,5%,117.285.000,"10 June, 2024","8 August, 2024"
2646929,2024,2024,BANK BTN,REI,tapak,JAMBI,KAB BUNGO,Bathin III,Bungo Taman Agung,L,WIRASWASTA,3.884.000,PT BUNGO GRAHA INDAH,GRAHA NUSA INDAH,36,108,150.000.000,180,5%,106.875.000,"12 June, 2024","8 August, 2024"
2646938,2024,2024,BANK BTN,REI,tapak,JAMBI,KAB BUNGO,Bathin III,Bungo Taman Agung,P,WIRASWASTA,6.870.000,PT BUNGO GRAHA INDAH,GRAHA NUSA INDAH,36,108,150.000.000,180,5%,106.875.000,"12 June, 2024","8 August, 2024"
2647504,2024,2024,BANK BTN,REI,tapak,JAMBI,KAB BUNGO,Rimbo Tengah,Pasir Putih,L,SWASTA,5.882.200,PT MARGA MULYA INDAH ASRI,MULIA INDAH ASRI 2,36,84,150.500.000,180,5%,107.231.250,"12 June, 2024","23 August, 2024"
2648396,2024,2024,BANK BTN,APERSI,tapak,JAMBI,KAB BUNGO,Rimbo Tengah,Sungai Mengkuang,L,SWASTA,7.510.000,PT SINAR PENYELAMAT UMAT,AL KAUTSAR 7 PENGEMBANGAN,36,98,162.000.000,192,5%,116.250.000,"13 June, 2024","18 September, 2024"
2648399,2024,2024,BANK BTN,REI,tapak,JAMBI,KAB BUNGO,Rimbo Tengah,Pasir Putih,L,SWASTA,3.500.000,PT MITRA HARAPAN KENTJANA,GRAHA BUNGO KENTJANA TAHAP 2,36,91,162.000.000,204,5%,114.450.000,"13 June, 2024","18 September, 2024"
2650567,2024,2024,BANK BTN,REI,tapak,JAMBI,KAB BUNGO,Bathin III,Manggis,L,WIRASWASTA,4.500.000,PT BUNGO BATHIN DAMAI,TAMAN CENDANA,36,108,162.000.000,180,5%,115.200.000,"21 June, 2024","24 September, 2024"
2650588,2024,2024,BANK BTN,REI,tapak,JAMBI,KAB BUNGO,Rimbo Tengah,Pasir Putih,L,SWASTA,3.800.000,PT MITRA HARAPAN KENTJANA,GRAHA BUNGO KENTJANA TAHAP 2,36,110,162.000.000,180,5%,117.285.000,"20 June, 2024","24 September, 2024"
2650593,2024,2024,BANK BTN,REI,tapak,JAMBI,KAB BUNGO,Bungo Dani,Talang Pantai,L,SWASTA,4.500.000,PT ANUGERAH REZEKI BERSAUDARA MADANI,BUNGO DANI RESIDENCE 3,36,107,162.000.000,180,5%,115.387.500,"20 June, 2024","24 September, 2024"
2652049,2024,2024,BANK BNI,APERSI,tapak,JAMBI,KAB BUNGO,Rimbo Tengah,Cadika,L,WIRASWASTA,5.188.404,PT SINAR PENYELAMAT UMAT,AL KAUTSAR RESIDENCE 5,36,139,150.500.000,120,5%,108.000.000,"27 June, 2024","10 July, 2024"
2654997,2024,2024,BANK BTN,REI,tapak,JAMBI,KAB BUNGO,Bathin III,Bungo Taman Agung,L,WIRASWASTA,7.750.000,PT BUNGO GRAHA INDAH,GRAHA NUSA INDAH,36,108,150.000.000,168,5%,106.875.000,"27 June, 2024","23 September, 2024"
2655038,2024,2024,BANK BTN,APERSI,tapak,JAMBI,KAB BUNGO,Rimbo Tengah,Sungai Mengkuang,L,SWASTA,4.500.000,PT SINAR PENYELAMAT UMAT,AL KAUTSAR 7 PENGEMBANGAN,36,98,162.000.000,180,5%,117.285.000,"2 July, 2024","23 September, 2024"
2656243,2024,2024,BANK BTN,APERSI,tapak,JAMBI,KAB BUNGO,Bathin III,Sungai Binjai,L,SWASTA,4.500.000,PT MITRA SENTOSA MANDIRI,VILLA ADEVA SENTOSA,36,120,150.000.000,180,5%,106.875.000,"26 June, 2024","25 September, 2024"
2656280,2024,2024,BANK BTN,REI,tapak,JAMBI,KAB BUNGO,Rimbo Tengah,Cadika,P,SWASTA,4.000.000,PT BERKAH CIPTA PERKASA,ZAM ZAM RESIDENCE,36,96,162.000.000,180,5%,117.285.000,"26 June, 2024","25 September, 2024"
2656319,2024,2024,BANK BTN,APERSI,tapak,JAMBI,KAB BUNGO,Rimbo Tengah,Sungai Mengkuang,P,SWASTA,4.964.622,PT SINAR PENYELAMAT UMAT,AL KAUTSAR 7 PENGEMBANGAN,36,98,162.000.000,180,5%,117.285.000,"26 June, 2024","25 September, 2024"
2656328,2024,2024,BANK BTN,REI,tapak,JAMBI,KAB BUNGO,Rimbo Tengah,Pasir Putih,P,SWASTA,3.400.000,PT MITRA HARAPAN KENTJANA,GRAHA BUNGO KENTJANA TAHAP 2,36,91,162.000.000,240,5%,115.425.000,"28 June, 2024","25 September, 2024"
2656380,2024,2024,BANK BTN,REI,tapak,JAMBI,KAB BUNGO,Bathin III,Manggis,P,SWASTA,5.070.000,PT CIPTA JAYA EWISA,BUNGO CIPTA GRAHA 5,36,108,166.000.000,126,5%,118.275.000,"26 June, 2024","25 September, 2024"
2656460,2024,2024,BANK BTN,REI,tapak,JAMBI,KAB BUNGO,Rimbo Tengah,Cadika,P,SWASTA,3.500.000,PT CANDIKA KAPITAL PROPERTINDO,CANDIKA ASRI,36,108,140.000.000,228,5%,99.750.000,"26 June, 2024","25 September, 2024"
2656481,2024,2024,BANK BTN,REI,tapak,JAMBI,KAB BUNGO,Bathin III,Manggis,L,SWASTA,5.300.000,PT CIPTA JAYA EWISA,BUNGO CIPTA GRAHA 5,36,108,166.000.000,240,5%,118.275.000,"26 June, 2024","25 September, 2024"
2656494,2024,2024,BANK BTN,REI,tapak,JAMBI,KAB BUNGO,Bathin III,Manggis,P,SWASTA,5.003.000,PT CIPTA JAYA EWISA,BUNGO CIPTA GRAHA 5,36,108,166.000.000,240,5%,118.275.000,"26 June, 2024","25 September, 2024"
2656507,2024,2024,BANK BTN,REI,tapak,JAMBI,KAB BUNGO,Bathin III,Manggis,P,SWASTA,4.407.195,PT CIPTA JAYA EWISA,BUNGO CIPTA GRAHA 5,36,108,166.000.000,240,5%,118.275.000,"26 June, 2024","25 September, 2024"
2656565,2024,2024,BANK BTN,APERSI,tapak,JAMBI,KAB BUNGO,Bathin III,Bungo Taman Agung,P,SWASTA,3.600.000,PT JAYA BAKTI PERMATA SARI,PURWOBAKTI INDAH DUO,36,120,150.500.000,180,5%,107.231.250,"26 June, 2024","25 September, 2024"
2656594,2024,2024,BANK BTN,APERSI,tapak,JAMBI,KAB BUNGO,Rimbo Tengah,Sungai Mengkuang,L,SWASTA,4.150.000,PT SINAR PENYELAMAT UMAT,AL KAUTSAR 7 PENGEMBANGAN,36,98,162.000.000,240,5%,117.285.000,"27 June, 2024","25 September, 2024"
2656706,2024,2024,BANK BTN,APERSI,tapak,JAMBI,KAB BUNGO,Rimbo Tengah,Sungai Mengkuang,L,SWASTA,6.294.000,PT SINAR PENYELAMAT UMAT,AL KAUTSAR 7 PENGEMBANGAN,36,98,162.000.000,180,5%,117.285.000,"26 June, 2024","25 September, 2024"
2656729,2024,2024,BANK BTN,APERSI,tapak,JAMBI,KAB BUNGO,Rimbo Tengah,Sungai Mengkuang,P,SWASTA,4.673.479,PT SINAR PENYELAMAT UMAT,AL KAUTSAR 7 PENGEMBANGAN,36,98,162.000.000,180,5%,117.285.000,"5 July, 2024","25 September, 2024"
2656790,2024,2024,BANK BTN,REI,tapak,JAMBI,KAB BUNGO,Rimbo Tengah,Pasir Putih,P,SWASTA,5.160.000,PT MITRA HARAPAN KENTJANA,GRAHA BUNGO KENTJANA TAHAP 2,36,104,162.000.000,180,5%,117.285.000,"26 June, 2024","25 September, 2024"
2656860,2024,2024,BANK BTN,APERSI,tapak,JAMBI,KAB BUNGO,Rimbo Tengah,Sungai Mengkuang,L,SWASTA,3.950.666,PT SINAR PENYELAMAT UMAT,AL KAUTSAR 7 PENGEMBANGAN,36,98,162.000.000,240,5%,117.285.000,"26 June, 2024","25 September, 2024"
2659147,2024,2024,BANK BTN,REI,tapak,JAMBI,KAB BUNGO,Bathin III,Manggis,P,SWASTA,3.500.000,PT CITRA NAE ZIDNI,GRIYA BAROKAH,36,108,150.500.000,240,5%,107.231.250,"3 July, 2024","25 July, 2024"
2659720,2024,2024,BANK BTN,REI,tapak,JAMBI,KAB BUNGO,Bathin III,Manggis,L,SWASTA,3.300.000,PT BUNGO BATHIN DAMAI,TAMAN CENDANA,36,108,162.000.000,240,5%,115.387.500,"3 July, 2024","24 September, 2024"
2659787,2024,2024,BANK BTN,REI,tapak,JAMBI,KAB BUNGO,Rimbo Tengah,Cadika,P,SWASTA,4.170.000,PT BERKAH CIPTA PERKASA,ZAM ZAM RESIDENCE,36,108,162.000.000,180,5%,117.285.000,"3 July, 2024","24 September, 2024"
2659788,2024,2024,BANK BTN,REI,tapak,JAMBI,KAB BUNGO,Rimbo Tengah,Cadika,P,SWASTA,4.000.000,PT BERKAH CIPTA PERKASA,ZAM ZAM RESIDENCE,36,96,162.000.000,204,5%,117.285.000,"3 July, 2024","24 September, 2024"
2660682,2024,2024,BANK BTN,REI,tapak,JAMBI,KAB BUNGO,Bathin III,Bungo Taman Agung,L,WIRASWASTA,3.600.000,PT BUNGO GRAHA INDAH,GRAHA NUSA INDAH,36,108,150.000.000,240,5%,106.875.000,"5 July, 2024","11 September, 2024"
2670484,2024,2024,BANK BNI,APERSI,tapak,JAMBI,KAB BUNGO,Rimbo Tengah,Sungai Mengkuang,L,SWASTA,3.710.000,PT GRIYA MULYA LESTARI,GRIYA DAKSINAPATI ASRI,36,104,162.000.000,120,5%,115.425.000,"3 July, 2024","16 July, 2024"
2675181,2024,2024,BANK BTN,REI,tapak,JAMBI,KAB BUNGO,Rimbo Tengah,Sungai Mengkuang,L,TNI/POLRI,4.356.000,PT KHOVIZ LANSKAP PROPERTI,PESSONA BUNGO RESIDENCE,36,108,166.000.000,156,5%,118.275.000,"30 May, 2024","27 September, 2024"
2675308,2024,2024,BANK BTN,REI,tapak,JAMBI,KAB BUNGO,Bathin III,Bungo Taman Agung,P,WIRASWASTA,6.750.000,PT BUNGO GRAHA INDAH,GRAHA NUSA INDAH,36,108,150.000.000,180,5%,106.875.000,"30 May, 2024","27 September, 2024"
2676812,2024,2024,BANK SYARIAH INDONESIA,REI,tapak,JAMBI,KAB BUNGO,Bathin III,Manggis,P,SWASTA,2.800.000,PT Cipta Jaya Ewisa,Bungo Cipta Graha,36,108,166.000.000,180,5%,118.275.000,"14 June, 2024","16 July, 2024"
2681717,2024,2024,BANK BNI,APERSI,tapak,JAMBI,KAB BUNGO,Rimbo Tengah,Sungai Mengkuang,P,SWASTA,3.000.000,PT GRIYA MULYA LESTARI,GRIYA DAKSINAPATI ASRI,36,123,162.000.000,180,5%,115.425.000,"15 July, 2024","16 July, 2024"
2683287,2024,2024,BANK BTN,REI,tapak,JAMBI,KAB BUNGO,Rimbo Tengah,Cadika,L,SWASTA,3.800.000,PT BERKAH CIPTA PERKASA,ZAM ZAM RESIDENCE,36,96,162.000.000,240,5%,117.285.000,"12 July, 2024","26 September, 2024"
2683288,2024,2024,BANK BTN,REI,tapak,JAMBI,KAB BUNGO,Bathin III,Manggis,P,SWASTA,3.206.333,PT BUNGO BATHIN DAMAI,TAMAN CENDANA,36,108,162.000.000,240,5%,115.387.500,"15 July, 2024","26 September, 2024"
2683485,2024,2024,BANK BTN,REI,tapak,JAMBI,KAB BUNGO,Batin II Babeko,Tanjung Menanti,L,SWASTA,4.150.000,PT PETRA CIPTA UTAMA,GREEN PETRA 2,36,108,166.000.000,240,5%,118.500.000,"12 July, 2024","26 September, 2024"
2683669,2024,2024,BANK BTN,REI,tapak,JAMBI,KAB BUNGO,Bathin III,Manggis,P,SWASTA,5.000.000,PT CIPTA JAYA EWISA,BUNGO CIPTA GRAHA 5,36,108,166.000.000,240,5%,118.275.000,"11 July, 2024","26 September, 2024"
2683670,2024,2024,BANK BTN,REI,tapak,JAMBI,KAB BUNGO,Bathin III,Manggis,L,SWASTA,5.100.000,PT CIPTA JAYA EWISA,BUNGO CIPTA GRAHA 5,36,108,166.000.000,180,5%,118.275.000,"11 July, 2024","26 September, 2024"
2683786,2024,2024,BANK BTN,REI,tapak,JAMBI,KAB BUNGO,Bathin III,Manggis,P,WIRASWASTA,6.000.000,PT BUNGO BATHIN DAMAI,TAMAN CENDANA,36,108,162.000.000,180,5%,115.387.500,"12 July, 2024","26 September, 2024"
2683811,2024,2024,BANK BTN,REI,tapak,JAMBI,KAB BUNGO,Bathin III,Manggis,L,SWASTA,5.000.000,PT CIPTA JAYA EWISA,BUNGO CIPTA GRAHA 5,36,108,166.000.000,180,5%,118.275.000,"11 July, 2024","26 September, 2024"
2685145,2024,2024,BANK BTN,REI,tapak,JAMBI,KAB BUNGO,Batin II Babeko,Tanjung Menanti,P,SWASTA,5.813.144,PT PETRA CIPTA UTAMA,GREEN PETRA 2,36,108,166.000.000,240,5%,118.500.000,"8 July, 2024","26 September, 2024"
2685152,2024,2024,BANK BTN,REI,tapak,JAMBI,KAB BUNGO,Bathin III,Manggis,P,SWASTA,4.900.000,PT CIPTA JAYA EWISA,BUNGO CIPTA GRAHA 5,36,108,166.000.000,240,5%,118.275.000,"11 July, 2024","26 September, 2024"
2685157,2024,2024,BANK BTN,APERSI,tapak,JAMBI,KAB BUNGO,Rimbo Tengah,Sungai Mengkuang,L,SWASTA,4.050.000,PT SINAR PENYELAMAT UMAT,AL KAUTSAR 7 PENGEMBANGAN,36,98,162.000.000,240,5%,117.285.000,"8 July, 2024","26 September, 2024"
2685658,2024,2024,BANK BTN,APERSI,tapak,JAMBI,KAB BUNGO,Bathin III,Sungai Binjai,L,WIRASWASTA,7.500.000,PT CHYNTA AZZUHRA SEJAHTERA,SKB RESIDENCE,36,106,162.000.000,180,5%,115.425.000,"9 July, 2024","18 July, 2024"
2685937,2024,2024,BANK BTN,REI,tapak,JAMBI,KAB BUNGO,Bathin III,Manggis,P,PNS,3.800.000,PT BUNGO BATHIN DAMAI,TAMAN CENDANA,36,108,162.000.000,240,5%,115.387.500,"9 July, 2024","27 September, 2024"
2685950,2024,2024,BANK BTN,APERSI,tapak,JAMBI,KAB BUNGO,Rimbo Tengah,Sungai Mengkuang,P,WIRASWASTA,5.400.000,PT AMARDHIKA TUJUH LANGIT,LANGIT RESIDENCE,36,120,162.000.000,180,5%,115.425.000,"9 July, 2024","27 September, 2024"
2685954,2024,2024,BANK BTN,REI,tapak,JAMBI,KAB BUNGO,Bathin III,Manggis,L,SWASTA,4.377.000,PT BUNGO BATHIN DAMAI,TAMAN CENDANA,36,108,162.000.000,180,5%,115.387.500,"9 July, 2024","27 September, 2024"
2686006,2024,2024,BANK BTN,APERSI,tapak,JAMBI,KAB BUNGO,Rimbo Tengah,Sungai Mengkuang,P,SWASTA,3.385.800,PT AMARDHIKA TUJUH LANGIT,LANGIT RESIDENCE,36,120,150.000.000,203,5%,108.375.000,"10 July, 2024","27 September, 2024"
2689060,2024,2024,BANK BTN,REI,tapak,JAMBI,KAB BUNGO,Pasar Muaro Bungo,Bungo Timur,P,SWASTA,5.200.000,PT ARAH BANGUN PRESTASI MANDIRI,PURI INDAH SEPAKAT,36,91,162.000.000,180,5%,117.285.000,"28 May, 2024","26 September, 2024"
2691141,2024,2024,BANK BTN,APERSI,tapak,JAMBI,KAB BUNGO,Rimbo Tengah,Sungai Mengkuang,L,WIRASWASTA,7.500.000,PT SINAR PENYELAMAT UMAT,AL KAUTSAR RESIDENCE 7,36,112,162.000.000,204,5%,117.225.000,"24 April, 2024","18 July, 2024"
2691173,2024,2024,BANK BTN,REI,tapak,JAMBI,KAB BUNGO,Batin II Babeko,Tanjung Menanti,L,SWASTA,6.965.000,PT PETRA CIPTA UTAMA,GREEN PETRA 2,36,108,150.500.000,108,5%,106.875.000,"24 April, 2024","18 July, 2024"
2691176,2024,2024,BANK BTN,REI,tapak,JAMBI,KAB BUNGO,Bathin III,Manggis,L,WIRASWASTA,4.375.000,PT CIPTA JAYA EWISA,BUNGO CIPTA GRAHA 5,36,108,166.000.000,204,5%,117.450.000,"24 April, 2024","18 July, 2024"
2691216,2024,2024,BANK BTN,REI,tapak,JAMBI,KAB BUNGO,Bathin III,Manggis,P,SWASTA,4.943.000,PT CIPTA JAYA EWISA,BUNGO CIPTA GRAHA 5,36,108,166.000.000,204,5%,117.450.000,"24 April, 2024","18 July, 2024"
2691217,2024,2024,BANK BTN,REI,tapak,JAMBI,KAB BUNGO,Bathin III,Manggis,P,SWASTA,5.556.684,PT CIPTA JAYA EWISA,BUNGO CIPTA GRAHA 5,36,108,166.000.000,180,5%,117.450.000,"24 April, 2024","18 July, 2024"
2691342,2024,2024,BANK BTN,REI,tapak,JAMBI,KAB BUNGO,Batin II Babeko,Tanjung Menanti,L,SWASTA,4.673.286,PT PETRA CIPTA UTAMA,GREEN PETRA 2,36,108,150.500.000,204,5%,107.231.250,"25 April, 2024","18 July, 2024"
2692144,2024,2024,BANK BTN,REI,tapak,JAMBI,KAB BUNGO,Bathin III,Manggis,L,TNI/POLRI,6.540.300,PT BUNGO BATHIN DAMAI,TAMAN CENDANA,36,108,162.000.000,120,5%,115.387.500,"29 May, 2024","18 September, 2024"
2692173,2024,2024,BANK BTN,REI,tapak,JAMBI,KAB BUNGO,Rimbo Tengah,Pasir Putih,L,SWASTA,5.885.558,PT MITRA HARAPAN KENTJANA,GRAHA BUNGO KENTJANA TAHAP 2,36,91,162.000.000,120,5%,117.285.000,"30 May, 2024","18 September, 2024"
2692266,2024,2024,BANK BTN,REI,tapak,JAMBI,KAB BUNGO,Pasar Muaro Bungo,Bungo Timur,P,SWASTA,7.000.000,PT ARAH BANGUN PRESTASI MANDIRI,PURI INDAH SEPAKAT,36,91,162.000.000,180,5%,117.285.000,"29 May, 2024","18 September, 2024"
2695751,2024,2024,BANK JAMBI,APERSI,tapak,JAMBI,KAB BUNGO,Rimbo Tengah,Sungai Mengkuang,P,LAINNYA,3.900.000,PT SINAR PENYELAMAT UMAT,AL KAUTSAR 7 PENGEMBANGAN,36,98,162.000.000,180,5%,115.425.000,"28 June, 2024","18 July, 2024"
2695785,2024,2024,BANK JAMBI,APERSI,tapak,JAMBI,KAB BUNGO,Rimbo Tengah,Sungai Mengkuang,P,LAINNYA,3.900.000,PT SINAR PENYELAMAT UMAT,AL KAUTSAR 7 PENGEMBANGAN,36,98,166.000.000,180,5%,118.275.000,"2 July, 2024","18 July, 2024"
2696792,2024,2024,BANK SYARIAH INDONESIA,APERSI,tapak,JAMBI,KAB BUNGO,Bathin III,Manggis,P,SWASTA,2.998.880,PT MITRA SENTOSA MANDIRI,SENTOSA RESIDENCE,36,108,162.000.000,180,5%,115.425.000,"2 July, 2024","19 July, 2024"
2703160,2024,2024,BANK BTN,REI,tapak,JAMBI,KAB BUNGO,Bathin III,Bungo Taman Agung,L,SWASTA,3.100.000,PT BUNGO GRAHA INDAH,GRAHA NUSA INDAH,36,108,150.000.000,240,5%,106.875.000,"17 July, 2024","25 September, 2024"
2703163,2024,2024,BANK BTN,REI,tapak,JAMBI,KAB BUNGO,Bathin III,Manggis,L,SWASTA,5.980.812,PT WIJOYO ORIDINA PROPERTI,BUNGO CITY RESIDENCE,36,125,166.000.000,180,5%,120.255.000,"17 July, 2024","25 September, 2024"
2703192,2024,2024,BANK BTN,REI,tapak,JAMBI,KAB BUNGO,Bathin III,Bungo Taman Agung,L,SWASTA,6.500.000,PT BUNGO GRAHA INDAH,GRAHA NUSA INDAH,36,108,150.000.000,240,5%,106.875.000,"17 July, 2024","25 September, 2024"
2704554,2024,2024,BANK BTN,APERSI,tapak,JAMBI,KAB BUNGO,Bathin III,Sungai Binjai,P,SWASTA,3.300.000,PT MITRA SENTOSA MANDIRI,VILLA ADEVA SENTOSA,36,120,150.000.000,240,5%,106.875.000,"18 July, 2024","25 July, 2024"
2717635,2024,2024,BANK BNI,REI,tapak,JAMBI,KAB BUNGO,Rimbo Tengah,Pasir Putih,L,WIRASWASTA,5.000.000,PT CITRA NAE ZIDNI,CITRA RESIDENCE,36,104,162.000.000,180,5%,115.425.000,"17 July, 2024","29 July, 2024"
2726089,2024,2024,BANK BNI,APERSI,tapak,JAMBI,KAB BUNGO,Rimbo Tengah,Sungai Mengkuang,P,LAINNYA,3.700.000,PT GRIYA MULYA LESTARI,GRIYA DAKSINAPATI ASRI,36,113,162.000.000,120,5%,115.425.000,"25 July, 2024","31 July, 2024"
2726091,2024,2024,BANK BNI,APERSI,tapak,JAMBI,KAB BUNGO,Rimbo Tengah,Sungai Mengkuang,P,SWASTA,3.700.000,PT GRIYA MULYA LESTARI,GRIYA DAKSINAPATI ASRI,36,124,162.000.000,180,5%,115.425.000,"25 July, 2024","31 July, 2024"
2729477,2024,2024,BANK BTN,APERSI,tapak,JAMBI,KAB BUNGO,Rimbo Tengah,Sungai Mengkuang,P,SWASTA,4.500.000,PT GRIYA MULYA LESTARI,GRIYA DAKSINAPATI ASRI,36,127,162.000.000,180,5%,115.425.000,"18 July, 2024","25 September, 2024"
2738349,2024,2024,BANK BTN,APERSI,tapak,JAMBI,KAB BUNGO,Rimbo Tengah,Sungai Mengkuang,L,SWASTA,4.753.000,PT GRIYA MULYA LESTARI,GRIYA DAKSINAPATI ASRI,36,104,162.000.000,180,5%,115.425.000,"18 July, 2024","8 August, 2024"
2738363,2024,2024,BANK BTN,APERSI,tapak,JAMBI,KAB BUNGO,Bathin III,Sungai Binjai,L,SWASTA,5.615.000,PT MITRA SENTOSA MANDIRI,VILLA ADEVA SENTOSA,36,120,150.000.000,180,5%,106.875.000,"18 July, 2024","8 August, 2024"
2738569,2024,2024,BANK BTN,REI,tapak,JAMBI,KAB BUNGO,Batin II Babeko,Tanjung Menanti,L,SWASTA,6.950.000,PT PETRA CIPTA UTAMA,GREEN PETRA 2,36,108,166.000.000,180,5%,118.500.000,"19 July, 2024","23 September, 2024"
2739353,2024,2024,BANK BTN,APERSI,tapak,JAMBI,KAB BUNGO,Rimbo Tengah,Sungai Mengkuang,L,SWASTA,4.000.000,PT SINAR PENYELAMAT UMAT,AL KAUTSAR 7 PENGEMBANGAN,36,98,166.000.000,180,5%,120.255.000,"23 July, 2024","19 September, 2024"
2739355,2024,2024,BANK BTN,REI,tapak,JAMBI,KAB BUNGO,Bathin III,Manggis,P,SWASTA,3.500.000,PT BUNGO BATHIN DAMAI,TAMAN CENDANA,36,108,162.000.000,240,5%,115.387.500,"22 July, 2024","19 September, 2024"
2739357,2024,2024,BANK BTN,APERSI,tapak,JAMBI,KAB BUNGO,Rimbo Tengah,Sungai Mengkuang,L,WIRASWASTA,7.783.000,PT SINAR PENYELAMAT UMAT,AL KAUTSAR 7 PENGEMBANGAN,36,98,166.000.000,180,5%,120.255.000,"23 July, 2024","19 September, 2024"
2739361,2024,2024,BANK BTN,APERSI,tapak,JAMBI,KAB BUNGO,Rimbo Tengah,Sungai Mengkuang,P,SWASTA,4.000.000,PT SINAR PENYELAMAT UMAT,AL KAUTSAR 7 PENGEMBANGAN,36,98,166.000.000,240,5%,120.255.000,"23 July, 2024","19 September, 2024"
2739965,2024,2024,BANK BTN,APERSI,tapak,JAMBI,KAB BUNGO,Rimbo Tengah,Sungai Mengkuang,L,SWASTA,7.550.000,PT SINAR PENYELAMAT UMAT,AL KAUTSAR 7 PENGEMBANGAN,36,98,162.000.000,120,5%,117.285.000,"23 July, 2024","10 September, 2024"
2739975,2024,2024,BANK BTN,REI,tapak,JAMBI,KAB BUNGO,Bathin III,Manggis,L,WIRASWASTA,6.000.000,PT BUNGO BATHIN DAMAI,TAMAN CENDANA,36,108,162.000.000,144,5%,115.387.500,"23 July, 2024","10 September, 2024"
2748729,2024,2024,BANK BNI,REI,tapak,JAMBI,KAB BUNGO,Rimbo Tengah,Pasir Putih,L,SWASTA,3.500.000,PT CITRA NAE ZIDNI,CITRA RESIDENCE,36,104,162.000.000,180,5%,115.425.000,"30 July, 2024","12 August, 2024"
2748730,2024,2024,BANK BNI,APERSI,tapak,JAMBI,KAB BUNGO,Rimbo Tengah,Sungai Mengkuang,L,WIRASWASTA,6.614.508,PT SINAR PENYELAMAT UMAT,AL KAUTSAR 7 PENGEMBANGAN,36,98,166.000.000,120,5%,120.000.000,"30 July, 2024","12 August, 2024"
2748731,2024,2024,BANK BNI,APERSI,tapak,JAMBI,KAB BUNGO,Rimbo Tengah,Sungai Mengkuang,P,LAINNYA,3.141.667,PT SINAR PENYELAMAT UMAT,AL KAUTSAR 7 PENGEMBANGAN,36,98,166.000.000,180,5%,120.000.000,"30 July, 2024","12 August, 2024"
2748734,2024,2024,BANK BNI,REI,tapak,JAMBI,KAB BUNGO,Rimbo Tengah,Pasir Putih,L,WIRASWASTA,4.692.513,PT CITRA NAE ZIDNI,CITRA RESIDENCE,36,103,162.000.000,180,5%,115.425.000,"30 July, 2024","12 August, 2024"
2752632,2024,2024,BANK BTN,APERSI,tapak,JAMBI,KAB BUNGO,Rimbo Tengah,Sungai Mengkuang,L,SWASTA,4.625.557,PT SINAR PENYELAMAT UMAT,AL KAUTSAR 7 PENGEMBANGAN,36,98,162.000.000,180,5%,117.285.000,"27 June, 2024","23 September, 2024"
2752650,2024,2024,BANK BTN,REI,tapak,JAMBI,KAB BUNGO,Bathin III,Manggis,L,SWASTA,5.000.000,PT WIJOYO ORIDINA PROPERTI,BUNGO CITY RESIDENCE 2,36,98,166.000.000,180,5%,120.225.000,"27 June, 2024","23 September, 2024"
2752707,2024,2024,BANK BTN,APERSI,tapak,JAMBI,KAB BUNGO,Rimbo Tengah,Sungai Mengkuang,L,SWASTA,4.100.000,PT GRIYA MULYA LESTARI,GRIYA DAKSINAPATI ASRI,36,125,162.000.000,180,5%,115.425.000,"2 July, 2024","27 September, 2024"
2752712,2024,2024,BANK BTN,APERSI,tapak,JAMBI,KAB BUNGO,Rimbo Tengah,Sungai Mengkuang,L,SWASTA,4.100.000,PT GRIYA MULYA LESTARI,GRIYA DAKSINAPATI ASRI,36,104,162.000.000,240,5%,115.425.000,"2 July, 2024","27 September, 2024"
2752713,2024,2024,BANK BTN,REI,tapak,JAMBI,KAB BUNGO,Rimbo Tengah,Cadika,L,SWASTA,5.116.000,PT BERKAH CIPTA PERKASA,ZAM ZAM RESIDENCE,36,193,162.000.000,180,5%,117.285.000,"2 July, 2024","27 September, 2024"
2753243,2024,2024,BANK BTN,APERSI,tapak,JAMBI,KAB BUNGO,Rimbo Tengah,Sungai Mengkuang,L,SWASTA,5.400.000,PT SINAR PENYELAMAT UMAT,AL KAUTSAR 7 PENGEMBANGAN,36,98,166.000.000,180,5%,120.255.000,"23 July, 2024","25 September, 2024"
2753355,2024,2024,BANK BTN,APERSI,tapak,JAMBI,KAB BUNGO,Rimbo Tengah,Sungai Mengkuang,P,SWASTA,6.873.265,PT SINAR PENYELAMAT UMAT,AL KAUTSAR 7 PENGEMBANGAN,36,98,166.000.000,192,5%,117.285.000,"23 July, 2024","25 September, 2024"
2753433,2024,2024,BANK BTN,APERSI,tapak,JAMBI,KAB BUNGO,Rimbo Tengah,Sungai Mengkuang,L,SWASTA,5.566.667,PT SINAR PENYELAMAT UMAT,AL KAUTSAR 7 PENGEMBANGAN,36,98,166.000.000,192,5%,120.255.000,"23 July, 2024","18 September, 2024"
2753815,2024,2024,BANK BTN,REI,tapak,JAMBI,KAB BUNGO,Bathin III,Manggis,L,SWASTA,5.000.000,PT CIPTA JAYA EWISA,BUNGO CIPTA GRAHA 5,36,108,166.000.000,240,5%,118.275.000,"24 July, 2024","24 September, 2024"
2753879,2024,2024,BANK BTN,REI,tapak,JAMBI,KAB BUNGO,Bathin III,Bungo Taman Agung,P,SWASTA,3.200.000,PT BUNGO GRAHA INDAH,GRAHA NUSA INDAH,36,108,150.000.000,240,5%,106.875.000,"24 July, 2024","24 September, 2024"
2753965,2024,2024,BANK BTN,REI,tapak,JAMBI,KAB BUNGO,Bathin III,Manggis,P,SWASTA,4.790.333,PT CIPTA JAYA EWISA,BUNGO CIPTA GRAHA 5,36,108,166.000.000,240,5%,118.275.000,"24 July, 2024","24 September, 2024"
2753968,2024,2024,BANK BTN,REI,tapak,JAMBI,KAB BUNGO,Bathin III,Manggis,P,SWASTA,5.071.600,PT CIPTA JAYA EWISA,BUNGO CIPTA GRAHA 5,36,108,166.000.000,240,5%,118.275.000,"24 July, 2024","24 September, 2024"
2757662,2024,2024,BANK BTN,REI,tapak,JAMBI,KAB BUNGO,Bathin III,Manggis,P,SWASTA,4.930.000,PT CIPTA JAYA EWISA,BUNGO CIPTA GRAHA 5,36,108,166.000.000,180,5%,118.275.000,"28 May, 2024","28 August, 2024"
2757761,2024,2024,BANK BTN,REI,tapak,JAMBI,KAB BUNGO,Bathin III,Manggis,P,SWASTA,5.059.000,PT CIPTA JAYA EWISA,BUNGO CIPTA GRAHA 5,36,108,166.000.000,180,5%,118.275.000,"28 May, 2024","28 August, 2024"
2757762,2024,2024,BANK BTN,REI,tapak,JAMBI,KAB BUNGO,Bathin III,Manggis,P,PNS,5.096.650,PT CIPTA JAYA EWISA,BUNGO CIPTA GRAHA 5,36,108,166.000.000,240,5%,118.275.000,"28 May, 2024","28 August, 2024"
2757813,2024,2024,BANK BTN,REI,tapak,JAMBI,KAB BUNGO,Bathin III,Manggis,P,SWASTA,7.673.000,PT CIPTA JAYA EWISA,BUNGO CIPTA GRAHA 5,36,108,166.000.000,144,5%,118.275.000,"28 May, 2024","28 August, 2024"
2769781,2024,2024,BANK BTN,REI,tapak,JAMBI,KAB BUNGO,Rimbo Tengah,Sungai Mengkuang,L,SWASTA,4.900.000,PT BERKAH CIPTA PERKASA,AL MADINAH 2,36,108,162.000.000,240,5%,117.285.000,"29 May, 2024","18 September, 2024"
2769785,2024,2024,BANK BTN,REI,tapak,JAMBI,KAB BUNGO,Rimbo Tengah,Sungai Mengkuang,L,WIRASWASTA,7.500.000,PT KHOVIZ LANSKAP PROPERTI,PESSONA BUNGO RESIDENCE,36,108,166.000.000,204,5%,117.450.000,"29 May, 2024","18 September, 2024"
2769789,2024,2024,BANK BTN,REI,tapak,JAMBI,KAB BUNGO,Rimbo Tengah,Sungai Mengkuang,P,SWASTA,4.500.000,PT BERKAH CIPTA PERKASA,AL MADINAH 2,36,108,162.000.000,180,5%,117.285.000,"29 May, 2024","18 September, 2024"
2769794,2024,2024,BANK BTN,REI,tapak,JAMBI,KAB BUNGO,Rimbo Tengah,Sungai Mengkuang,P,WIRASWASTA,7.530.000,PT KHOVIZ LANSKAP PROPERTI,PESSONA BUNGO RESIDENCE,36,120,166.000.000,240,5%,118.275.000,"29 May, 2024","18 September, 2024"
2771506,2024,2024,BANK BTN,REI,tapak,JAMBI,KAB BUNGO,Bathin III,Manggis,L,SWASTA,3.513.000,PT BUNGO BATHIN DAMAI,TAMAN CENDANA,36,108,162.000.000,240,5%,115.387.500,"29 May, 2024","6 September, 2024"
2771515,2024,2024,BANK BTN,REI,tapak,JAMBI,KAB BUNGO,Batin II Babeko,Tanjung Menanti,L,SWASTA,5.450.000,PT PETRA CIPTA UTAMA,GREEN PETRA 2,36,108,166.000.000,240,5%,118.500.000,"7 June, 2024","6 September, 2024"
2780222,2024,2024,BANK BTN,REI,tapak,JAMBI,KAB BUNGO,Bathin III,Manggis,L,SWASTA,4.770.000,PT BUNGO BATHIN DAMAI,TAMAN CENDANA,36,108,162.000.000,180,5%,115.387.500,"31 July, 2024","24 September, 2024"
2783010,2024,2024,BANK BTN,REI,tapak,JAMBI,KAB BUNGO,Batin II Babeko,Tanjung Menanti,L,SWASTA,6.656.667,PT PETRA CIPTA UTAMA,GREEN PETRA 2,36,108,166.000.000,240,5%,118.500.000,"24 July, 2024","25 September, 2024"
2783093,2024,2024,BANK BTN,REI,tapak,JAMBI,KAB BUNGO,Bathin III,Manggis,P,WIRASWASTA,5.500.000,PT CIPTA JAYA EWISA,BUNGO CIPTA GRAHA 5,36,108,166.000.000,180,5%,118.275.000,"31 July, 2024","25 September, 2024"
2783334,2024,2024,BANK BTN,REI,tapak,JAMBI,KAB BUNGO,Rimbo Tengah,Cadika,L,SWASTA,3.100.000,PT BERKAH CIPTA PERKASA,ZAM ZAM RESIDENCE,36,96,162.000.000,240,5%,117.285.000,"26 July, 2024","25 September, 2024"
2783538,2024,2024,BANK BTN,APERSI,tapak,JAMBI,KAB BUNGO,Bathin III,Manggis,L,SWASTA,5.511.282,PT MITRA SENTOSA MANDIRI,SENTOSA RESIDENCE TAHAP 2,36,108,162.000.000,180,5%,115.425.000,"31 July, 2024","27 September, 2024"
2784286,2024,2024,BANK BTN,APERSI,tapak,JAMBI,KAB BUNGO,Rimbo Tengah,Sungai Mengkuang,L,SWASTA,3.822.000,PT SINAR PENYELAMAT UMAT,AL KAUTSAR 7 PENGEMBANGAN,36,98,166.000.000,192,5%,119.013.000,"31 July, 2024","27 September, 2024"
2786623,2024,2024,BANK BTN,REI,tapak,JAMBI,KAB BUNGO,Bathin III,Manggis,P,WIRASWASTA,4.500.000,PT CITRA NAE ZIDNI,CITRA RESIDENCE 2,36,108,166.000.000,240,5%,118.275.000,"30 July, 2024","26 September, 2024"
2786685,2024,2024,BANK BTN,REI,tapak,JAMBI,KAB BUNGO,Bathin III,Bungo Taman Agung,P,SWASTA,3.600.000,PT BUNGO GRAHA INDAH,GRAHA NUSA INDAH,36,108,150.000.000,180,5%,106.875.000,"30 July, 2024","26 September, 2024"
2786717,2024,2024,BANK BTN,REI,tapak,JAMBI,KAB BUNGO,Rimbo Tengah,Pasir Putih,P,SWASTA,4.720.000,PT MITRA HARAPAN KENTJANA,GRAHA BUNGO KENTJANA TAHAP 2,36,91,162.000.000,180,5%,117.285.000,"30 July, 2024","26 September, 2024"
2786720,2024,2024,BANK BTN,APERSI,tapak,JAMBI,KAB BUNGO,Bathin III,Sungai Binjai,P,SWASTA,3.800.000,PT CHYNTA AZZUHRA SEJAHTERA,SKB RESIDENCE,36,108,162.000.000,240,5%,115.425.000,"30 July, 2024","26 September, 2024"
2786725,2024,2024,BANK BTN,APERSI,tapak,JAMBI,KAB BUNGO,Bathin III,Sungai Binjai,L,SWASTA,3.700.000,PT CHYNTA AZZUHRA SEJAHTERA,SKB RESIDENCE,36,108,162.000.000,180,5%,115.125.000,"30 July, 2024","26 September, 2024"
2786804,2024,2024,BANK BTN,REI,tapak,JAMBI,KAB BUNGO,Bathin III,Manggis,P,WIRASWASTA,6.000.000,PT CITRA NAE ZIDNI,CITRA RESIDENCE 2,36,108,166.000.000,180,5%,118.275.000,"30 July, 2024","26 September, 2024"
2788286,2024,2024,BANK BTN,REI,tapak,JAMBI,KAB BUNGO,Bathin III,Manggis,P,SWASTA,5.707.000,PT CIPTA JAYA EWISA,BUNGO CIPTA GRAHA 5,36,108,166.000.000,240,5%,118.275.000,"31 July, 2024","26 September, 2024"
2788313,2024,2024,BANK BTN,REI,tapak,JAMBI,KAB BUNGO,Bathin III,Manggis,P,SWASTA,5.081.473,PT CIPTA JAYA EWISA,BUNGO CIPTA GRAHA 5,36,108,166.000.000,186,5%,118.275.000,"31 July, 2024","26 September, 2024"
2788331,2024,2024,BANK BTN,REI,tapak,JAMBI,KAB BUNGO,Bathin III,Manggis,L,SWASTA,5.419.000,PT CIPTA JAYA EWISA,BUNGO CIPTA GRAHA 5,36,108,166.000.000,180,5%,118.275.000,"31 July, 2024","26 September, 2024"
2788338,2024,2024,BANK BTN,REI,tapak,JAMBI,KAB BUNGO,Bathin III,Manggis,P,SWASTA,4.635.000,PT CIPTA JAYA EWISA,BUNGO CIPTA GRAHA 5,36,108,166.000.000,180,5%,118.275.000,"31 July, 2024","26 September, 2024"
2788344,2024,2024,BANK BTN,REI,tapak,JAMBI,KAB BUNGO,Bathin III,Manggis,L,SWASTA,5.000.000,PT CIPTA JAYA EWISA,BUNGO CIPTA GRAHA 5,36,108,166.000.000,180,5%,118.275.000,"31 July, 2024","26 September, 2024"
2788350,2024,2024,BANK BTN,REI,tapak,JAMBI,KAB BUNGO,Bathin III,Manggis,L,SWASTA,5.093.333,PT CIPTA JAYA EWISA,BUNGO CIPTA GRAHA 5,36,108,166.000.000,180,5%,118.275.000,"31 July, 2024","26 September, 2024"
2788392,2024,2024,BANK BTN,APERSI,tapak,JAMBI,KAB BUNGO,Bathin III,Manggis,L,SWASTA,4.000.000,PT MITRA SENTOSA MANDIRI,SENTOSA RESIDENCE TAHAP 2,36,108,162.000.000,240,5%,115.425.000,"31 July, 2024","26 September, 2024"
2788410,2024,2024,BANK BTN,APERSI,tapak,JAMBI,KAB BUNGO,Rimbo Tengah,Sungai Mengkuang,P,SWASTA,4.349.266,PT SINAR PENYELAMAT UMAT,AL KAUTSAR 7 PENGEMBANGAN,36,98,166.000.000,180,5%,120.255.000,"31 July, 2024","26 September, 2024"
2788461,2024,2024,BANK BTN,APERSI,tapak,JAMBI,KAB BUNGO,Bathin III,Manggis,P,SWASTA,4.000.000,PT MITRA SENTOSA MANDIRI,SENTOSA RESIDENCE TAHAP 2,36,108,162.000.000,240,5%,115.425.000,"31 July, 2024","26 September, 2024"
2788465,2024,2024,BANK BTN,APERSI,tapak,JAMBI,KAB BUNGO,Bathin III,Manggis,P,SWASTA,4.000.000,PT MITRA SENTOSA MANDIRI,SENTOSA RESIDENCE TAHAP 2,36,108,162.000.000,240,5%,115.425.000,"31 July, 2024","26 September, 2024"
2788488,2024,2024,BANK BTN,APERSI,tapak,JAMBI,KAB BUNGO,Bathin III,Manggis,P,WIRASWASTA,3.600.000,PT MITRA SENTOSA MANDIRI,SENTOSA RESIDENCE TAHAP 2,36,108,162.000.000,240,5%,115.425.000,"31 July, 2024","26 September, 2024"
2788498,2024,2024,BANK BTN,APERSI,tapak,JAMBI,KAB BUNGO,Rimbo Tengah,Sungai Mengkuang,P,SWASTA,7.103.894,PT SINAR PENYELAMAT UMAT,AL KAUTSAR 7 PENGEMBANGAN,36,98,162.000.000,180,5%,117.285.000,"31 July, 2024","26 September, 2024"
2789304,2024,2024,BANK BTN,APERSI,tapak,JAMBI,KAB BUNGO,Bathin III,Manggis,L,SWASTA,4.870.000,PT LIDYA JAYA ABADI,BUNGO GRIYA ABADI,36,108,162.000.000,240,5%,115.425.000,"2 August, 2024","27 September, 2024"
2790960,2024,2024,BANK BTN,REI,tapak,JAMBI,KAB BUNGO,Bathin III,Manggis,P,SWASTA,4.950.000,PT CIPTA JAYA EWISA,BUNGO CIPTA GRAHA 5,36,108,166.000.000,240,5%,118.275.000,"12 June, 2024","30 September, 2024"
2790966,2024,2024,BANK BTN,REI,tapak,JAMBI,KAB BUNGO,Bathin III,Manggis,P,SWASTA,5.183.333,PT CIPTA JAYA EWISA,BUNGO CIPTA GRAHA 5,36,108,166.000.000,180,5%,118.275.000,"12 June, 2024","30 September, 2024"
2790995,2024,2024,BANK BTN,REI,tapak,JAMBI,KAB BUNGO,Bathin III,Manggis,L,SWASTA,7.000.000,PT CIPTA JAYA EWISA,BUNGO CIPTA GRAHA 5,36,108,166.000.000,180,5%,118.275.000,"12 June, 2024","30 September, 2024"
2791037,2024,2024,BANK BTN,REI,tapak,JAMBI,KAB BUNGO,Rimbo Tengah,Cadika,L,SWASTA,4.200.000,PT BERKAH CIPTA PERKASA,ZAM ZAM RESIDENCE,36,108,162.000.000,240,5%,117.285.000,"12 June, 2024","30 September, 2024"
2791228,2024,2024,BANK BTN,REI,tapak,JAMBI,KAB BUNGO,Bathin III,Manggis,L,SWASTA,3.000.000,PT BUNGO BATHIN DAMAI,TAMAN CENDANA,36,108,162.000.000,240,5%,111.450.000,"13 June, 2024","30 September, 2024"
2791377,2024,2024,BANK BTN,APERSI,tapak,JAMBI,KAB BUNGO,Bathin III,Sungai Binjai,L,SWASTA,4.100.000,PT MITRA SENTOSA MANDIRI,VILLA ADEVA SENTOSA,36,120,150.000.000,180,5%,106.875.000,"19 June, 2024","30 September, 2024"
2791765,2024,2024,BANK BTN,REI,tapak,JAMBI,KAB BUNGO,Bathin III,Manggis,P,SWASTA,5.300.000,PT CIPTA JAYA EWISA,BUNGO CIPTA GRAHA 5,36,173,166.000.000,120,5%,118.275.000,"11 July, 2024","30 September, 2024"
2792870,2024,2024,BANK BTN,APERSI,tapak,JAMBI,KAB BUNGO,Rimbo Tengah,Sungai Mengkuang,L,WIRASWASTA,7.000.000,PT SINAR PENYELAMAT UMAT,AL KAUTSAR 7 PENGEMBANGAN,36,98,162.000.000,180,5%,117.285.000,"12 June, 2024","30 September, 2024"
2792871,2024,2024,BANK BTN,APERSI,tapak,JAMBI,KAB BUNGO,Rimbo Tengah,Sungai Mengkuang,P,SWASTA,4.872.619,PT SINAR PENYELAMAT UMAT,AL KAUTSAR 7 PENGEMBANGAN,36,98,162.000.000,240,5%,117.285.000,"12 June, 2024","30 September, 2024"
2792895,2024,2024,BANK BTN,APERSI,tapak,JAMBI,KAB BUNGO,Bathin III,Sungai Binjai,P,SWASTA,4.350.000,PT MITRA SENTOSA MANDIRI,VILLA ADEVA SENTOSA,36,120,150.000.000,156,5%,106.875.000,"12 June, 2024","30 September, 2024"
2793060,2024,2024,BANK BTN,APERSI,tapak,JAMBI,KAB BUNGO,Rimbo Tengah,Sungai Mengkuang,L,SWASTA,5.500.000,PT SINAR PENYELAMAT UMAT,AL KAUTSAR 7 PENGEMBANGAN,36,98,162.000.000,216,5%,117.285.000,"19 June, 2024","30 September, 2024"
2793329,2024,2024,BANK BTN,APERSI,tapak,JAMBI,KAB BUNGO,Rimbo Tengah,Sungai Mengkuang,L,SWASTA,4.500.000,PT AMARDHIKA TUJUH LANGIT,LANGIT RESIDENCE,36,120,162.000.000,180,5%,117.285.000,"2 August, 2024","30 September, 2024"
2793483,2024,2024,BANK BTN,REI,tapak,JAMBI,KAB BUNGO,Rimbo Tengah,Pasir Putih,P,SWASTA,4.100.000,PT MITRA HARAPAN KENTJANA,GRAHA BUNGO KENTJANA TAHAP 2,36,110,162.000.000,240,5%,117.285.000,"7 August, 2024","30 September, 2024"
2794084,2024,2024,BANK BTN,REI,tapak,JAMBI,KAB BUNGO,Bathin III,Manggis,P,SWASTA,5.350.000,PT CIPTA JAYA EWISA,BUNGO CIPTA GRAHA 5,36,108,166.000.000,180,5%,118.275.000,"16 August, 2024","30 September, 2024"
2794091,2024,2024,BANK BTN,REI,tapak,JAMBI,KAB BUNGO,Bathin III,Bungo Taman Agung,L,SWASTA,3.851.332,PT BUNGO GRAHA INDAH,GRAHA NUSA INDAH,36,108,150.000.000,180,5%,106.875.000,"16 August, 2024","30 September, 2024"
2795114,2024,2024,BANK BTN,REI,tapak,JAMBI,KAB BUNGO,Rimbo Tengah,Pasir Putih,P,WIRASWASTA,8.000.000,PT CITRA NAE ZIDNI,CITRA RESIDENCE,36,103,162.000.000,180,5%,115.425.000,"7 August, 2024","2 October, 2024"
2795116,2024,2024,BANK BTN,REI,tapak,JAMBI,KAB BUNGO,Bathin III,Manggis,L,SWASTA,4.307.481,PT CITRA NAE ZIDNI,CITRA RESIDENCE 2,36,108,166.000.000,180,5%,118.275.000,"7 August, 2024","2 October, 2024"
2795117,2024,2024,BANK BTN,APERSI,tapak,JAMBI,KAB BUNGO,Rimbo Tengah,Sungai Mengkuang,L,SWASTA,1.500.000,PT SINAR PENYELAMAT UMAT,AL KAUTSAR 7 PENGEMBANGAN,36,98,166.000.000,204,5%,120.255.000,"7 August, 2024","2 October, 2024"
2795118,2024,2024,BANK BTN,APERSI,tapak,JAMBI,KAB BUNGO,Rimbo Tengah,Sungai Mengkuang,L,SWASTA,4.360.400,PT SINAR PENYELAMAT UMAT,AL KAUTSAR 7 PENGEMBANGAN,36,98,166.000.000,180,5%,120.255.000,"7 August, 2024","2 October, 2024"
2795120,2024,2024,BANK BTN,REI,tapak,JAMBI,KAB BUNGO,Bathin III,Manggis,P,SWASTA,6.100.000,PT BUNGO BATHIN DAMAI,TAMAN CENDANA,36,108,162.000.000,180,5%,115.387.500,"7 August, 2024","2 October, 2024"
2795387,2024,2024,BANK BTN,APERSI,tapak,JAMBI,KAB BUNGO,Rimbo Tengah,Sungai Mengkuang,P,SWASTA,5.500.000,PT SINAR PENYELAMAT UMAT,AL KAUTSAR 7 PENGEMBANGAN,36,98,162.000.000,180,5%,117.285.000,"16 August, 2024","2 October, 2024"
2795393,2024,2024,BANK BTN,APERSI,tapak,JAMBI,KAB BUNGO,Bathin III,Manggis,L,SWASTA,4.000.000,PT MITRA SENTOSA MANDIRI,SENTOSA RESIDENCE TAHAP 2,36,108,162.000.000,240,5%,115.425.000,"16 August, 2024","2 October, 2024"
2797473,2024,2024,BANK BTN,REI,tapak,JAMBI,KAB BUNGO,Bungo Dani,Talang Pantai,L,SWASTA,4.893.033,PT ANUGERAH REZEKI BERSAUDARA MADANI,BUNGO DANI RESIDENCE 3,36,107,162.000.000,180,5%,115.387.500,"16 August, 2024","16 October, 2024"
2797648,2024,2024,BANK BTN,REI,tapak,JAMBI,KAB BUNGO,Rimbo Tengah,Sungai Mengkuang,L,SWASTA,4.609.000,PT KHOVIZ LANSKAP PROPERTI,PESSONA BUNGO RESIDENCE,36,108,166.000.000,138,5%,118.275.000,"7 August, 2024","18 October, 2024"
2797651,2024,2024,BANK BTN,REI,tapak,JAMBI,KAB BUNGO,Bungo Dani,Sungai Kerjan,L,SWASTA,6.121.655,PT BERKAH CIPTA PERKASA,AZIZIYAH RESIDENCE,36,96,150.500.000,192,5%,108.375.000,"7 August, 2024","18 October, 2024"
2797936,2024,2024,BANK BTN,REI,tapak,JAMBI,KAB BUNGO,Bungo Dani,Sungai Kerjan,L,SWASTA,4.500.000,PT BERKAH CIPTA PERKASA,AZIZIYAH RESIDENCE,36,114,150.500.000,180,5%,108.746.250,"16 August, 2024","18 October, 2024"
2806045,2024,2024,BANK BNI,APERSI,tapak,JAMBI,KAB BUNGO,Rimbo Tengah,Sungai Mengkuang,L,SWASTA,3.300.000,PT GRIYA MULYA LESTARI,GRIYA DAKSINAPATI ASRI,36,104,162.000.000,180,5%,115.425.000,"22 October, 2024","25 October, 2024"
2806046,2024,2024,BANK BNI,APERSI,tapak,JAMBI,KAB BUNGO,Rimbo Tengah,Sungai Mengkuang,P,SWASTA,3.612.683,PT GRIYA MULYA LESTARI,GRIYA DAKSINAPATI ASRI,36,104,162.000.000,180,5%,115.425.000,"22 October, 2024","25 October, 2024"
2806048,2024,2024,BANK BNI,APERSI,tapak,JAMBI,KAB BUNGO,Rimbo Tengah,Sungai Mengkuang,L,LAINNYA,6.594.965,PT GRIYA MULYA LESTARI,GRIYA DAKSINAPATI ASRI,36,104,162.000.000,180,5%,115.425.000,"22 October, 2024","25 October, 2024"
2807176,2024,2024,BANK BTN,REI,tapak,JAMBI,KAB BUNGO,Bathin III,Manggis,P,SWASTA,6.500.000,PT CITRA NAE ZIDNI,CITRA RESIDENCE 2,36,108,166.000.000,120,5%,118.275.000,"22 October, 2024","28 October, 2024"
2808222,2024,2024,BANK BTN,REI,tapak,JAMBI,KAB BUNGO,Bathin III,Bungo Taman Agung,L,WIRASWASTA,7.500.000,PT BUNGO GRAHA INDAH,GRAHA NUSA INDAH,36,108,150.000.000,180,5%,106.875.000,"22 October, 2024","25 October, 2024"
2808265,2024,2024,BANK BTN,APERSI,tapak,JAMBI,KAB BUNGO,Bathin III,Manggis,L,SWASTA,4.000.000,PT MITRA SENTOSA MANDIRI,SENTOSA RESIDENCE TAHAP 2,36,149,162.000.000,240,5%,115.425.000,"22 October, 2024","25 October, 2024"
2809659,2024,2024,BANK BNI,APERSI,tapak,JAMBI,KAB BUNGO,Rimbo Tengah,Sungai Mengkuang,P,SWASTA,3.600.000,PT GRIYA MULYA LESTARI,GRIYA DAKSINAPATI ASRI,36,104,162.000.000,180,5%,115.425.000,"24 October, 2024","25 October, 2024"
2809660,2024,2024,BANK BNI,APERSI,tapak,JAMBI,KAB BUNGO,Rimbo Tengah,Sungai Mengkuang,P,WIRASWASTA,6.016.105,PT GRIYA MULYA LESTARI,GRIYA DAKSINAPATI ASRI,36,104,162.000.000,180,5%,115.425.000,"24 October, 2024","25 October, 2024"
2812515,2024,2024,BANK BNI,APERSI,tapak,JAMBI,KAB BUNGO,Rimbo Tengah,Sungai Mengkuang,L,LAINNYA,3.466.667,PT GRIYA MULYA LESTARI,GRIYA DAKSINAPATI ASRI,36,104,162.000.000,180,5%,115.425.000,"24 October, 2024","28 October, 2024"
2813643,2024,2024,BANK BNI,REI,tapak,JAMBI,KAB BUNGO,Bathin III,Manggis,L,WIRASWASTA,8.000.000,PT CITRA NAE ZIDNI,CITRA RESIDENCE,36,108,166.000.000,180,5%,118.275.000,"25 October, 2024","29 October, 2024"
2831969,2024,2024,BANK BTN,REI,tapak,JAMBI,KAB BUNGO,Rimbo Tengah,Pasir Putih,P,SWASTA,5.094.000,PT MITRA HARAPAN KENTJANA,GRAHA BUNGO KENTJANA TAHAP 2,36,91,162.000.000,180,5%,117.285.000,"22 October, 2024","30 October, 2024"
2831994,2024,2024,BANK BTN,APERSI,tapak,JAMBI,KAB BUNGO,Bathin III,Manggis,L,SWASTA,3.401.000,PT MITRA SENTOSA MANDIRI,SENTOSA RESIDENCE TAHAP 2,36,108,162.000.000,240,5%,115.425.000,"22 October, 2024","30 October, 2024"
2831999,2024,2024,BANK BTN,APERSI,tapak,JAMBI,KAB BUNGO,Bathin III,Manggis,P,SWASTA,4.000.000,PT MITRA SENTOSA MANDIRI,SENTOSA RESIDENCE TAHAP II,36,108,162.000.000,180,5%,115.425.000,"22 October, 2024","30 October, 2024"
2832101,2024,2024,BANK BTN,REI,tapak,JAMBI,KAB BUNGO,Bathin III,Manggis,L,SWASTA,6.437.525,PT CIPTA JAYA EWISA,BUNGO CIPTA GRAHA 5,36,108,166.000.000,180,5%,118.275.000,"23 October, 2024","30 October, 2024"
2832106,2024,2024,BANK BTN,REI,tapak,JAMBI,KAB BUNGO,Bathin III,Manggis,L,SWASTA,4.950.000,PT CIPTA JAYA EWISA,BUNGO CIPTA GRAHA 5,36,108,166.000.000,180,5%,118.275.000,"23 October, 2024","30 October, 2024"
2832172,2024,2024,BANK BTN,REI,tapak,JAMBI,KAB BUNGO,Bathin III,Manggis,L,SWASTA,4.002.400,PT CIPTA JAYA EWISA,BUNGO CIPTA GRAHA 5,36,108,166.000.000,240,5%,118.275.000,"23 October, 2024","30 October, 2024"
2832175,2024,2024,BANK BTN,REI,tapak,JAMBI,KAB BUNGO,Bathin III,Manggis,P,SWASTA,4.287.521,PT CIPTA JAYA EWISA,BUNGO CIPTA GRAHA 5,36,108,166.000.000,240,5%,118.275.000,"23 October, 2024","30 October, 2024"
2832215,2024,2024,BANK BTN,REI,tapak,JAMBI,KAB BUNGO,Bathin III,Sungai Binjai,L,SWASTA,5.108.000,PT KHAIRUNNISA BUNGO DEMPO,DEMPO RESIDENCE 2,36,108,162.000.000,240,5%,115.425.000,"23 October, 2024","30 October, 2024"
2832218,2024,2024,BANK BTN,REI,tapak,JAMBI,KAB BUNGO,Rimbo Tengah,Sungai Mengkuang,P,SWASTA,3.700.000,PT KHOVIZ LANSKAP PROPERTI,PESSONA BUNGO RESIDENCE,36,108,166.000.000,192,5%,118.275.000,"23 October, 2024","30 October, 2024"
2832219,2024,2024,BANK BTN,REI,tapak,JAMBI,KAB BUNGO,Bathin III,Manggis,P,SWASTA,5.516.666,PT CIPTA JAYA EWISA,BUNGO CIPTA GRAHA 5,36,108,166.000.000,240,5%,118.275.000,"23 October, 2024","30 October, 2024"
2839516,2024,2024,BANK BNI,REI,tapak,JAMBI,KAB BUNGO,Bathin III,Manggis,L,WIRASWASTA,6.000.000,PT CITRA NAE ZIDNI,CITRA RESIDENCE 2,36,108,166.000.000,180,5%,118.275.000,"29 October, 2024","31 October, 2024"
2840734,2024,2024,BANK BTN,APERSI,tapak,JAMBI,KAB BUNGO,Rimbo Tengah,Sungai Mengkuang,P,SWASTA,4.750.000,PT GRIYA MULYA LESTARI,GRIYA DAKSINAPATI ASRI,36,118,162.000.000,240,5%,115.425.000,"22 October, 2024","31 October, 2024"
2855750,2024,2024,BANK BTN,APERSI,tapak,JAMBI,KAB BUNGO,Rimbo Tengah,Sungai Mengkuang,P,WIRASWASTA,5.000.000,PT SINAR PENYELAMAT UMAT,AL KAUTSAR 7 PENGEMBANGAN,36,98,166.000.000,180,5%,120.255.000,"25 October, 2024","6 November, 2024"
2855767,2024,2024,BANK BTN,APERSI,tapak,JAMBI,KAB BUNGO,Rimbo Tengah,Sungai Mengkuang,L,TNI/POLRI,6.873.100,PT SINAR PENYELAMAT UMAT,AL KAUTSAR 7 PENGEMBANGAN,36,98,166.000.000,180,5%,120.255.000,"25 October, 2024","6 November, 2024"
2855801,2024,2024,BANK BTN,REI,tapak,JAMBI,KAB BUNGO,Rimbo Tengah,Pasir Putih,P,SWASTA,7.600.000,PT MARGA MULYA INDAH ASRI,MULIA INDAH ASRI 2,36,84,150.500.000,180,5%,107.231.250,"25 October, 2024","6 November, 2024"
2855874,2024,2024,BANK BTN,REI,tapak,JAMBI,KAB BUNGO,Pasar Muaro Bungo,Bungo Timur,P,SWASTA,3.179.000,PT ARAH BANGUN PRESTASI MANDIRI,PURI INDAH SEPAKAT,36,91,162.000.000,240,5%,117.277.500,"25 October, 2024","6 November, 2024"
2860983,2024,2024,BANK BTN,REI,tapak,JAMBI,KAB BUNGO,Bathin III,Manggis,P,SWASTA,4.500.000,PT WIJOYO ORIDINA PROPERTI,BUNGO CITY RESIDENCE,36,98,166.000.000,180,5%,106.725.000,"28 October, 2024","8 November, 2024"
2861274,2024,2024,BANK BTN,REI,tapak,JAMBI,KAB BUNGO,Bungo Dani,Sungai Kerjan,P,SWASTA,3.808.000,PT BERKAH CIPTA PERKASA,AZIZIYAH RESIDENCE,36,111,150.500.000,180,5%,108.746.250,"28 October, 2024","6 November, 2024"
2867285,2024,2024,BANK BTN,REI,tapak,JAMBI,KAB BUNGO,Bathin III,Sungai Binjai,P,SWASTA,3.737.000,PT GRAHA PRATAMA GEMILANG,PURI BINJAI RESIDENCE,36,130,160.000.000,168,5%,109.800.000,"31 October, 2024","11 November, 2024"
2872016,2024,2024,BANK BNI,REI,tapak,JAMBI,KAB BUNGO,Batin II Babeko,Tanjung Menanti,L,SWASTA,6.144.298,PT PETRA CIPTA UTAMA,GREEN PETRA 2,36,108,150.500.000,180,5%,107.250.000,"7 November, 2024","15 November, 2024"
2872161,2024,2024,BANK BNI,APERSI,tapak,JAMBI,KAB BUNGO,Rimbo Tengah,Sungai Mengkuang,P,SWASTA,4.250.000,PT GRIYA MULYA LESTARI,GRIYA DAKSINAPATI ASRI,36,104,162.000.000,180,5%,115.425.000,"13 November, 2024","15 November, 2024"
2872162,2024,2024,BANK BNI,APERSI,tapak,JAMBI,KAB BUNGO,Rimbo Tengah,Sungai Mengkuang,P,SWASTA,3.250.000,PT SINAR PENYELAMAT UMAT,AL KAUTSAR 7 PENGEMBANGAN,36,98,166.000.000,180,5%,120.000.000,"13 November, 2024","15 November, 2024"
2872165,2024,2024,BANK BNI,APERSI,tapak,JAMBI,KAB BUNGO,Rimbo Tengah,Sungai Mengkuang,L,WIRASWASTA,6.829.163,PT GRIYA MULYA LESTARI,GRIYA DAKSINAPATI ASRI,36,146,162.000.000,180,5%,115.425.000,"13 November, 2024","15 November, 2024"
2879086,2024,2024,BANK BNI,REI,tapak,JAMBI,KAB BUNGO,Bathin III,Manggis,P,WIRASWASTA,4.177.460,PT CITRA NAE ZIDNI,CITRA RESIDENCE 2,36,108,166.000.000,180,5%,118.275.000,"14 November, 2024","21 November, 2024"
2879142,2024,2024,BANK BNI,REI,tapak,JAMBI,KAB BUNGO,Bathin III,Manggis,L,LAINNYA,4.465.846,PT CITRA NAE ZIDNI,CITRA RESIDENCE,36,108,166.000.000,180,5%,118.275.000,"15 November, 2024","21 November, 2024"
2879143,2024,2024,BANK BNI,REI,tapak,JAMBI,KAB BUNGO,Batin II Babeko,Tanjung Menanti,L,LAINNYA,4.110.900,PT PETRA CIPTA UTAMA,GREEN PETRA 2,36,108,150.500.000,180,5%,107.250.000,"15 November, 2024","21 November, 2024"
2879149,2024,2024,BANK BNI,REI,tapak,JAMBI,KAB BUNGO,Bathin III,Manggis,P,LAINNYA,6.000.000,PT CITRA NAE ZIDNI,CITRA RESIDENCE,36,108,166.000.000,120,5%,118.275.000,"15 November, 2024","21 November, 2024"
2879208,2024,2024,BANK BNI,APERSI,tapak,JAMBI,KAB BUNGO,Rimbo Tengah,Sungai Mengkuang,L,WIRASWASTA,4.945.660,PT GRIYA MULYA LESTARI,GRIYA DAKSINAPATI ASRI,36,104,162.000.000,168,5%,115.425.000,"18 November, 2024","21 November, 2024"
2879468,2024,2024,BANK BTN,APERSI,tapak,JAMBI,KAB BUNGO,Rimbo Tengah,Sungai Mengkuang,L,WIRASWASTA,5.000.000,PT SINAR PENYELAMAT UMAT,AL KAUTSAR 7 PENGEMBANGAN,36,98,166.000.000,180,5%,120.255.000,"29 October, 2024","21 November, 2024"
2879641,2024,2024,BANK BTN,REI,tapak,JAMBI,KAB BUNGO,Bathin III,Bungo Taman Agung,P,WIRASWASTA,7.900.000,PT BUNGO GRAHA INDAH,GRAHA NUSA INDAH,36,108,150.000.000,228,5%,106.875.000,"30 October, 2024","21 November, 2024"
2881069,2024,2024,BANK BTN,APERSI,tapak,JAMBI,KAB BUNGO,Rimbo Tengah,Sungai Mengkuang,L,SWASTA,7.400.000,PT SINAR PENYELAMAT UMAT,AL KAUTSAR 7 PENGEMBANGAN,36,98,166.000.000,144,5%,120.255.000,"31 October, 2024","21 November, 2024"
2891978,2025,2025,BANK BNI,APERSI,tapak,JAMBI,KAB BUNGO,Rimbo Tengah,Sungai Mengkuang,P,SWASTA,3.200.000,PT GRIYA MULYA LESTARI,GRIYA DAKSINAPATI ASRI,36,104,162.000.000,180,5%,115.425.000,"17 January, 2025","22 January, 2025"
2891985,2025,2025,BANK BNI,APERSI,tapak,JAMBI,KAB BUNGO,Rimbo Tengah,Sungai Mengkuang,P,LAINNYA,4.600.000,PT GRIYA MULYA LESTARI,GRIYA DAKSINAPASTI ASRI,36,104,162.000.000,180,5%,115.425.000,"17 January, 2025","22 January, 2025"
2894574,2025,2025,BANK BTN,REI,tapak,JAMBI,KAB BUNGO,Bathin III,Sungai Binjai,L,SWASTA,5.165.333,PT KHAIRUNNISA BUNGO DEMPO,DEMPO RESIDENCE 2,36,108,162.000.000,240,5%,115.425.000,"20 January, 2025","24 January, 2025"
2894969,2025,2025,BANK BNI,APERSI,tapak,JAMBI,KAB BUNGO,Rimbo Tengah,Sungai Mengkuang,P,LAINNYA,3.350.000,PT GRIYA MULYA LESTARI,GRIYA DAKSINAPATI ASRI,36,104,162.000.000,180,5%,115.425.000,"21 January, 2025","30 January, 2025"
2902217,2025,2025,BANK BNI,APERSI,tapak,JAMBI,KAB BUNGO,Rimbo Tengah,Sungai Mengkuang,L,SWASTA,3.900.000,PT SINAR PENYELAMAT UMAT,AL KAUTSAR 7 PENGEMBANGAN,36,98,166.000.000,180,5%,120.000.000,"23 January, 2025","31 January, 2025"
2935438,2025,2025,BANK BNI,APERSI,tapak,JAMBI,KAB BUNGO,Rimbo Tengah,Sungai Mengkuang,P,SWASTA,3.220.000,PT GRIYA MULYA LESTARI,GRIYA DAKSINAPATI ASRI,36,104,166.000.000,240,5%,118.275.000,"6 February, 2025","10 February, 2025"
2957034,2025,2025,BANK BTN,APERSI,tapak,JAMBI,KAB BUNGO,Bathin III,Manggis,L,SWASTA,3.900.000,PT MITRA SENTOSA MANDIRI,SENTOSA RESIDENCE TAHAP II,36,108,162.000.000,240,5%,115.425.000,"30 January, 2025","14 February, 2025"
2957038,2025,2025,BANK BTN,APERSI,tapak,JAMBI,KAB BUNGO,Bathin III,Sungai Binjai,P,SWASTA,3.500.000,PT MITRA SENTOSA MANDIRI,VILLA ADEVA SENTOSA,36,120,150.000.000,180,5%,106.875.000,"30 January, 2025","14 February, 2025"
2957039,2025,2025,BANK BTN,APERSI,tapak,JAMBI,KAB BUNGO,Bathin III,Manggis,L,SWASTA,4.164.000,PT MITRA SENTOSA MANDIRI,SENTOSA RESIDENCE TAHAP II,36,108,162.000.000,180,5%,115.425.000,"30 January, 2025","14 February, 2025"
2957040,2025,2025,BANK BTN,APERSI,tapak,JAMBI,KAB BUNGO,Bathin III,Manggis,L,SWASTA,4.000.000,PT MITRA SENTOSA MANDIRI,SENTOSA RESIDENCE TAHAP II,36,108,162.000.000,240,5%,115.425.000,"30 January, 2025","14 February, 2025"
2957042,2025,2025,BANK BTN,APERSI,tapak,JAMBI,KAB BUNGO,Rimbo Tengah,Sungai Mengkuang,P,WIRASWASTA,6.000.000,PT SINAR PENYELAMAT UMAT,AL KAUTSAR 7 PENGEMBANGAN,36,98,166.000.000,180,5%,120.255.000,"30 January, 2025","14 February, 2025"
2957112,2025,2025,BANK BTN,APERSI,tapak,JAMBI,KAB BUNGO,Bathin III,Manggis,L,SWASTA,3.900.000,PT MITRA SENTOSA MANDIRI,SENTOSA RESIDENCE TAHAP II,36,108,162.000.000,180,5%,115.425.000,"30 January, 2025","14 February, 2025"
2957114,2025,2025,BANK BTN,APERSI,tapak,JAMBI,KAB BUNGO,Rimbo Tengah,Sungai Mengkuang,P,SWASTA,7.000.000,PT SINAR PENYELAMAT UMAT,AL KAUTSAR 7 PENGEMBANGAN,36,98,162.000.000,180,5%,117.285.000,"30 January, 2025","14 February, 2025"
2957115,2025,2025,BANK BTN,APERSI,tapak,JAMBI,KAB BUNGO,Rimbo Tengah,Sungai Mengkuang,P,SWASTA,7.141.811,PT SINAR PENYELAMAT UMAT,AL KAUTSAR 7 PENGEMBANGAN,36,98,166.000.000,216,5%,120.255.000,"30 January, 2025","14 February, 2025"
2957116,2025,2025,BANK BTN,APERSI,tapak,JAMBI,KAB BUNGO,Rimbo Tengah,Sungai Mengkuang,P,SWASTA,5.257.500,PT SINAR PENYELAMAT UMAT,AL KAUTSAR 7 PENGEMBANGAN,36,98,166.000.000,186,5%,120.255.000,"30 January, 2025","14 February, 2025"
2957120,2025,2025,BANK BTN,REI,tapak,JAMBI,KAB BUNGO,Bathin III,Manggis,P,SWASTA,3.512.900,PT CITRA NAE ZIDNI,CITRA RESIDENCE 2,36,108,166.000.000,210,5%,120.255.000,"30 January, 2025","14 February, 2025"
2957131,2025,2025,BANK BTN,REI,tapak,JAMBI,KAB BUNGO,Rimbo Tengah,Pasir Putih,L,WIRASWASTA,3.700.000,PT CITRA NAE ZIDNI,CITRA RESIDENCE,36,103,162.000.000,240,5%,115.425.000,"30 January, 2025","14 February, 2025"
2957178,2025,2025,BANK BTN,APERSI,tapak,JAMBI,KAB BUNGO,Rimbo Tengah,Sungai Mengkuang,P,SWASTA,4.464.000,PT GRIYA MULYA LESTARI,GRIYA DAKSINAPATI ASRI,36,107,162.000.000,180,5%,111.000.000,"30 January, 2025","14 February, 2025"
2957182,2025,2025,BANK BTN,APERSI,tapak,JAMBI,KAB BUNGO,Rimbo Tengah,Sungai Mengkuang,P,SWASTA,4.000.000,PT GRIYA MULYA LESTARI,GRIYA DAKSINAPATI ASRI,36,104,162.000.000,180,5%,110.250.000,"30 January, 2025","14 February, 2025"
2957183,2025,2025,BANK BTN,APERSI,tapak,JAMBI,KAB BUNGO,Rimbo Tengah,Sungai Mengkuang,L,WIRASWASTA,6.000.000,PT GRIYA MULYA LESTARI,GRIYA DAKSINAPATI ASRI,36,104,162.000.000,180,5%,110.250.000,"30 January, 2025","14 February, 2025"
2957184,2025,2025,BANK BTN,APERSI,tapak,JAMBI,KAB BUNGO,Rimbo Tengah,Sungai Mengkuang,L,SWASTA,6.590.000,PT GRIYA MULYA LESTARI,GRIYA DAKSINAPATI ASRI,36,107,162.000.000,180,5%,111.000.000,"30 January, 2025","14 February, 2025"
2957185,2025,2025,BANK BTN,APERSI,tapak,JAMBI,KAB BUNGO,Rimbo Tengah,Sungai Mengkuang,P,SWASTA,5.042.000,PT GRIYA MULYA LESTARI,GRIYA DAKSINAPATI ASRI,36,104,162.000.000,180,5%,110.250.000,"30 January, 2025","14 February, 2025"
2957205,2025,2025,BANK BTN,REI,tapak,JAMBI,KAB BUNGO,Bathin III,Manggis,L,SWASTA,5.138.000,PT CIPTA JAYA EWISA,BUNGO CIPTA GRAHA 5,36,108,166.000.000,180,5%,118.275.000,"31 January, 2025","14 February, 2025"
2959185,2025,2025,BANK BTN,REI,tapak,JAMBI,KAB BUNGO,Bathin III,Manggis,L,SWASTA,5.960.000,PT CIPTA JAYA EWISA,BUNGO CIPTA GRAHA 5,36,108,166.000.000,180,5%,118.275.000,"22 January, 2025","21 March, 2025"
2959243,2025,2025,BANK BTN,REI,tapak,JAMBI,KAB BUNGO,Bathin III,Manggis,L,TNI/POLRI,6.300.000,PT CITRA NAE ZIDNI,CITRA RESIDENCE 2,36,109,166.000.000,180,5%,118.275.000,"22 January, 2025","21 March, 2025"
2959253,2025,2025,BANK BTN,REI,tapak,JAMBI,KAB BUNGO,Rimbo Tengah,Pasir Putih,L,SWASTA,3.200.000,PT MARGA MULYA INDAH ASRI,MULIA INDAH ASRI 2,36,84,150.500.000,204,5%,107.231.250,"22 January, 2025","7 March, 2025"
2959293,2025,2025,BANK BTN,REI,tapak,JAMBI,KAB BUNGO,Bathin III,Manggis,P,SWASTA,6.187.000,PT CITRA NAE ZIDNI,CITRA RESIDENCE 2,36,108,166.000.000,120,5%,118.275.000,"22 January, 2025","7 March, 2025"
2959393,2025,2025,BANK BTN,REI,tapak,JAMBI,KAB BUNGO,Pasar Muaro Bungo,Bungo Timur,L,WIRASWASTA,7.200.000,PT ARAH BANGUN PRESTASI MANDIRI,PURI INDAH SEPAKAT,36,91,162.000.000,180,5%,117.285.000,"22 January, 2025","7 March, 2025"
2959394,2025,2025,BANK BTN,REI,tapak,JAMBI,KAB BUNGO,Pasar Muaro Bungo,Bungo Timur,P,WIRASWASTA,6.000.000,PT ARAH BANGUN PRESTASI MANDIRI,PURI INDAH SEPAKAT,36,163,162.000.000,180,5%,117.285.000,"22 January, 2025","7 March, 2025"
2959395,2025,2025,BANK BTN,REI,tapak,JAMBI,KAB BUNGO,Rimbo Tengah,Cadika,L,SWASTA,3.367.976,PT DEFANA PERMATA GROUP,BUNGO ANUGRAH RESIDENCE,36,108,166.000.000,240,5%,118.275.000,"22 January, 2025","7 March, 2025"
2959397,2025,2025,BANK BTN,REI,tapak,JAMBI,KAB BUNGO,Pasar Muaro Bungo,Bungo Timur,L,SWASTA,3.571.666,PT ARAH BANGUN PRESTASI MANDIRI,PURI INDAH SEPAKAT,36,91,162.000.000,132,5%,110.250.000,"22 January, 2025","7 March, 2025"
2959624,2025,2025,BANK BTN,APERSI,tapak,JAMBI,KAB BUNGO,Rimbo Tengah,Sungai Mengkuang,L,WIRASWASTA,6.000.000,PT SINAR PENYELAMAT UMAT,AL KAUTSAR 7 PENGEMBANGAN,36,98,166.000.000,180,5%,120.255.000,"23 January, 2025","7 March, 2025"
2961426,2025,2025,BANK BTN,REI,tapak,JAMBI,KAB BUNGO,Rimbo Tengah,Sungai Mengkuang,P,SWASTA,6.000.000,PT BERKAH CIPTA PERKASA,AL MADINAH 2,36,108,162.000.000,240,5%,117.285.000,"24 January, 2025","12 March, 2025"
2961872,2025,2025,BANK BTN,REI,tapak,JAMBI,KAB BUNGO,Batin II Babeko,Tanjung Menanti,L,SWASTA,5.563.371,PT PETRA CIPTA UTAMA,GREEN PETRA 2,36,108,166.000.000,240,5%,118.500.000,"5 February, 2025","12 March, 2025"
2962751,2025,2025,BANK BTN,APERSI,tapak,JAMBI,KAB BUNGO,Rimbo Tengah,Sungai Mengkuang,P,WIRASWASTA,6.000.000,PT SINAR PENYELAMAT UMAT,AL KAUTSAR 7 PENGEMBANGAN,36,98,166.000.000,240,5%,118.500.000,"7 February, 2025","28 February, 2025"
2963257,2025,2025,BANK BTN,REI,tapak,JAMBI,KAB BUNGO,Rimbo Tengah,Cadika,P,SWASTA,4.000.000,PT BERKAH CIPTA PERKASA,ZAM ZAM RESIDENCE,36,96,162.000.000,180,5%,117.285.000,"7 February, 2025","21 February, 2025"
2963407,2025,2025,BANK BTN,REI,tapak,JAMBI,KAB BUNGO,Bathin III,Manggis,P,SWASTA,4.500.000,PT CITRA NAE ZIDNI,GRIYA BAROKAH,36,108,150.500.000,180,5%,107.231.250,"10 February, 2025","17 March, 2025"
2963415,2025,2025,BANK BTN,REI,tapak,JAMBI,KAB BUNGO,Rimbo Tengah,Pasir Putih,L,SWASTA,6.105.000,PT CITRA NAE ZIDNI,CITRA RESIDENCE,36,103,162.000.000,240,5%,112.425.000,"10 February, 2025","17 March, 2025"
2963920,2025,2025,BANK BTN,REI,tapak,JAMBI,KAB BUNGO,Bathin III,Bungo Taman Agung,L,WIRASWASTA,8.000.000,PT BUNGO GRAHA INDAH,GRAHA NUSA INDAH,36,108,150.000.000,120,5%,106.875.000,"30 January, 2025","17 March, 2025"
2963953,2025,2025,BANK BTN,APERSI,tapak,JAMBI,KAB BUNGO,Bathin III,Manggis,P,WIRASWASTA,3.850.000,PT MITRA SENTOSA MANDIRI,SENTOSA RESIDENCE TAHAP II,36,108,162.000.000,240,5%,114.000.000,"30 January, 2025","17 March, 2025"
2964138,2025,2025,BANK BTN,APERSI,tapak,JAMBI,KAB BUNGO,Bathin III,Sungai Binjai,P,WIRASWASTA,6.000.000,PT MITRA SENTOSA MANDIRI,VILLA ADEVA SENTOSA,36,120,150.000.000,120,5%,106.875.000,"31 January, 2025","19 February, 2025"
2964139,2025,2025,BANK BTN,APERSI,tapak,JAMBI,KAB BUNGO,Bathin III,Manggis,P,WIRASWASTA,5.000.000,PT MITRA SENTOSA MANDIRI,SENTOSA RESIDENCE,36,108,150.500.000,180,5%,107.231.250,"31 January, 2025","19 February, 2025"
2964165,2025,2025,BANK BTN,APERSI,tapak,JAMBI,KAB BUNGO,Batin II Babeko,Tanjung Menanti,L,SWASTA,4.864.000,PT Nusantara Agung Property,TROPIKANA RESIDENCE,36,117,162.000.000,240,5%,115.425.000,"31 January, 2025","19 February, 2025"
2964263,2025,2025,BANK BTN,REI,tapak,JAMBI,KAB BUNGO,Bathin III,Manggis,P,SWASTA,4.940.000,PT CIPTA JAYA EWISA,BUNGO CIPTA GRAHA 5,36,108,166.000.000,180,5%,118.275.000,"31 January, 2025","24 February, 2025"
2964302,2025,2025,BANK BTN,REI,tapak,JAMBI,KAB BUNGO,Bathin III,Manggis,L,SWASTA,5.240.000,PT CIPTA JAYA EWISA,BUNGO CIPTA GRAHA 5,36,108,166.000.000,180,5%,118.275.000,"31 January, 2025","19 February, 2025"
2964307,2025,2025,BANK BTN,REI,tapak,JAMBI,KAB BUNGO,Bathin III,Manggis,L,SWASTA,7.460.229,PT CIPTA JAYA EWISA,BUNGO CIPTA GRAHA 5,36,108,166.000.000,180,5%,118.275.000,"31 January, 2025","19 February, 2025"
2964313,2025,2025,BANK BTN,REI,tapak,JAMBI,KAB BUNGO,Rimbo Tengah,Sungai Mengkuang,P,SWASTA,7.716.400,PT KHOVIZ LANSKAP PROPERTI,PESSONA BUNGO RESIDENCE,36,108,166.000.000,240,5%,118.275.000,"31 January, 2025","19 February, 2025"
2964314,2025,2025,BANK BTN,REI,tapak,JAMBI,KAB BUNGO,Rimbo Tengah,Sungai Mengkuang,L,WIRASWASTA,5.883.000,PT KHOVIZ LANSKAP PROPERTI,PESSONA BUNGO RESIDENCE,36,108,166.000.000,240,5%,118.275.000,"31 January, 2025","19 February, 2025"
2964666,2025,2025,BANK BTN,REI,tapak,JAMBI,KAB BUNGO,Bathin III,Manggis,L,SWASTA,4.290.975,PT CITRA NAE ZIDNI,CITRA RESIDENCE 2,36,108,166.000.000,180,5%,120.255.000,"31 January, 2025","24 February, 2025"
2964678,2025,2025,BANK BTN,REI,tapak,JAMBI,KAB BUNGO,Bathin III,Manggis,L,SWASTA,4.925.000,PT CIPTA JAYA EWISA,BUNGO CIPTA GRAHA 5,36,108,166.000.000,240,5%,118.275.000,"31 January, 2025","14 February, 2025"
2964685,2025,2025,BANK BTN,REI,tapak,JAMBI,KAB BUNGO,Bathin III,Manggis,L,SWASTA,4.479.000,PT CITRA NAE ZIDNI,CITRA RESIDENCE 2,36,108,166.000.000,180,5%,120.255.000,"31 January, 2025","17 February, 2025"
2964698,2025,2025,BANK BTN,REI,tapak,JAMBI,KAB BUNGO,Bathin III,Manggis,L,SWASTA,7.651.000,PT CIPTA JAYA EWISA,BUNGO CIPTA GRAHA 5,36,108,166.000.000,180,5%,118.275.000,"31 January, 2025","21 February, 2025"
2964705,2025,2025,BANK BTN,REI,tapak,JAMBI,KAB BUNGO,Bathin III,Manggis,P,SWASTA,5.312.000,PT CIPTA JAYA EWISA,BUNGO CIPTA GRAHA 5,36,108,166.000.000,180,5%,118.275.000,"31 January, 2025","21 February, 2025"
2964737,2025,2025,BANK BTN,APERSI,tapak,JAMBI,KAB BUNGO,Bathin III,Sungai Binjai,L,SWASTA,3.597.352,PT MITRA SENTOSA MANDIRI,VILLA ADEVA SENTOSA,36,120,150.000.000,240,5%,106.875.000,"3 February, 2025","19 February, 2025"
2972389,2025,2025,BANK BTN,REI,tapak,JAMBI,KAB BUNGO,Rimbo Tengah,Sungai Mengkuang,P,SWASTA,4.000.000,PT KHOVIZ LANSKAP PROPERTI,PESSONA BUNGO RESIDENCE,36,108,166.000.000,240,5%,118.275.000,"13 February, 2025","19 March, 2025"
2977787,2025,2025,BANK BNI,REI,tapak,JAMBI,KAB BUNGO,Bungo Dani,Sungai Kerjan,P,LAINNYA,5.222.167,PT PERMATA REAL ESTATE,PERMATA SEI KERJAN,36,135,162.000.000,120,5%,115.425.000,"19 February, 2025","26 February, 2025"
2977804,2025,2025,BANK BNI,REI,tapak,JAMBI,KAB BUNGO,Bungo Dani,Talang Pantai,L,LAINNYA,3.750.218,PT PERMATA REAL ESTATE,PERMATA SEI KERJAN,36,135,162.000.000,180,5%,115.425.000,"20 February, 2025","26 February, 2025"
2977929,2025,2025,BANK BTN,REI,tapak,JAMBI,KAB BUNGO,Bathin III,Bungo Taman Agung,L,SWASTA,3.200.000,PT BUNGO GRAHA INDAH,GRAHA NUSA INDAH,36,108,150.000.000,240,5%,106.875.000,"6 January, 2025","24 February, 2025"
2977933,2025,2025,BANK BTN,REI,tapak,JAMBI,KAB BUNGO,Bathin III,Bungo Taman Agung,P,SWASTA,3.700.000,PT BUNGO GRAHA INDAH,GRAHA NUSA INDAH,36,108,150.000.000,240,5%,106.875.000,"6 January, 2025","24 February, 2025"
2978642,2025,2025,BANK BTN,REI,tapak,JAMBI,KAB BUNGO,Bathin III,Bungo Taman Agung,L,SWASTA,3.100.000,PT BUNGO GRAHA INDAH,GRAHA NUSA INDAH,36,108,150.000.000,240,5%,106.875.000,"6 January, 2025","26 February, 2025"
2978652,2025,2025,BANK BTN,APERSI,tapak,JAMBI,KAB BUNGO,Bathin III,Manggis,P,WIRASWASTA,3.500.000,PT MITRA SENTOSA MANDIRI,SENTOSA RESIDENCE TAHAP 2,36,108,162.000.000,240,5%,115.425.000,"8 January, 2025","26 February, 2025"
2978653,2025,2025,BANK BTN,APERSI,tapak,JAMBI,KAB BUNGO,Bathin III,Manggis,P,SWASTA,3.900.000,PT MITRA SENTOSA MANDIRI,SENTOSA RESIDENCE TAHAP II,36,108,162.000.000,180,5%,115.425.000,"8 January, 2025","26 February, 2025"
2978674,2025,2025,BANK BTN,APERSI,tapak,JAMBI,KAB BUNGO,Rimbo Tengah,Sungai Mengkuang,L,SWASTA,5.000.000,PT GRIYA MULYA LESTARI,GRIYA DAKSINAPATI ASRI,36,110,162.000.000,180,5%,115.425.000,"8 January, 2025","5 March, 2025"
2978691,2025,2025,BANK BTN,APERSI,tapak,JAMBI,KAB BUNGO,Bathin III,Manggis,L,SWASTA,4.000.000,PT MITRA SENTOSA MANDIRI,SENTOSA RESIDENCE TAHAP 2,36,108,162.000.000,240,5%,115.425.000,"8 January, 2025","24 February, 2025"
2978692,2025,2025,BANK BTN,APERSI,tapak,JAMBI,KAB BUNGO,Rimbo Tengah,Sungai Mengkuang,P,SWASTA,4.931.000,PT GRIYA MULYA LESTARI,GRIYA DAKSINAPATI ASRI,36,121,162.000.000,180,5%,115.425.000,"8 January, 2025","24 February, 2025"
2978696,2025,2025,BANK BTN,APERSI,tapak,JAMBI,KAB BUNGO,Rimbo Tengah,Sungai Mengkuang,L,SWASTA,3.779.126,PT AMARDHIKA TUJUH LANGIT,LANGIT RESIDENCE,36,120,162.000.000,216,5%,115.425.000,"8 January, 2025","24 February, 2025"
2978697,2025,2025,BANK BTN,APERSI,tapak,JAMBI,KAB BUNGO,Rimbo Tengah,Sungai Mengkuang,L,SWASTA,4.000.400,PT AMARDHIKA TUJUH LANGIT,LANGIT RESIDENCE,36,120,162.000.000,180,5%,117.285.000,"8 January, 2025","24 February, 2025"
2981460,2025,2025,BANK BTN,REI,tapak,JAMBI,KAB BUNGO,Bathin III,Bungo Taman Agung,L,WIRASWASTA,7.800.000,PT BUNGO GRAHA INDAH,GRAHA NUSA INDAH,36,108,150.000.000,180,5%,106.875.000,"6 January, 2025","26 February, 2025"
2981616,2025,2025,BANK BTN,APERSI,tapak,JAMBI,KAB BUNGO,Bathin III,Bungo Taman Agung,L,SWASTA,3.850.517,PT JAYA BAKTI PERMATA SARI,PURWOBAKTI INDAH DUO,36,172,150.500.000,180,5%,107.231.250,"8 January, 2025","28 February, 2025"
2981674,2025,2025,BANK BTN,APERSI,tapak,JAMBI,KAB BUNGO,Bathin III,Manggis,L,SWASTA,6.000.000,PT MITRA SENTOSA MANDIRI,SENTOSA RESIDENCE TAHAP II,36,108,162.000.000,108,5%,115.425.000,"8 January, 2025","28 February, 2025"
2981802,2025,2025,BANK BTN,APERSI,tapak,JAMBI,KAB BUNGO,Bathin III,Manggis,P,SWASTA,3.700.000,PT MITRA SENTOSA MANDIRI,SENTOSA RESIDENCE,36,108,150.500.000,240,5%,107.231.250,"8 January, 2025","17 March, 2025"
2981839,2025,2025,BANK BTN,APERSI,tapak,JAMBI,KAB BUNGO,Rimbo Tengah,Sungai Mengkuang,P,SWASTA,3.125.000,PT AMARDHIKA TUJUH LANGIT,LANGIT RESIDENCE,36,150,162.000.000,108,5%,84.750.000,"8 January, 2025","17 March, 2025"
2982078,2025,2025,BANK BNI,REI,tapak,JAMBI,KAB BUNGO,Bathin III,Manggis,P,WIRASWASTA,5.000.000,PT CITRA NAE ZIDNI,CITRA RESIDENCE,36,108,166.000.000,180,5%,118.275.000,"10 February, 2025","5 March, 2025"
2983434,2025,2025,BANK BTN,APERSI,tapak,JAMBI,KAB BUNGO,Rimbo Tengah,Sungai Mengkuang,P,SWASTA,8.000.000,PT SINAR PENYELAMAT UMAT,AL KAUTSAR 7 PENGEMBANGAN,36,98,166.000.000,180,5%,120.255.000,"9 January, 2025","24 March, 2025"
2983436,2025,2025,BANK BTN,APERSI,tapak,JAMBI,KAB BUNGO,Rimbo Tengah,Sungai Mengkuang,L,SWASTA,4.400.000,PT SINAR PENYELAMAT UMAT,AL KAUTSAR 7 PENGEMBANGAN,36,98,166.000.000,180,5%,120.255.000,"9 January, 2025","24 March, 2025"
2983850,2025,2025,BANK BTN,REI,tapak,JAMBI,KAB BUNGO,Bathin III,Manggis,P,SWASTA,4.000.000,PT CITRA NAE ZIDNI,CITRA RESIDENCE 2,36,108,166.000.000,180,5%,118.275.000,"10 January, 2025","26 March, 2025"
2983859,2025,2025,BANK BTN,REI,tapak,JAMBI,KAB BUNGO,Bathin III,Manggis,L,SWASTA,3.415.133,PT CITRA NAE ZIDNI,CITRA RESIDENCE 2,36,108,166.000.000,240,5%,118.275.000,"10 January, 2025","26 March, 2025"
2983862,2025,2025,BANK BTN,REI,tapak,JAMBI,KAB BUNGO,Bathin III,Manggis,P,SWASTA,4.000.000,PT CITRA NAE ZIDNI,CITRA RESIDENCE 2,36,108,166.000.000,240,5%,118.275.000,"10 January, 2025","26 March, 2025"
2983891,2025,2025,BANK BTN,REI,tapak,JAMBI,KAB BUNGO,Bathin III,Manggis,P,SWASTA,4.000.000,PT CITRA NAE ZIDNI,CITRA RESIDENCE 2,36,108,166.000.000,240,5%,118.275.000,"10 January, 2025","26 March, 2025"
2983893,2025,2025,BANK BTN,REI,tapak,JAMBI,KAB BUNGO,Bathin III,Manggis,P,WIRASWASTA,6.520.000,PT CITRA NAE ZIDNI,CITRA RESIDENCE 2,36,108,166.000.000,180,5%,118.275.000,"10 January, 2025","26 March, 2025"
2983906,2025,2025,BANK BTN,REI,tapak,JAMBI,KAB BUNGO,Rimbo Tengah,Cadika,L,SWASTA,4.674.000,PT BERKAH CIPTA PERKASA,ZAM ZAM RESIDENCE,36,108,162.000.000,180,5%,117.285.000,"10 January, 2025","26 March, 2025"
2983929,2025,2025,BANK BTN,REI,tapak,JAMBI,KAB BUNGO,Rimbo Tengah,Cadika,P,SWASTA,5.262.480,PT BERKAH CIPTA PERKASA,ZAM ZAM RESIDENCE,36,96,162.000.000,144,5%,117.285.000,"10 January, 2025","26 March, 2025"
2984328,2025,2025,BANK BTN,REI,tapak,JAMBI,KAB BUNGO,Rimbo Tengah,Cadika,P,SWASTA,4.300.000,PT BERKAH CIPTA PERKASA,ZAM ZAM RESIDENCE,36,96,162.000.000,180,5%,117.285.000,"13 January, 2025","21 March, 2025"
2984357,2025,2025,BANK BTN,REI,tapak,JAMBI,KAB BUNGO,Bathin III,Bungo Taman Agung,P,WIRASWASTA,6.900.000,PT BUNGO GRAHA INDAH,GRAHA NUSA INDAH,36,108,150.000.000,240,5%,106.875.000,"13 January, 2025","21 March, 2025"
2984369,2025,2025,BANK BTN,REI,tapak,JAMBI,KAB BUNGO,Bathin III,Manggis,P,SWASTA,5.091.666,PT BUNGO BATHIN DAMAI,TAMAN CENDANA,36,108,162.000.000,240,5%,115.387.500,"13 January, 2025","21 March, 2025"
2984370,2025,2025,BANK BTN,REI,tapak,JAMBI,KAB BUNGO,Bathin III,Manggis,P,SWASTA,3.600.000,PT BUNGO BATHIN DAMAI,TAMAN CENDANA,36,108,162.000.000,240,5%,115.387.500,"13 January, 2025","21 March, 2025"
2984383,2025,2025,BANK BTN,REI,tapak,JAMBI,KAB BUNGO,Bathin III,Manggis,L,SWASTA,5.968.098,PT BUNGO BATHIN DAMAI,TAMAN CENDANA,36,149,162.000.000,180,5%,115.387.500,"13 January, 2025","21 March, 2025"
2984384,2025,2025,BANK BTN,REI,tapak,JAMBI,KAB BUNGO,Bathin III,Manggis,P,SWASTA,3.700.000,PT BUNGO BATHIN DAMAI,TAMAN CENDANA,36,108,162.000.000,204,5%,115.387.500,"13 January, 2025","21 March, 2025"
2985053,2025,2025,BANK BTN,REI,tapak,JAMBI,KAB BUNGO,Rimbo Tengah,Sungai Mengkuang,P,SWASTA,3.308.678,PT KHOVIZ LANSKAP PROPERTI,PESSONA BUNGO RESIDENCE,36,108,166.000.000,240,5%,118.275.000,"13 February, 2025","17 March, 2025"
2985061,2025,2025,BANK BTN,REI,tapak,JAMBI,KAB BUNGO,Rimbo Tengah,Sungai Mengkuang,L,SWASTA,4.983.757,PT KHOVIZ LANSKAP PROPERTI,PESSONA BUNGO RESIDENCE,36,108,166.000.000,180,5%,118.275.000,"13 February, 2025","17 March, 2025"
2993826,2025,2025,BANK BTN,APERSI,tapak,JAMBI,KAB BUNGO,Rimbo Tengah,Sungai Mengkuang,L,SWASTA,3.536.667,PT SINAR PENYELAMAT UMAT,AL KAUTSAR 7 PENGEMBANGAN,36,98,166.000.000,240,5%,120.255.000,"30 January, 2025","24 March, 2025"
2996075,2025,2025,BANK BTN,APERSI,tapak,JAMBI,KAB BUNGO,Rimbo Tengah,Sungai Mengkuang,L,SWASTA,6.070.000,PT SINAR PENYELAMAT UMAT,AL KAUTSAR 7 PENGEMBANGAN,36,98,166.000.000,192,5%,120.255.000,"15 January, 2025","21 April, 2025"
2996320,2025,2025,BANK BTN,REI,tapak,JAMBI,KAB BUNGO,Batin II Babeko,Tanjung Menanti,P,SWASTA,5.596.000,PT PETRA CIPTA UTAMA,GREEN PETRA 2,36,108,166.000.000,228,5%,118.500.000,"15 January, 2025","11 April, 2025"
2996405,2025,2025,BANK BTN,REI,tapak,JAMBI,KAB BUNGO,Batin II Babeko,Tanjung Menanti,L,SWASTA,5.816.533,PT PETRA CIPTA UTAMA,GREEN PETRA 2,36,108,166.000.000,132,5%,118.500.000,"15 January, 2025","11 April, 2025"
2997010,2025,2025,BANK BTN,APERSI,tapak,JAMBI,KAB BUNGO,Bathin III,Bungo Taman Agung,P,SWASTA,3.500.000,PT JAYA BAKTI PERMATA SARI,PURWOBAKTI INDAH DUO,36,120,150.500.000,180,5%,107.231.250,"17 January, 2025","14 March, 2025"
2997159,2025,2025,BANK BTN,REI,tapak,JAMBI,KAB BUNGO,Bathin III,Manggis,L,WIRASWASTA,7.900.000,PT CIPTA JAYA EWISA,BUNGO CIPTA GRAHA 5,36,108,166.000.000,180,5%,118.275.000,"17 January, 2025","14 March, 2025"
2997194,2025,2025,BANK BTN,REI,tapak,JAMBI,KAB BUNGO,Bathin III,Manggis,P,SWASTA,5.133.889,PT CIPTA JAYA EWISA,BUNGO CIPTA GRAHA 5,36,108,166.000.000,180,5%,118.275.000,"17 January, 2025","14 March, 2025"
2997195,2025,2025,BANK BTN,REI,tapak,JAMBI,KAB BUNGO,Bathin III,Manggis,L,SWASTA,4.800.000,PT CIPTA JAYA EWISA,BUNGO CIPTA GRAHA 5,36,108,166.000.000,240,5%,118.275.000,"17 January, 2025","14 March, 2025"
2997205,2025,2025,BANK BTN,REI,tapak,JAMBI,KAB BUNGO,Bathin III,Manggis,P,SWASTA,5.123.005,PT CIPTA JAYA EWISA,BUNGO CIPTA GRAHA 5,36,108,166.000.000,180,5%,118.275.000,"17 January, 2025","14 March, 2025"
2997210,2025,2025,BANK BTN,REI,tapak,JAMBI,KAB BUNGO,Bathin III,Manggis,L,SWASTA,5.959.000,PT CIPTA JAYA EWISA,BUNGO CIPTA GRAHA 5,36,108,166.000.000,180,5%,118.275.000,"17 January, 2025","14 March, 2025"
2997220,2025,2025,BANK BTN,REI,tapak,JAMBI,KAB BUNGO,Bathin III,Manggis,P,SWASTA,4.845.001,PT CIPTA JAYA EWISA,BUNGO CIPTA GRAHA 5,36,108,166.000.000,180,5%,118.275.000,"17 January, 2025","14 March, 2025"
2997432,2025,2025,BANK BTN,REI,tapak,JAMBI,KAB BUNGO,Bathin III,Manggis,P,SWASTA,4.980.000,PT CIPTA JAYA EWISA,BUNGO CIPTA GRAHA 5,36,108,166.000.000,180,5%,118.275.000,"17 January, 2025","14 March, 2025"
2997447,2025,2025,BANK BTN,REI,tapak,JAMBI,KAB BUNGO,Bathin III,Manggis,L,SWASTA,5.350.000,PT CIPTA JAYA EWISA,BUNGO CIPTA GRAHA 5,36,108,166.000.000,216,5%,118.275.000,"17 January, 2025","14 March, 2025"
3000232,2025,2025,BANK BTN,REI,tapak,JAMBI,KAB BUNGO,Bathin III,Manggis,L,WIRASWASTA,4.000.000,PT CITRA NAE ZIDNI,CITRA RESIDENCE 2,36,108,166.000.000,180,5%,120.255.000,"18 February, 2025","24 March, 2025"
3000389,2025,2025,BANK BTN,REI,tapak,JAMBI,KAB BUNGO,Bathin III,Manggis,P,PNS,6.474.384,PT CIPTA JAYA EWISA,BUNGO CIPTA GRAHA 5,36,108,166.000.000,120,5%,118.275.000,"17 February, 2025","19 March, 2025"
3000468,2025,2025,BANK BTN,REI,tapak,JAMBI,KAB BUNGO,Bathin III,Manggis,L,SWASTA,5.200.000,PT CIPTA JAYA EWISA,BUNGO CIPTA GRAHA 5,36,108,166.000.000,240,5%,118.275.000,"17 February, 2025","19 March, 2025"
3001126,2025,2025,BANK BTN,APERSI,tapak,JAMBI,KAB BUNGO,Bathin III,Manggis,P,SWASTA,4.378.515,PT MITRA SENTOSA MANDIRI,SENTOSA RESIDENCE TAHAP II,36,108,162.000.000,180,5%,115.425.000,"19 February, 2025","26 March, 2025"
3001128,2025,2025,BANK BTN,APERSI,tapak,JAMBI,KAB BUNGO,Bathin III,Manggis,L,SWASTA,4.738.000,PT MITRA SENTOSA MANDIRI,SENTOSA RESIDENCE TAHAP II,36,108,162.000.000,180,5%,115.425.000,"19 February, 2025","26 March, 2025"
3001208,2025,2025,BANK BTN,APERSI,tapak,JAMBI,KAB BUNGO,Bathin III,Manggis,L,SWASTA,6.523.065,PT MITRA SENTOSA MANDIRI,SENTOSA RESIDENCE TAHAP II,36,108,162.000.000,180,5%,115.425.000,"19 February, 2025","24 April, 2025"
3001262,2025,2025,BANK BTN,REI,tapak,JAMBI,KAB BUNGO,Bathin III,Manggis,P,SWASTA,5.103.000,PT CITRA NAE ZIDNI,CITRA RESIDENCE 2,36,108,166.000.000,180,5%,118.275.000,"19 February, 2025","24 April, 2025"
3001386,2025,2025,BANK BTN,REI,tapak,JAMBI,KAB BUNGO,Bathin III,Manggis,L,SWASTA,4.800.000,PT BUNGO BATHIN DAMAI,TAMAN CENDANA,36,108,162.000.000,180,5%,115.387.500,"20 February, 2025","19 March, 2025"
3001920,2025,2025,BANK BTN,REI,tapak,JAMBI,KAB BUNGO,Rimbo Tengah,Pasir Putih,P,SWASTA,5.116.666,PT CITRA NAE ZIDNI,CITRA RESIDENCE,36,107,162.000.000,240,5%,115.425.000,"20 February, 2025","21 March, 2025"
3002002,2025,2025,BANK BTN,REI,tapak,JAMBI,KAB BUNGO,Pasar Muaro Bungo,Bungo Timur,L,SWASTA,4.200.000,PT ARAH BANGUN PRESTASI MANDIRI,PURI INDAH SEPAKAT,36,91,166.000.000,240,5%,120.255.000,"20 February, 2025","21 March, 2025"
3002152,2025,2025,BANK BTN,APERSI,tapak,JAMBI,KAB BUNGO,Rimbo Tengah,Sungai Mengkuang,P,SWASTA,4.442.075,PT GRIYA MULYA LESTARI,GRIYA DAKSINAPATI ASRI,36,104,162.000.000,180,5%,115.425.000,"21 February, 2025","16 April, 2025"
3002153,2025,2025,BANK BTN,APERSI,tapak,JAMBI,KAB BUNGO,Rimbo Tengah,Sungai Mengkuang,L,SWASTA,5.599.000,PT GRIYA MULYA LESTARI,GRIYA DAKSINAPATI ASRI,36,104,162.000.000,180,5%,115.425.000,"21 February, 2025","16 April, 2025"
3002842,2025,2025,BANK BTN,APERSI,tapak,JAMBI,KAB BUNGO,Rimbo Tengah,Sungai Mengkuang,P,SWASTA,4.250.000,PT SINAR PENYELAMAT UMAT,AL KAUTSAR 7 PENGEMBANGAN,36,98,166.000.000,180,5%,120.255.000,"21 February, 2025","21 March, 2025"
3002904,2025,2025,BANK BTN,APERSI,tapak,JAMBI,KAB BUNGO,Rimbo Tengah,Sungai Mengkuang,P,WIRASWASTA,7.500.000,PT SINAR PENYELAMAT UMAT,AL KAUTSAR 7 PENGEMBANGAN,36,105,166.000.000,120,5%,120.255.000,"21 February, 2025","21 March, 2025"
3002911,2025,2025,BANK BTN,APERSI,tapak,JAMBI,KAB BUNGO,Rimbo Tengah,Sungai Mengkuang,L,SWASTA,6.250.000,PT SINAR PENYELAMAT UMAT,AL KAUTSAR 7 PENGEMBANGAN,36,98,166.000.000,180,5%,120.255.000,"21 February, 2025","21 March, 2025"
3003873,2025,2025,BANK BTN,APERSI,tapak,JAMBI,KAB BUNGO,Rimbo Tengah,Sungai Mengkuang,L,SWASTA,5.800.000,PT AMARDHIKA TUJUH LANGIT,LANGIT RESIDENCE,36,120,162.000.000,180,5%,117.285.000,"25 February, 2025","17 March, 2025"
3026491,2025,2025,BANK JAMBI,APERSI,tapak,JAMBI,KAB BUNGO,Rimbo Tengah,Sungai Mengkuang,P,LAINNYA,3.976.600,PT SINAR PENYELAMAT UMAT,AL KAUTSAR 7,36,98,166.000.000,180,5%,118.275.000,"21 February, 2025","5 March, 2025"
3029008,2025,2025,BANK BTN,REI,tapak,JAMBI,KAB BUNGO,Rimbo Tengah,Cadika,P,SWASTA,4.009.000,PT BERKAH CIPTA PERKASA,ZAM ZAM RESIDENCE,36,96,162.000.000,180,5%,117.285.000,"25 February, 2025","17 March, 2025"
3029506,2025,2025,BANK BTN,REI,tapak,JAMBI,KAB BUNGO,Bathin III,Sungai Binjai,L,SWASTA,5.385.166,PT KHAIRUNNISA BUNGO DEMPO,DEMPO RESIDENCE 2,36,108,162.000.000,240,5%,115.425.000,"25 February, 2025","7 March, 2025"
3029596,2025,2025,BANK BTN,APERSI,tapak,JAMBI,KAB BUNGO,Rimbo Tengah,Sungai Mengkuang,L,SWASTA,4.342.333,PT AMARDHIKA TUJUH LANGIT,LANGIT RESIDENCE,36,120,162.000.000,180,5%,117.285.000,"25 February, 2025","7 March, 2025"
3029615,2025,2025,BANK BTN,APERSI,tapak,JAMBI,KAB BUNGO,Bathin III,Sungai Binjai,P,SWASTA,7.550.000,PT MITRA SENTOSA MANDIRI,VILLA ADEVA SENTOSA,36,120,150.000.000,240,5%,106.875.000,"26 February, 2025","7 March, 2025"
3030202,2025,2025,BANK BTN,APERSI,tapak,JAMBI,KAB BUNGO,Rimbo Tengah,Sungai Mengkuang,P,WIRASWASTA,6.000.000,PT GRIYA MULYA LESTARI,GRIYA DAKSINAPATI ASRI,36,125,162.000.000,240,5%,115.425.000,"26 February, 2025","7 March, 2025"
3030224,2025,2025,BANK BTN,APERSI,tapak,JAMBI,KAB BUNGO,Rimbo Tengah,Sungai Mengkuang,L,SWASTA,7.888.065,PT SINAR PENYELAMAT UMAT,AL KAUTSAR 7 PENGEMBANGAN,36,98,166.000.000,192,5%,120.255.000,"26 February, 2025","7 March, 2025"
3030818,2025,2025,BANK BTN,REI,tapak,JAMBI,KAB BUNGO,Bathin III,Manggis,P,SWASTA,3.684.497,PT BUNGO BATHIN DAMAI,TAMAN CENDANA,36,108,162.000.000,182,5%,115.387.500,"26 February, 2025","10 March, 2025"
3031333,2025,2025,BANK BTN,APERSI,tapak,JAMBI,KAB BUNGO,Rimbo Tengah,Sungai Mengkuang,L,WIRASWASTA,6.831.666,PT SINAR PENYELAMAT UMAT,AL KAUTSAR 7 PENGEMBANGAN,36,98,166.000.000,180,5%,120.255.000,"26 February, 2025","5 March, 2025"
3031335,2025,2025,BANK BTN,APERSI,tapak,JAMBI,KAB BUNGO,Rimbo Tengah,Sungai Mengkuang,P,WIRASWASTA,4.500.000,PT SINAR PENYELAMAT UMAT,AL KAUTSAR 7 PENGEMBANGAN,36,98,166.000.000,180,5%,120.255.000,"26 February, 2025","5 March, 2025"
3031340,2025,2025,BANK BTN,APERSI,tapak,JAMBI,KAB BUNGO,Rimbo Tengah,Sungai Mengkuang,L,SWASTA,7.000.000,PT SINAR PENYELAMAT UMAT,AL KAUTSAR 7 PENGEMBANGAN,36,98,166.000.000,180,5%,120.255.000,"26 February, 2025","5 March, 2025"
3031347,2025,2025,BANK BTN,REI,tapak,JAMBI,KAB BUNGO,Bathin III,Manggis,P,SWASTA,7.609.700,PT BUNGO BATHIN DAMAI,TAMAN CENDANA,36,108,162.000.000,120,5%,115.387.500,"26 February, 2025","5 March, 2025"
3031448,2025,2025,BANK BTN,APERSI,tapak,JAMBI,KAB BUNGO,Rimbo Tengah,Pasir Putih,P,SWASTA,4.000.000,PT DUPAN BERKAH SEJAHTERA,KENZIE RESIDENCE,36,108,166.000.000,240,5%,118.275.000,"26 February, 2025","5 March, 2025"
3031452,2025,2025,BANK BTN,REI,tapak,JAMBI,KAB BUNGO,Rimbo Tengah,Sungai Mengkuang,L,SWASTA,3.999.000,PT BERKAH CIPTA PERKASA,AL MADINAH 2,36,108,162.000.000,240,5%,117.285.000,"26 February, 2025","5 March, 2025"
3031493,2025,2025,BANK BTN,APERSI,tapak,JAMBI,KAB BUNGO,Bathin III,Bungo Taman Agung,L,SWASTA,4.090.000,PT JAYA BAKTI PERMATA SARI,PURWOBAKTI INDAH DUO,36,200,150.500.000,240,5%,107.231.250,"27 February, 2025","5 March, 2025"
3037756,2025,2025,BANK BTN,REI,tapak,JAMBI,KAB BUNGO,Bathin III,Manggis,P,PNS,5.763.600,PT CIPTA JAYA EWISA,BUNGO CIPTA GRAHA 5,36,108,166.000.000,240,5%,118.275.000,"27 February, 2025","14 March, 2025"
3045640,2025,2025,BANK BNI,APERSI,tapak,JAMBI,KAB BUNGO,Bathin III,Manggis,L,SWASTA,5.110.730,PT MITRA SENTOSA MANDIRI,SENTOSA RESIDENCE,36,108,162.000.000,180,5%,115.425.000,"18 February, 2025","17 March, 2025"
3045858,2025,2025,BANK BNI,REI,tapak,JAMBI,KAB BUNGO,Bungo Dani,Talang Pantai,L,SWASTA,3.500.000,PT PERMATA REAL ESTATE,PERMATA SEI KERJAN,36,135,162.000.000,120,5%,115.425.000,"26 February, 2025","17 March, 2025"
3051887,2025,2025,BANK BTN,APERSI,tapak,JAMBI,KAB BUNGO,Rimbo Tengah,Sungai Mengkuang,L,SWASTA,4.100.000,PT AMARDHIKA TUJUH LANGIT,LANGIT RESIDENCE,36,134,162.000.000,180,5%,117.285.000,"12 March, 2025","19 March, 2025"
3051894,2025,2025,BANK BTN,REI,tapak,JAMBI,KAB BUNGO,Bathin III,Bungo Taman Agung,L,SWASTA,4.500.000,PT BUNGO GRAHA INDAH,GRAHA NUSA INDAH,36,108,150.000.000,216,5%,106.875.000,"12 March, 2025","19 March, 2025"
3051978,2025,2025,BANK BTN,REI,tapak,JAMBI,KAB BUNGO,Bathin III,Sungai Binjai,L,SWASTA,4.650.000,PT KHAIRUNNISA BUNGO DEMPO,DEMPO RESIDENCE 2,36,108,162.000.000,240,5%,115.425.000,"12 March, 2025","19 March, 2025"
3052003,2025,2025,BANK BTN,REI,tapak,JAMBI,KAB BUNGO,Bungo Dani,Talang Pantai,L,SWASTA,4.583.333,PT ANUGERAH REZEKI BERSAUDARA MADANI,BUNGO DANI RESIDENCE 3,36,107,162.000.000,180,5%,115.387.500,"12 March, 2025","19 March, 2025"
3052034,2025,2025,BANK BTN,APERSI,tapak,JAMBI,KAB BUNGO,Bathin III,Manggis,L,SWASTA,4.550.000,PT MITRA SENTOSA MANDIRI,SENTOSA RESIDENCE TAHAP II,36,108,162.000.000,180,5%,115.425.000,"12 March, 2025","19 March, 2025"
3052753,2025,2025,BANK BNI,APERSI,tapak,JAMBI,KAB BUNGO,Rimbo Tengah,Sungai Mengkuang,L,SWASTA,3.565.000,PT SINAR PENYELAMAT UMAT,AL KAUTSAR 7 PENGEMBANGAN,36,98,166.000.000,180,5%,120.000.000,"27 February, 2025","19 March, 2025"
3052756,2025,2025,BANK BNI,APERSI,tapak,JAMBI,KAB BUNGO,Rimbo Tengah,Sungai Mengkuang,L,SWASTA,6.087.153,PT SINAR PENYELAMAT UMAT,AL KAUTSAR 7 PENGEMBANGAN,36,98,166.000.000,180,5%,120.000.000,"27 February, 2025","19 March, 2025"
3053117,2025,2025,BANK BNI,REI,tapak,JAMBI,KAB BUNGO,Bungo Dani,Sungai Kerjan,L,SWASTA,4.000.000,PT PERMATA REAL ESTATE,PERMATA SEI KERJAN,36,108,162.000.000,120,5%,115.425.000,"13 March, 2025","19 March, 2025"
3053135,2025,2025,BANK BNI,REI,tapak,JAMBI,KAB BUNGO,Bungo Dani,Sungai Kerjan,P,SWASTA,4.000.000,PT PERMATA REAL ESTATE,PERMATA SEI KERJAN,36,135,162.000.000,120,5%,115.425.000,"13 March, 2025","19 March, 2025"
3053215,2025,2025,BANK BNI,APERSI,tapak,JAMBI,KAB BUNGO,Rimbo Tengah,Sungai Mengkuang,L,SWASTA,3.600.000,PT GRIYA MULYA LESTARI,GRIYA DAKSINAPATI ASRI,36,104,166.000.000,180,5%,118.275.000,"17 March, 2025","19 March, 2025"
3055044,2025,2025,BANK BTN,APERSI,tapak,JAMBI,KAB BUNGO,Batin II Babeko,Tanjung Menanti,P,SWASTA,4.928.000,PT Nusantara Agung Property,TROPIKANA RESIDENCE,36,117,162.000.000,240,5%,115.425.000,"13 March, 2025","26 March, 2025"
3055100,2025,2025,BANK BTN,APERSI,tapak,JAMBI,KAB BUNGO,Bathin III,Sungai Binjai,P,SWASTA,3.300.000,PT MITRA SENTOSA MANDIRI,VILLA ADEVA SENTOSA,36,129,150.000.000,192,5%,106.875.000,"13 March, 2025","26 March, 2025"
3055126,2025,2025,BANK BTN,REI,tapak,JAMBI,KAB BUNGO,Bathin III,Manggis,L,SWASTA,5.378.000,PT WIJOYO ORIDINA PROPERTI,BUNGO CITY RESIDENCE 2,36,98,166.000.000,240,5%,120.225.000,"13 March, 2025","26 March, 2025"
3055128,2025,2025,BANK BTN,APERSI,tapak,JAMBI,KAB BUNGO,Rimbo Tengah,Sungai Mengkuang,L,WIRASWASTA,7.500.000,PT SINAR PENYELAMAT UMAT,AL KAUTSAR 7 PENGEMBANGAN,36,98,166.000.000,240,5%,109.050.000,"13 March, 2025","26 March, 2025"
3055142,2025,2025,BANK BTN,REI,tapak,JAMBI,KAB BUNGO,Rimbo Tengah,Cadika,L,TNI/POLRI,7.700.000,PT CANDIKA KAPITAL PROPERTINDO,CANDIKA ASRI,36,108,150.000.000,180,5%,106.875.000,"13 March, 2025","26 March, 2025"
3055651,2025,2025,BANK BTN,REI,tapak,JAMBI,KAB BUNGO,Bathin III,Manggis,L,SWASTA,4.400.000,PT CITRA NAE ZIDNI,CITRA RESIDENCE 2,36,108,166.000.000,190,5%,118.275.000,"14 March, 2025","26 March, 2025"
3056045,2025,2025,BANK BTN,APERSI,tapak,JAMBI,KAB BUNGO,Rimbo Tengah,Sungai Mengkuang,L,SWASTA,4.000.000,PT SINAR PENYELAMAT UMAT,AL KAUTSAR 7 PENGEMBANGAN,36,98,166.000.000,180,5%,120.255.000,"14 March, 2025","9 April, 2025"
3056388,2025,2025,BANK BTN,REI,tapak,JAMBI,KAB BUNGO,Bathin III,Manggis,P,WIRASWASTA,6.600.000,PT CITRA NAE ZIDNI,CITRA RESIDENCE 2,36,108,166.000.000,180,5%,118.275.000,"14 March, 2025","9 April, 2025"
3056395,2025,2025,BANK BTN,APERSI,tapak,JAMBI,KAB BUNGO,Bathin III,Manggis,P,SWASTA,3.500.000,PT MITRA SENTOSA MANDIRI,SENTOSA RESIDENCE TAHAP II,36,108,162.000.000,198,5%,115.425.000,"17 March, 2025","9 April, 2025"
3056516,2025,2025,BANK BTN,REI,tapak,JAMBI,KAB BUNGO,Rimbo Tengah,Sungai Mengkuang,P,SWASTA,3.849.542,PT BERKAH CIPTA PERKASA,AL MADINAH 2,36,108,162.000.000,240,5%,117.285.000,"14 March, 2025","9 April, 2025"
3056734,2025,2025,BANK BTN,APERSI,tapak,JAMBI,KAB BUNGO,Rimbo Tengah,Sungai Mengkuang,L,SWASTA,3.700.000,PT AMARDHIKA TUJUH LANGIT,LANGIT RESIDENCE,36,120,162.000.000,185,5%,117.285.000,"17 March, 2025","9 April, 2025"
3057702,2025,2025,BANK BTN,REI,tapak,JAMBI,KAB BUNGO,Rimbo Tengah,Cadika,L,SWASTA,3.800.000,PT BERKAH CIPTA PERKASA,ZAM ZAM RESIDENCE,36,96,162.000.000,240,5%,117.285.000,"18 March, 2025","21 March, 2025"
3057704,2025,2025,BANK BTN,REI,tapak,JAMBI,KAB BUNGO,Rimbo Tengah,Cadika,L,SWASTA,3.500.000,PT BERKAH CIPTA PERKASA,ZAM ZAM RESIDENCE,36,96,162.000.000,204,5%,117.285.000,"18 March, 2025","21 March, 2025"
3057706,2025,2025,BANK BTN,REI,tapak,JAMBI,KAB BUNGO,Rimbo Tengah,Cadika,L,TNI/POLRI,7.207.000,PT BERKAH CIPTA PERKASA,ZAM ZAM RESIDENCE,36,96,162.000.000,144,5%,117.285.000,"18 March, 2025","21 March, 2025"
3057707,2025,2025,BANK BTN,REI,tapak,JAMBI,KAB BUNGO,Rimbo Tengah,Cadika,L,SWASTA,3.500.000,PT BERKAH CIPTA PERKASA,ZAM ZAM RESIDENCE,36,108,162.000.000,204,5%,117.285.000,"18 March, 2025","21 March, 2025"
3058208,2025,2025,BANK BTN,APERSI,tapak,JAMBI,KAB BUNGO,Bathin III,Manggis,P,SWASTA,3.200.000,PT MITRA SENTOSA MANDIRI,SENTOSA RESIDENCE TAHAP II,36,108,162.000.000,240,5%,115.425.000,"17 March, 2025","9 April, 2025"
3058209,2025,2025,BANK BTN,APERSI,tapak,JAMBI,KAB BUNGO,Bathin III,Sungai Binjai,L,SWASTA,4.100.000,PT MITRA SENTOSA MANDIRI,VILLA ADEVA SENTOSA,36,120,150.000.000,240,5%,106.875.000,"17 March, 2025","9 April, 2025"
3058353,2025,2025,BANK BTN,REI,tapak,JAMBI,KAB BUNGO,Bathin III,Manggis,L,SWASTA,4.811.540,PT CIPTA JAYA EWISA,BUNGO CIPTA GRAHA 5,36,108,166.000.000,240,5%,118.275.000,"18 March, 2025","9 April, 2025"
3058549,2025,2025,BANK BTN,APERSI,tapak,JAMBI,KAB BUNGO,Bathin III,Sungai Binjai,L,WIRASWASTA,7.000.000,PT CHYNTA AZZUHRA SEJAHTERA,SKB RESIDENCE,36,118,162.000.000,180,5%,115.425.000,"19 March, 2025","9 April, 2025"
3058745,2025,2025,BANK BTN,APERSI,tapak,JAMBI,KAB BUNGO,Bathin III,Manggis,L,SWASTA,5.040.000,PT LIDYA JAYA ABADI,BUNGO GRIYA ABADI,36,108,162.000.000,120,5%,115.425.000,"8 January, 2025","21 March, 2025"
3058800,2025,2025,BANK BTN,APERSI,tapak,JAMBI,KAB BUNGO,Bathin III,Manggis,L,SWASTA,4.900.000,PT LIDYA JAYA ABADI,BUNGO GRIYA ABADI,36,108,162.000.000,240,5%,115.425.000,"8 January, 2025","21 March, 2025"
3058963,2025,2025,BANK BTN,APERSI,tapak,JAMBI,KAB BUNGO,Rimbo Tengah,Sungai Mengkuang,P,SWASTA,4.940.000,PT SINAR PENYELAMAT UMAT,AL KAUTSAR 7 PENGEMBANGAN,36,98,166.000.000,240,5%,120.255.000,"9 January, 2025","21 March, 2025"
3062530,2025,2025,BANK BTN,REI,tapak,JAMBI,KAB BUNGO,Bathin III,Manggis,L,SWASTA,4.862.450,PT CIPTA JAYA EWISA,BUNGO CIPTA GRAHA 5,36,108,166.000.000,240,5%,118.275.000,"18 March, 2025","26 March, 2025"
3062842,2025,2025,BANK BTN,APERSI,tapak,JAMBI,KAB BUNGO,Bathin III,Sungai Binjai,L,SWASTA,3.900.000,PT CHYNTA AZZUHRA SEJAHTERA,SKB RESIDENCE,36,108,162.000.000,180,5%,115.425.000,"19 March, 2025","26 March, 2025"
3063409,2025,2025,BANK BTN,APERSI,tapak,JAMBI,KAB BUNGO,Bathin III,Sungai Binjai,P,SWASTA,4.500.000,PT CHYNTA AZZUHRA SEJAHTERA,SKB RESIDENCE,36,120,162.000.000,180,5%,115.425.000,"19 March, 2025","26 March, 2025"
3063455,2025,2025,BANK BTN,APERSI,tapak,JAMBI,KAB BUNGO,Rimbo Tengah,Sungai Mengkuang,P,PNS,4.900.000,PT SINAR PENYELAMAT UMAT,AL KAUTSAR 7 PENGEMBANGAN,36,98,166.000.000,240,5%,120.255.000,"19 March, 2025","26 March, 2025"
3063463,2025,2025,BANK BTN,APERSI,tapak,JAMBI,KAB BUNGO,Rimbo Tengah,Sungai Mengkuang,P,WIRASWASTA,4.000.000,PT SINAR PENYELAMAT UMAT,AL KAUTSAR 7 PENGEMBANGAN,36,98,166.000.000,240,5%,120.255.000,"19 March, 2025","26 March, 2025"
3069414,2025,2025,BANK BNI,APERSI,tapak,JAMBI,KAB BUNGO,Rimbo Tengah,Sungai Mengkuang,P,SWASTA,3.012.331,PT GRIYA MULYA LESTARI,GRIYA DAKSINAPATI ASRI,36,104,166.000.000,180,5%,118.275.000,"19 March, 2025","26 March, 2025"
3069415,2025,2025,BANK BNI,APERSI,tapak,JAMBI,KAB BUNGO,Rimbo Tengah,Sungai Mengkuang,L,LAINNYA,3.600.000,PT GRIYA MULYA LESTARI,GRIYA DAKSINAPATI ASRI,36,104,166.000.000,156,5%,118.275.000,"19 March, 2025","26 March, 2025"
3069419,2025,2025,BANK BNI,APERSI,tapak,JAMBI,KAB BUNGO,Rimbo Tengah,Sungai Mengkuang,L,SWASTA,3.963.833,PT GRIYA MULYA LESTARI,GRIYA DAKSINAPATI ASRI,36,104,166.000.000,180,5%,118.275.000,"19 March, 2025","26 March, 2025"
3069420,2025,2025,BANK BNI,APERSI,tapak,JAMBI,KAB BUNGO,Rimbo Tengah,Sungai Mengkuang,P,SWASTA,3.500.000,PT GRIYA MULYA LESTARI,GRIYA DAKSINAPATI ASRI,36,104,166.000.000,180,5%,118.275.000,"19 March, 2025","26 March, 2025"
3069421,2025,2025,BANK BNI,APERSI,tapak,JAMBI,KAB BUNGO,Rimbo Tengah,Sungai Mengkuang,P,LAINNYA,6.195.070,PT GRIYA MULYA LESTARI,GRIYA DAKSINAPATI ASRI,36,104,166.000.000,180,5%,118.275.000,"19 March, 2025","26 March, 2025"
3069422,2025,2025,BANK BNI,APERSI,tapak,JAMBI,KAB BUNGO,Rimbo Tengah,Sungai Mengkuang,L,WIRASWASTA,3.746.128,PT SINAR PENYELAMAT UMAT,AL KAUTSAR 7 PENGEMBANGAN,36,98,166.000.000,180,5%,120.000.000,"19 March, 2025","26 March, 2025"
3069466,2025,2025,BANK BNI,APERSI,tapak,JAMBI,KAB BUNGO,Rimbo Tengah,Sungai Mengkuang,L,SWASTA,3.600.000,PT GRIYA MULYA LESTARI,GRIYA DAKSINAPATI ASRI,36,104,166.000.000,180,5%,118.275.000,"20 March, 2025","26 March, 2025"
3069467,2025,2025,BANK BNI,APERSI,tapak,JAMBI,KAB BUNGO,Rimbo Tengah,Sungai Mengkuang,L,LAINNYA,2.677.088,PT GRIYA MULYA LESTARI,GRIYA DAKSINAPATI ASRI,36,104,166.000.000,180,5%,118.275.000,"20 March, 2025","26 March, 2025"
3069511,2025,2025,BANK BNI,APERSI,tapak,JAMBI,KAB BUNGO,Rimbo Tengah,Sungai Mengkuang,L,LAINNYA,6.483.333,PT GRIYA MULYA LESTARI,GRIYA DAKSINAPATI ASRI,36,104,166.000.000,120,5%,118.275.000,"21 March, 2025","26 March, 2025"
3069519,2025,2025,BANK BNI,APERSI,tapak,JAMBI,KAB BUNGO,Rimbo Tengah,Sungai Mengkuang,P,WIRASWASTA,6.000.000,PT GRIYA MULYA LESTARI,GRIYA DAKSINAPATI ASRI,36,104,166.000.000,180,5%,118.275.000,"21 March, 2025","26 March, 2025"
3070050,2025,2025,BANK BTN,REI,tapak,JAMBI,KAB BUNGO,Rimbo Tengah,Pasir Putih,P,PNS,6.740.000,PT MITRA HARAPAN KENTJANA,GRAHA BUNGO KENTJANA TAHAP 2,36,104,162.000.000,180,5%,117.285.000,"14 January, 2025","26 March, 2025"
3070051,2025,2025,BANK BTN,REI,tapak,JAMBI,KAB BUNGO,Rimbo Tengah,Pasir Putih,L,SWASTA,6.196.000,PT MITRA HARAPAN KENTJANA,GRAHA BUNGO KENTJANA TAHAP 2,36,91,162.000.000,120,5%,117.285.000,"14 January, 2025","26 March, 2025"
3070061,2025,2025,BANK BTN,REI,tapak,JAMBI,KAB BUNGO,Rimbo Tengah,Pasir Putih,P,SWASTA,3.550.000,PT MITRA HARAPAN KENTJANA,GRAHA BUNGO KENTJANA TAHAP 2,36,91,162.000.000,180,5%,117.285.000,"14 January, 2025","26 March, 2025"
3070379,2025,2025,BANK BTN,REI,tapak,JAMBI,KAB BUNGO,Rimbo Tengah,Pasir Putih,L,SWASTA,4.700.000,PT MITRA HARAPAN KENTJANA,GRAHA BUNGO KENTJANA TAHAP 2,36,91,162.000.000,180,5%,117.285.000,"17 January, 2025","26 March, 2025"
3073233,2025,2025,BANK BTN,REI,tapak,JAMBI,KAB BUNGO,Bathin III,Manggis,P,SWASTA,7.671.000,PT CITRA NAE ZIDNI,CITRA RESIDENCE 2,36,108,166.000.000,240,5%,118.275.000,"24 January, 2025","26 March, 2025"
3073994,2025,2025,BANK BTN,APERSI,tapak,JAMBI,KAB BUNGO,Rimbo Tengah,Sungai Mengkuang,P,WIRASWASTA,8.000.000,PT SINAR PENYELAMAT UMAT,AL KAUTSAR 7 PENGEMBANGAN,36,98,166.000.000,180,5%,120.255.000,"12 February, 2025","26 March, 2025"
3073999,2025,2025,BANK BTN,APERSI,tapak,JAMBI,KAB BUNGO,Rimbo Tengah,Sungai Mengkuang,L,SWASTA,7.309.278,PT SINAR PENYELAMAT UMAT,AL KAUTSAR 7 PENGEMBANGAN,36,98,166.000.000,180,5%,120.255.000,"12 February, 2025","26 March, 2025"
3074000,2025,2025,BANK BTN,APERSI,tapak,JAMBI,KAB BUNGO,Rimbo Tengah,Sungai Mengkuang,L,SWASTA,6.000.000,PT SINAR PENYELAMAT UMAT,AL KAUTSAR 7 PENGEMBANGAN,36,98,166.000.000,240,5%,120.255.000,"12 February, 2025","26 March, 2025"
3074004,2025,2025,BANK BTN,APERSI,tapak,JAMBI,KAB BUNGO,Rimbo Tengah,Sungai Mengkuang,L,SWASTA,7.286.282,PT SINAR PENYELAMAT UMAT,AL KAUTSAR 7 PENGEMBANGAN,36,98,166.000.000,180,5%,120.255.000,"12 February, 2025","26 March, 2025"
3074026,2025,2025,BANK BTN,REI,tapak,JAMBI,KAB BUNGO,Rimbo Tengah,Cadika,L,SWASTA,4.500.000,PT BERKAH CIPTA PERKASA,ZAM ZAM RESIDENCE,36,96,162.000.000,180,5%,117.285.000,"12 February, 2025","26 March, 2025"
3074046,2025,2025,BANK BTN,APERSI,tapak,JAMBI,KAB BUNGO,Rimbo Tengah,Sungai Mengkuang,L,SWASTA,4.000.000,PT SINAR PENYELAMAT UMAT,AL KAUTSAR 7 PENGEMBANGAN,36,98,166.000.000,180,5%,120.255.000,"12 February, 2025","26 March, 2025"
3074060,2025,2025,BANK BTN,APERSI,tapak,JAMBI,KAB BUNGO,Rimbo Tengah,Sungai Mengkuang,L,WIRASWASTA,5.000.000,PT SINAR PENYELAMAT UMAT,AL KAUTSAR 7 PENGEMBANGAN,36,98,166.000.000,240,5%,120.255.000,"12 February, 2025","26 March, 2025"
3074062,2025,2025,BANK BTN,APERSI,tapak,JAMBI,KAB BUNGO,Rimbo Tengah,Sungai Mengkuang,P,WIRASWASTA,5.000.000,PT SINAR PENYELAMAT UMAT,AL KAUTSAR 7 PENGEMBANGAN,36,98,166.000.000,240,5%,120.255.000,"12 February, 2025","26 March, 2025"
3074072,2025,2025,BANK BTN,APERSI,tapak,JAMBI,KAB BUNGO,Rimbo Tengah,Sungai Mengkuang,P,SWASTA,3.300.000,PT SINAR PENYELAMAT UMAT,AL KAUTSAR 7 PENGEMBANGAN,36,98,166.000.000,180,5%,120.255.000,"12 February, 2025","26 March, 2025"
3075481,2025,2025,BANK BTN,REI,tapak,JAMBI,KAB BUNGO,Bathin III,Manggis,P,SWASTA,7.038.705,PT CITRA NAE ZIDNI,CITRA RESIDENCE 2,36,108,166.000.000,180,5%,120.255.000,"21 March, 2025","26 March, 2025"
3075523,2025,2025,BANK BTN,REI,tapak,JAMBI,KAB BUNGO,Rimbo Tengah,Pasir Putih,P,SWASTA,3.124.000,PT MARGA MULYA INDAH ASRI,MULIA INDAH ASRI 2,36,84,150.500.000,240,5%,107.231.250,"21 March, 2025","26 March, 2025"
3077239,2025,2025,BANK BTN,REI,tapak,JAMBI,KAB BUNGO,Batin II Babeko,Tanjung Menanti,L,SWASTA,6.469.467,PT PETRA CIPTA UTAMA,GREEN PETRA 2,36,108,166.000.000,240,5%,118.500.000,"27 February, 2025","9 April, 2025"
3077296,2025,2025,BANK BTN,APERSI,tapak,JAMBI,KAB BUNGO,Rimbo Tengah,Sungai Mengkuang,L,WIRASWASTA,5.000.000,PT SINAR PENYELAMAT UMAT,AL KAUTSAR 7 PENGEMBANGAN,36,98,166.000.000,180,5%,120.255.000,"27 February, 2025","9 April, 2025"
3077298,2025,2025,BANK BTN,REI,tapak,JAMBI,KAB BUNGO,Bathin III,Manggis,L,SWASTA,4.621.000,PT CIPTA JAYA EWISA,BUNGO CIPTA GRAHA 5,36,188,166.000.000,180,5%,118.275.000,"27 February, 2025","9 April, 2025"
3077655,2025,2025,BANK BTN,REI,tapak,JAMBI,KAB BUNGO,Rimbo Tengah,Cadika,L,WIRASWASTA,6.043.000,PT DEFANA PERMATA GROUP,BUNGO ANUGRAH RESIDENCE,36,108,166.000.000,120,5%,118.275.000,"28 February, 2025","9 April, 2025"
3077839,2025,2025,BANK BTN,REI,tapak,JAMBI,KAB BUNGO,Bathin III,Manggis,L,SWASTA,5.800.000,PT BUNGO BATHIN DAMAI,TAMAN CENDANA,36,108,162.000.000,180,5%,115.387.500,"28 February, 2025","9 April, 2025"
3077861,2025,2025,BANK BTN,REI,tapak,JAMBI,KAB BUNGO,Bathin III,Bungo Taman Agung,P,SWASTA,3.700.000,PT BUNGO GRAHA INDAH,GRAHA NUSA INDAH,36,108,150.000.000,240,5%,106.875.000,"28 February, 2025","9 April, 2025"
3077971,2025,2025,BANK BTN,REI,tapak,JAMBI,KAB BUNGO,Bathin III,Manggis,L,SWASTA,7.942.922,PT CIPTA JAYA EWISA,BUNGO CIPTA GRAHA 5,36,108,166.000.000,240,5%,118.275.000,"28 February, 2025","9 April, 2025"
3077974,2025,2025,BANK BTN,REI,tapak,JAMBI,KAB BUNGO,Bathin III,Manggis,L,SWASTA,6.321.370,PT CIPTA JAYA EWISA,BUNGO CIPTA GRAHA 5,36,108,166.000.000,180,5%,118.275.000,"28 February, 2025","9 April, 2025"
3078118,2025,2025,BANK BTN,REI,tapak,JAMBI,KAB BUNGO,Bathin III,Manggis,P,SWASTA,3.800.000,PT CITRA NAE ZIDNI,CITRA RESIDENCE 2,36,108,166.000.000,240,5%,120.255.000,"28 February, 2025","9 April, 2025"
3090324,2025,2025,BANK BNI,APERSI,tapak,JAMBI,KAB BUNGO,Rimbo Tengah,Sungai Mengkuang,L,SWASTA,6.661.132,PT GRIYA MULYA LESTARI,GRIYA DAKSINAPATI ASRI,36,104,166.000.000,180,5%,118.275.000,"24 March, 2025","9 April, 2025"
3090325,2025,2025,BANK BNI,APERSI,tapak,JAMBI,KAB BUNGO,Rimbo Tengah,Sungai Mengkuang,L,LAINNYA,4.751.347,PT GRIYA MULYA LESTARI,GRIYA DAKSINAPATI ASRI,36,104,166.000.000,180,5%,118.275.000,"24 March, 2025","9 April, 2025"
3090326,2025,2025,BANK BNI,APERSI,tapak,JAMBI,KAB BUNGO,Rimbo Tengah,Sungai Mengkuang,L,SWASTA,4.030.000,PT GRIYA MULYA LESTARI,GRIYA DAKSINAPATI ASRI,36,104,166.000.000,180,5%,118.275.000,"24 March, 2025","9 April, 2025"
3090327,2025,2025,BANK BNI,REI,tapak,JAMBI,KAB BUNGO,Bungo Dani,Talang Pantai,L,SWASTA,5.108.450,PT PERMATA REAL ESTATE,PERMATA SEI KERJAN,36,135,162.000.000,120,5%,115.425.000,"24 March, 2025","9 April, 2025"
3090366,2025,2025,BANK BNI,APERSI,tapak,JAMBI,KAB BUNGO,Rimbo Tengah,Sungai Mengkuang,P,SWASTA,3.000.000,PT SINAR PENYELAMAT UMAT,AL KAUTSAR 7 PENGEMBANGAN,36,98,166.000.000,144,5%,120.000.000,"25 March, 2025","9 April, 2025"
3090380,2025,2025,BANK BNI,APERSI,tapak,JAMBI,KAB BUNGO,Rimbo Tengah,Sungai Mengkuang,P,LAINNYA,4.700.000,PT GRIYA MULYA LESTARI,GRIYA DAKSINAPATI ASRI,36,104,166.000.000,180,5%,118.275.000,"25 March, 2025","9 April, 2025"
3090382,2025,2025,BANK BNI,APERSI,tapak,JAMBI,KAB BUNGO,Rimbo Tengah,Sungai Mengkuang,P,LAINNYA,4.526.355,PT SINAR PENYELAMAT UMAT,AL KAUTSAR 7 PENGEMBANGAN,36,98,166.000.000,180,5%,120.000.000,"25 March, 2025","9 April, 2025"
3092666,2025,2025,BANK BTN,REI,tapak,JAMBI,KAB BUNGO,Bathin III,Manggis,L,SWASTA,3.600.000,PT CITRA NAE ZIDNI,CITRA RESIDENCE 2,36,108,166.000.000,198,5%,118.275.000,"25 March, 2025","21 April, 2025"
3092672,2025,2025,BANK BTN,REI,tapak,JAMBI,KAB BUNGO,Bathin III,Manggis,L,SWASTA,4.594.550,PT CITRA NAE ZIDNI,CITRA RESIDENCE 2 (PENGEMBANGAN),36,108,166.000.000,180,5%,120.255.000,"25 March, 2025","21 April, 2025"
3092677,2025,2025,BANK BTN,APERSI,tapak,JAMBI,KAB BUNGO,Batin II Babeko,Tanjung Menanti,L,SWASTA,4.754.000,PT Nusantara Agung Property,TROPIKANA RESIDENCE,36,117,162.000.000,240,5%,115.425.000,"25 March, 2025","21 April, 2025"
3092913,2025,2025,BANK BTN,REI,tapak,JAMBI,KAB BUNGO,Batin II Babeko,Tanjung Menanti,P,SWASTA,4.215.000,PT PETRA CIPTA UTAMA,GREEN PETRA 2,36,108,166.000.000,204,5%,118.500.000,"25 March, 2025","21 April, 2025"
3092920,2025,2025,BANK BTN,APERSI,tapak,JAMBI,KAB BUNGO,Rimbo Tengah,Sungai Mengkuang,L,WIRASWASTA,5.000.000,PT SINAR PENYELAMAT UMAT,AL KAUTSAR 7 PENGEMBANGAN,36,98,166.000.000,144,5%,120.255.000,"25 March, 2025","21 April, 2025"
3096117,2025,2025,BANK BTN,REI,tapak,JAMBI,KAB BUNGO,Bathin III,Manggis,L,SWASTA,5.000.000,PT CIPTA JAYA EWISA,BUNGO CIPTA GRAHA 5,36,108,166.000.000,180,5%,118.275.000,"18 March, 2025","16 April, 2025"
3096532,2025,2025,BANK BTN,REI,tapak,JAMBI,KAB BUNGO,Bungo Dani,Sungai Kerjan,L,SWASTA,4.000.000,PT BERKAH CIPTA PERKASA,AZIZIYAH RESIDENCE,36,165,150.500.000,180,5%,108.746.250,"20 March, 2025","16 April, 2025"
3099087,2025,2025,BANK BTN,REI,tapak,JAMBI,KAB BUNGO,Bathin III,Sungai Binjai,L,WIRASWASTA,5.000.000,PT GRAHA PRATAMA GEMILANG,PURI BINJAI RESIDENCE,36,130,166.000.000,240,5%,120.255.000,"27 March, 2025","11 April, 2025"
3100246,2025,2025,BANK BTN,REI,tapak,JAMBI,KAB BUNGO,Bathin III,Manggis,L,SWASTA,3.451.680,PT CITRA NAE ZIDNI,CITRA RESIDENCE 2 (PENGEMBANGAN),36,108,166.000.000,240,5%,120.255.000,"25 March, 2025","21 April, 2025"
3100248,2025,2025,BANK BTN,REI,tapak,JAMBI,KAB BUNGO,Bathin III,Manggis,P,SWASTA,4.644.000,PT CITRA NAE ZIDNI,CITRA RESIDENCE 2 (PENGEMBANGAN),36,108,166.000.000,240,5%,118.275.000,"25 March, 2025","21 April, 2025"
3100253,2025,2025,BANK BTN,REI,tapak,JAMBI,KAB BUNGO,Bathin III,Manggis,P,WIRASWASTA,7.000.000,PT CITRA NAE ZIDNI,CITRA RESIDENCE 2,36,108,166.000.000,180,5%,120.255.000,"25 March, 2025","21 April, 2025"
3100254,2025,2025,BANK BTN,REI,tapak,JAMBI,KAB BUNGO,Bathin III,Manggis,L,SWASTA,5.723.000,PT CITRA NAE ZIDNI,CITRA RESIDENCE 2,36,108,166.000.000,180,5%,120.255.000,"25 March, 2025","21 April, 2025"
3100270,2025,2025,BANK BTN,REI,tapak,JAMBI,KAB BUNGO,Bathin III,Manggis,P,SWASTA,4.975.000,PT CITRA NAE ZIDNI,CITRA RESIDENCE 2 (PENGEMBANGAN),36,108,166.000.000,240,5%,120.255.000,"25 March, 2025","21 April, 2025"
3100278,2025,2025,BANK BTN,REI,tapak,JAMBI,KAB BUNGO,Bathin III,Manggis,L,SWASTA,5.271.000,PT CITRA NAE ZIDNI,CITRA RESIDENCE 2 (PENGEMBANGAN),36,108,166.000.000,186,5%,120.255.000,"25 March, 2025","21 April, 2025"
3100307,2025,2025,BANK BTN,REI,tapak,JAMBI,KAB BUNGO,Bathin III,Manggis,P,SWASTA,6.400.000,PT WIJOYO ORIDINA PROPERTI,BUNGO CITY RESIDENCE 2,36,98,166.000.000,144,5%,120.225.000,"25 March, 2025","21 April, 2025"
3100458,2025,2025,BANK BTN,REI,tapak,JAMBI,KAB BUNGO,Bathin III,Sungai Binjai,P,SWASTA,4.881.000,PT KHAIRUNNISA BUNGO DEMPO,DEMPO RESIDENCE 2,36,108,162.000.000,240,5%,115.425.000,"24 March, 2025","16 April, 2025"
3100471,2025,2025,BANK BTN,REI,tapak,JAMBI,KAB BUNGO,Bathin III,Manggis,L,SWASTA,4.000.000,PT BUNGO BATHIN DAMAI,TAMAN CENDANA,36,108,162.000.000,180,5%,115.387.500,"24 March, 2025","16 April, 2025"
3100538,2025,2025,BANK BTN,REI,tapak,JAMBI,KAB BUNGO,Bathin III,Manggis,L,SWASTA,5.448.261,PT CIPTA JAYA EWISA,BUNGO CIPTA GRAHA 5,36,108,166.000.000,180,5%,118.275.000,"25 March, 2025","16 April, 2025"
3100540,2025,2025,BANK BTN,REI,tapak,JAMBI,KAB BUNGO,Bathin III,Manggis,P,WIRASWASTA,7.000.000,PT CIPTA JAYA EWISA,BUNGO CIPTA GRAHA 5,36,108,166.000.000,180,5%,118.275.000,"25 March, 2025","16 April, 2025"
3100575,2025,2025,BANK BTN,REI,tapak,JAMBI,KAB BUNGO,Bathin III,Manggis,L,SWASTA,6.287.883,PT CIPTA JAYA EWISA,BUNGO CIPTA GRAHA 5,36,108,166.000.000,240,5%,118.275.000,"25 March, 2025","16 April, 2025"
3105305,2025,2025,BANK BTN,APERSI,tapak,JAMBI,KAB BUNGO,Rimbo Tengah,Sungai Mengkuang,P,SWASTA,4.997.750,PT GRIYA MULYA LESTARI,GRIYA DAKSINAPATI ASRI,36,167,166.000.000,180,5%,118.275.000,"10 April, 2025","16 April, 2025"
3105315,2025,2025,BANK BTN,APERSI,tapak,JAMBI,KAB BUNGO,Bathin III,Manggis,P,SWASTA,3.400.000,PT MITRA SENTOSA MANDIRI,SENTOSA RESIDENCE TAHAP II,36,108,162.000.000,240,5%,115.425.000,"10 April, 2025","16 April, 2025"
3105414,2025,2025,BANK BTN,REI,tapak,JAMBI,KAB BUNGO,Batin II Babeko,Tanjung Menanti,L,SWASTA,4.485.000,PT PETRA CIPTA UTAMA,GREEN PETRA 2,36,108,166.000.000,180,5%,118.500.000,"11 April, 2025","21 April, 2025"
3105876,2025,2025,BANK BTN,REI,tapak,JAMBI,KAB BUNGO,Rimbo Tengah,Cadika,L,SWASTA,4.350.000,PT BERKAH CIPTA PERKASA,ZAM ZAM RESIDENCE,36,169,162.000.000,240,5%,117.285.000,"11 April, 2025","16 April, 2025"
3107175,2025,2025,BANK BTN,REI,tapak,JAMBI,KAB BUNGO,Rimbo Tengah,Sungai Mengkuang,L,SWASTA,4.000.000,PT BERKAH CIPTA PERKASA,AL MADINAH 2,36,108,162.000.000,240,5%,117.285.000,"11 April, 2025","25 April, 2025"
3107711,2025,2025,BANK BTN,REI,tapak,JAMBI,KAB BUNGO,Rimbo Tengah,Cadika,P,WIRASWASTA,7.000.000,PT DEFANA PERMATA GROUP,BUNGO ANUGRAH RESIDENCE,36,108,166.000.000,240,5%,118.275.000,"14 April, 2025","21 April, 2025"
3107887,2025,2025,BANK BTN,REI,tapak,JAMBI,KAB BUNGO,Rimbo Tengah,Pasir Putih,P,SWASTA,3.052.206,PT MARGA MULYA INDAH ASRI,MULIA INDAH ASRI 2,36,84,150.500.000,234,5%,107.231.250,"15 April, 2025","24 April, 2025"
3107898,2025,2025,BANK BTN,REI,tapak,JAMBI,KAB BUNGO,Bathin III,Manggis,L,SWASTA,7.000.000,PT CITRA NAE ZIDNI,CITRA RESIDENCE 2,36,109,166.000.000,240,5%,120.255.000,"15 April, 2025","24 April, 2025"
3111868,2025,2025,BANK BTN,APERSI,tapak,JAMBI,KAB BUNGO,Bathin III,Bungo Taman Agung,L,WIRASWASTA,6.000.000,PT JAYA BAKTI PERMATA SARI,PURWOBAKTI INDAH DUO,36,174,150.500.000,180,5%,107.231.250,"26 March, 2025","24 April, 2025"
3111890,2025,2025,BANK BTN,REI,tapak,JAMBI,KAB BUNGO,Bathin III,Manggis,L,SWASTA,3.533.333,PT CITRA NAE ZIDNI,CITRA RESIDENCE 2,36,108,166.000.000,240,5%,120.255.000,"26 March, 2025","24 April, 2025"
3112031,2025,2025,BANK BTN,REI,tapak,JAMBI,KAB BUNGO,Bathin III,Manggis,P,SWASTA,5.026.416,PT CITRA NAE ZIDNI,CITRA RESIDENCE 2 (PENGEMBANGAN),36,108,166.000.000,240,5%,120.255.000,"26 March, 2025","24 April, 2025"
3113081,2025,2025,BANK BTN,APERSI,tapak,JAMBI,KAB BUNGO,Rimbo Tengah,Sungai Mengkuang,L,SWASTA,5.000.000,PT AMARDHIKA TUJUH LANGIT,LANGIT RESIDENCE,36,120,162.000.000,126,5%,117.285.000,"16 April, 2025","25 April, 2025"
3113093,2025,2025,BANK BTN,APERSI,tapak,JAMBI,KAB BUNGO,Rimbo Tengah,Sungai Mengkuang,L,WIRASWASTA,6.000.000,PT AMARDHIKA TUJUH LANGIT,LANGIT RESIDENCE,36,120,162.000.000,204,5%,117.285.000,"16 April, 2025","25 April, 2025"
3113115,2025,2025,BANK BTN,REI,tapak,JAMBI,KAB BUNGO,Rimbo Tengah,Cadika,L,PNS,3.523.200,PT BERKAH CIPTA PERKASA,ZAM ZAM RESIDENCE,36,96,162.000.000,180,5%,117.285.000,"16 April, 2025","24 April, 2025"
3115397,2025,2025,BANK BTN,APERSI,tapak,JAMBI,KAB BUNGO,Bathin III,Manggis,P,SWASTA,3.700.000,PT MITRA SENTOSA MANDIRI,SENTOSA RESIDENCE TAHAP II,36,108,162.000.000,182,5%,115.425.000,"10 April, 2025","25 April, 2025"
3115917,2025,2025,BANK JAMBI,REI,tapak,JAMBI,KAB BUNGO,Pelepat Ilir,Purwosari,P,WIRASWASTA,4.000.000,PT JINGGA DIRGA PUSPITA,JINGGA KEDATON,36,100,166.000.000,180,5%,118.275.000,"20 February, 2025","25 April, 2025"
3116400,2025,2025,BANK BTN,REI,tapak,JAMBI,KAB BUNGO,Rimbo Tengah,Cadika,L,SWASTA,3.200.000,PT CANDIKA KAPITAL PROPERTINDO,CANDIKA ASRI,36,106,150.000.000,240,5%,106.875.000,"21 April, 2025","25 April, 2025"
3117696,2025,2025,BANK BTN,APERSI,tapak,JAMBI,KAB BUNGO,Rimbo Tengah,Sungai Mengkuang,P,SWASTA,4.597.000,PT SINAR PENYELAMAT UMAT,AL KAUTSAR 7 PENGEMBANGAN,36,98,166.000.000,180,5%,120.255.000,"27 March, 2025","25 April, 2025"
3118210,2025,2025,BANK BTN,REI,tapak,JAMBI,KAB BUNGO,Rimbo Tengah,Pasir Putih,L,SWASTA,3.436.758,PT MARGA MULYA INDAH ASRI,MULIA INDAH ASRI 2,36,84,150.500.000,240,5%,107.231.250,"23 April, 2025","28 April, 2025"
3119923,2025,2025,BANK BTN,REI,tapak,JAMBI,KAB BUNGO,Batin II Babeko,Tanjung Menanti,L,SWASTA,6.658.446,PT PETRA CIPTA UTAMA,GREEN PETRA 2,36,108,166.000.000,180,5%,118.500.000,"24 April, 2025","28 April, 2025"
3120158,2025,2025,BANK BTN,APERSI,tapak,JAMBI,KAB BUNGO,Bathin III,Manggis,P,SWASTA,4.300.000,PT MITRA SENTOSA MANDIRI,SENTOSA RESIDENCE TAHAP II,36,108,162.000.000,180,5%,115.425.000,"23 April, 2025","28 April, 2025"
3120235,2025,2025,BANK BTN,REI,tapak,JAMBI,KAB BUNGO,Bathin III,Manggis,L,SWASTA,5.941.000,PT CIPTA JAYA EWISA,BUNGO CIPTA GRAHA 5,36,108,166.000.000,180,5%,118.275.000,"24 April, 2025","28 April, 2025"
3126223,2025,2025,BANK BNI,APERSI,tapak,JAMBI,KAB BUNGO,Rimbo Tengah,Sungai Mengkuang,P,LAINNYA,3.520.663,PT SINAR PENYELAMAT UMAT,AL-KAUTSAR 7 PENGEMBANGAN,36,98,166.000.000,180,5%,120.000.000,"25 April, 2025","30 April, 2025"
3126232,2025,2025,BANK BNI,APERSI,tapak,JAMBI,KAB BUNGO,Rimbo Tengah,Sungai Mengkuang,P,LAINNYA,3.000.000,PT GRIYA MULYA LESTARI,GRIYA DAKSINAPATI ASRI,36,104,166.000.000,180,5%,118.275.000,"25 April, 2025","30 April, 2025"
3126267,2025,2025,BANK BNI,REI,tapak,JAMBI,KAB BUNGO,Bungo Dani,Talang Pantai,L,SWASTA,3.250.000,PT PERMATA REAL ESTATE,PERMATA SEI KERJAN,36,120,162.000.000,180,5%,115.425.000,"28 April, 2025","30 April, 2025"
3126268,2025,2025,BANK BNI,REI,tapak,JAMBI,KAB BUNGO,Bungo Dani,Talang Pantai,L,WIRASWASTA,4.281.715,PT PERMATA REAL ESTATE,PERMATA SEI KERJAN,36,108,162.000.000,120,5%,115.425.000,"28 April, 2025","30 April, 2025"
3126270,2025,2025,BANK BNI,REI,tapak,JAMBI,KAB BUNGO,Bathin III,Manggis,L,LAINNYA,5.392.980,PT CITRA NAE ZIDNI,CITRA RESIDENCE 2 (PENGEMBANGAN),36,108,166.000.000,180,5%,120.255.000,"28 April, 2025","30 April, 2025"
3130237,2025,2025,BANK BTN,APERSI,tapak,JAMBI,KAB BUNGO,Bathin III,Manggis,P,SWASTA,3.750.000,PT MITRA SENTOSA MANDIRI,SENTOSA RESIDENCE TAHAP II,36,108,162.000.000,240,5%,115.425.000,"29 April, 2025","2 May, 2025"
3132176,2025,2025,BANK BTN,REI,tapak,JAMBI,KAB BUNGO,Bathin III,Manggis,P,SWASTA,5.080.000,PT BUNGO BATHIN DAMAI,TAMAN CENDANA,36,108,162.000.000,180,5%,115.387.500,"29 April, 2025","2 May, 2025"
3132264,2025,2025,BANK BTN,REI,tapak,JAMBI,KAB BUNGO,Rimbo Tengah,Sungai Mengkuang,L,SWASTA,4.000.000,PT BERKAH CIPTA PERKASA,AL MADINAH 2,36,108,162.000.000,240,5%,117.285.000,"29 April, 2025","2 May, 2025"
3132299,2025,2025,BANK BTN,REI,tapak,JAMBI,KAB BUNGO,Rimbo Tengah,Cadika,P,SWASTA,4.076.196,PT BERKAH CIPTA PERKASA,ZAM ZAM RESIDENCE,36,96,162.000.000,240,5%,117.285.000,"30 April, 2025","2 May, 2025"
3134494,2025,2025,BANK BNI,APERSI,tapak,JAMBI,KAB BUNGO,Rimbo Tengah,Sungai Mengkuang,L,WIRASWASTA,5.387.262,PT SINAR PENYELAMAT UMAT,AL KAUTSAR 7 PENGEMBANGAN,36,98,166.000.000,180,5%,120.000.000,"28 February, 2025","7 May, 2025"
3134545,2025,2025,BANK BNI,REI,tapak,JAMBI,KAB BUNGO,Bathin III,Manggis,P,WIRASWASTA,6.000.000,PT CITRA NAE ZIDNI,CITRA RESIDENCE 2 PENGEMBANGAN,36,108,166.000.000,180,5%,120.255.000,"25 April, 2025","7 May, 2025"
3134615,2025,2025,BANK BNI,APERSI,tapak,JAMBI,KAB BUNGO,Rimbo Tengah,Sungai Mengkuang,P,LAINNYA,3.000.000,PT GRIYA MULYA LESTARI,GRIYA DAKSINAPATI ASRI,36,104,166.000.000,180,5%,118.275.000,"29 April, 2025","7 May, 2025"
3134616,2025,2025,BANK BNI,APERSI,tapak,JAMBI,KAB BUNGO,Rimbo Tengah,Sungai Mengkuang,P,SWASTA,3.800.000,PT GRIYA MULYA LESTARI,GRIYA DAKSINAPATI ASRI,36,104,166.000.000,180,5%,118.275.000,"29 April, 2025","7 May, 2025"
3134619,2025,2025,BANK BNI,APERSI,tapak,JAMBI,KAB BUNGO,Rimbo Tengah,Sungai Mengkuang,P,WIRASWASTA,5.000.000,PT SINAR PENYELAMAT UMAT,AL-KAUTSAR 7 PENGEMBANGAN,36,98,166.000.000,120,5%,120.000.000,"29 April, 2025","7 May, 2025"
3134891,2025,2025,BANK BTN,REI,tapak,JAMBI,KAB BUNGO,Bathin III,Manggis,P,SWASTA,5.320.500,PT CIPTA JAYA EWISA,BUNGO CIPTA GRAHA 5,36,108,166.000.000,180,5%,118.275.000,"30 April, 2025","7 May, 2025"
3134923,2025,2025,BANK BTN,APERSI,tapak,JAMBI,KAB BUNGO,Rimbo Tengah,Sungai Mengkuang,P,WIRASWASTA,4.200.000,PT SINAR PENYELAMAT UMAT,AL KAUTSAR 7 PENGEMBANGAN,36,98,166.000.000,240,5%,120.255.000,"30 April, 2025","7 May, 2025"
3135162,2025,2025,BANK BTN,REI,tapak,JAMBI,KAB BUNGO,Bathin III,Manggis,L,SWASTA,5.134.803,PT CIPTA JAYA EWISA,BUNGO CIPTA GRAHA 5,36,108,166.000.000,240,5%,118.275.000,"30 April, 2025","7 May, 2025"
3135167,2025,2025,BANK BTN,REI,tapak,JAMBI,KAB BUNGO,Bathin III,Manggis,P,SWASTA,4.225.000,PT BUNGO BATHIN DAMAI,TAMAN CENDANA,36,108,162.000.000,180,5%,115.387.500,"30 April, 2025","7 May, 2025"
3138219,2025,2025,BANK BTN,REI,tapak,JAMBI,KAB BUNGO,Pasar Muaro Bungo,Bungo Timur,L,SWASTA,3.926.700,PT ARAH BANGUN PRESTASI MANDIRI,PURI INDAH SEPAKAT,36,91,166.000.000,186,5%,120.255.000,"2 May, 2025","14 May, 2025"
3138279,2025,2025,BANK BTN,REI,tapak,JAMBI,KAB BUNGO,Rimbo Tengah,Pasir Putih,P,SWASTA,5.126.500,PT MITRA HARAPAN KENTJANA,GRAHA BUNGO KENTJANA TAHAP 2,36,104,162.000.000,180,5%,117.285.000,"5 May, 2025","14 May, 2025"
3138294,2025,2025,BANK BTN,REI,tapak,JAMBI,KAB BUNGO,Bathin III,Bungo Taman Agung,L,SWASTA,7.188.711,PT BUNGO GRAHA INDAH,GRAHA NUSA INDAH 2,36,108,160.000.000,180,5%,114.000.000,"5 May, 2025","14 May, 2025"
3138446,2025,2025,BANK BTN,REI,tapak,JAMBI,KAB BUNGO,Pasar Muaro Bungo,Bungo Timur,P,WIRASWASTA,5.270.000,PT ARAH BANGUN PRESTASI MANDIRI,PURI INDAH SEPAKAT,36,91,166.000.000,240,5%,120.255.000,"6 May, 2025","14 May, 2025"
3138498,2025,2025,BANK BTN,REI,tapak,JAMBI,KAB BUNGO,Bathin III,Bungo Taman Agung,P,SWASTA,3.750.000,PT BUNGO GRAHA INDAH,GRAHA NUSA INDAH 2,36,108,160.000.000,240,5%,114.000.000,"7 May, 2025","14 May, 2025"
3141049,2025,2025,BANK BTN,APERSI,tapak,JAMBI,KAB BUNGO,Rimbo Tengah,Sungai Mengkuang,P,SWASTA,5.067.666,PT GRIYA MULYA LESTARI,GRIYA DAKSINAPATI ASRI,36,104,166.000.000,126,5%,118.275.000,"9 May, 2025","15 May, 2025"
3141051,2025,2025,BANK BTN,APERSI,tapak,JAMBI,KAB BUNGO,Rimbo Tengah,Sungai Mengkuang,L,SWASTA,6.146.665,PT GRIYA MULYA LESTARI,GRIYA DAKSINAPATI ASRI,36,104,166.000.000,180,5%,118.275.000,"9 May, 2025","15 May, 2025"
3141052,2025,2025,BANK BTN,REI,tapak,JAMBI,KAB BUNGO,Batin II Babeko,Tanjung Menanti,P,SWASTA,4.374.000,PT PETRA CIPTA UTAMA,GREEN PETRA 2,36,108,166.000.000,180,5%,118.500.000,"9 May, 2025","15 May, 2025"
3141126,2025,2025,BANK BTN,REI,tapak,JAMBI,KAB BUNGO,Bathin III,Manggis,L,SWASTA,5.230.000,PT CIPTA JAYA EWISA,BUNGO CIPTA GRAHA 5,36,108,166.000.000,180,5%,118.275.000,"9 May, 2025","15 May, 2025"
3141128,2025,2025,BANK BTN,APERSI,tapak,JAMBI,KAB BUNGO,Rimbo Tengah,Sungai Mengkuang,L,SWASTA,7.190.535,PT SINAR PENYELAMAT UMAT,AL KAUTSAR 7 PENGEMBANGAN,36,98,166.000.000,180,5%,120.255.000,"9 May, 2025","15 May, 2025"
3141833,2025,2025,BANK BNI,APERSI,tapak,JAMBI,KAB BUNGO,Rimbo Tengah,Sungai Mengkuang,L,LAINNYA,5.014.389,PT SINAR PENYELAMAT UMAT,AL-KAUTSAR 7 PENGEMBANGAN,36,98,166.000.000,180,5%,120.000.000,"9 May, 2025","16 May, 2025"
3142525,2025,2025,BANK BTN,APERSI,tapak,JAMBI,KAB BUNGO,Bathin III,Manggis,P,SWASTA,3.800.000,PT MITRA SENTOSA MANDIRI,SENTOSA RESIDENCE TAHAP II,36,108,162.000.000,180,5%,115.425.000,"9 May, 2025","16 May, 2025"
3144902,2025,2025,BANK BTN,REI,tapak,JAMBI,KAB BUNGO,Bathin III,Manggis,L,SWASTA,4.400.000,PT CITRA NAE ZIDNI,CITRA RESIDENCE 2,36,108,166.000.000,180,5%,120.255.000,"15 May, 2025","19 May, 2025"
3145922,2025,2025,BANK BTN,REI,tapak,JAMBI,KAB BUNGO,Bathin III,Manggis,L,SWASTA,5.419.000,PT CITRA NAE ZIDNI,CITRA RESIDENCE 2,36,108,166.000.000,240,5%,120.255.000,"15 May, 2025","20 May, 2025"
3145971,2025,2025,BANK BTN,REI,tapak,JAMBI,KAB BUNGO,Rimbo Tengah,Sungai Mengkuang,P,WIRASWASTA,7.565.500,PT KHOVIZ LANSKAP PROPERTI,PESSONA BUNGO RESIDENCE,36,108,166.000.000,194,5%,118.275.000,"15 May, 2025","20 May, 2025"
3147005,2025,2025,BANK BTN,REI,tapak,JAMBI,KAB BUNGO,Rimbo Tengah,Cadika,P,SWASTA,3.500.000,PT BERKAH CIPTA PERKASA,ZAM ZAM RESIDENCE,36,108,162.000.000,202,5%,108.986.250,"19 May, 2025","21 May, 2025"
3147537,2025,2025,BANK BTN,REI,tapak,JAMBI,KAB BUNGO,Bathin III,Manggis,L,SWASTA,5.827.500,PT CIPTA JAYA EWISA,BUNGO CIPTA GRAHA 5,36,108,166.000.000,180,5%,118.275.000,"16 May, 2025","21 May, 2025"
3148907,2025,2025,BANK BTN,REI,tapak,JAMBI,KAB BUNGO,Bathin III,Manggis,P,SWASTA,4.528.000,PT CIPTA JAYA EWISA,BUNGO CIPTA GRAHA 5,36,108,166.000.000,240,5%,118.275.000,"16 May, 2025","23 May, 2025"
3149339,2025,2025,BANK BNI,REI,tapak,JAMBI,KAB BUNGO,Bathin III,Manggis,P,LAINNYA,5.000.000,PT CITRA NAE ZIDNI,CITRA RESIDENCE 2 PENGEMBANGAN,36,108,166.000.000,180,5%,120.255.000,"16 May, 2025","23 May, 2025"
3150196,2025,2025,BANK BTN,REI,tapak,JAMBI,KAB BUNGO,Bathin III,Bungo Taman Agung,L,SWASTA,5.650.000,PT BUNGO GRAHA INDAH,GRAHA NUSA INDAH 2,36,108,160.000.000,240,5%,114.000.000,"21 May, 2025","26 May, 2025"
3150333,2025,2025,BANK BTN,REI,tapak,JAMBI,KAB BUNGO,Bathin III,Bungo Taman Agung,L,SWASTA,4.000.000,PT BUNGO GRAHA INDAH,GRAHA NUSA INDAH 2,36,108,160.000.000,228,5%,114.000.000,"21 May, 2025","26 May, 2025"
3151573,2025,2025,BANK BTN,APERSI,tapak,JAMBI,KAB BUNGO,Rimbo Tengah,Sungai Mengkuang,P,PNS,6.792.800,PT SINAR PENYELAMAT UMAT,AL KAUTSAR 7 PENGEMBANGAN,36,98,166.000.000,180,5%,120.255.000,"21 May, 2025","26 May, 2025"
3151574,2025,2025,BANK BTN,APERSI,tapak,JAMBI,KAB BUNGO,Rimbo Tengah,Sungai Mengkuang,P,SWASTA,5.000.000,PT SINAR PENYELAMAT UMAT,AL KAUTSAR 7 PENGEMBANGAN,36,98,166.000.000,180,5%,120.255.000,"21 May, 2025","26 May, 2025"
3151831,2025,2025,BANK BNI,APERSI,tapak,JAMBI,KAB BUNGO,Rimbo Tengah,Sungai Mengkuang,L,SWASTA,3.621.999,PT GRIYA MULYA LESTARI,GRIYA DAKSINAPATI ASRI,36,104,166.000.000,180,5%,118.275.000,"22 May, 2025","26 May, 2025"
3151832,2025,2025,BANK BNI,APERSI,tapak,JAMBI,KAB BUNGO,Rimbo Tengah,Sungai Mengkuang,L,SWASTA,3.500.000,PT GRIYA MULYA LESTARI,GRIYA DAKSINAPATI ASRI,36,104,166.000.000,180,5%,118.275.000,"22 May, 2025","26 May, 2025"
3151833,2025,2025,BANK BNI,APERSI,tapak,JAMBI,KAB BUNGO,Rimbo Tengah,Sungai Mengkuang,L,SWASTA,5.000.000,PT SINAR PENYELAMAT UMAT,AL-KAUTSAR 7 PENGEMBANGAN,36,98,166.000.000,108,5%,120.000.000,"22 May, 2025","26 May, 2025"
3151834,2025,2025,BANK BNI,APERSI,tapak,JAMBI,KAB BUNGO,Rimbo Tengah,Sungai Mengkuang,P,LAINNYA,5.294.327,PT SINAR PENYELAMAT UMAT,AL-KAUTSAR 7 PENGEMBANGAN,36,98,166.000.000,180,5%,120.000.000,"22 May, 2025","26 May, 2025"
3152143,2025,2025,BANK BTN,REI,tapak,JAMBI,KAB BUNGO,Bathin III,Manggis,L,SWASTA,4.702.800,PT CIPTA JAYA EWISA,BUNGO CIPTA GRAHA 5,36,108,166.000.000,180,5%,118.275.000,"22 May, 2025","27 May, 2025"
3153600,2025,2025,BANK BTN,REI,tapak,JAMBI,KAB BUNGO,Bathin III,Manggis,P,WIRASWASTA,6.000.000,PT CITRA NAE ZIDNI,CITRA RESIDENCE 2 (PENGEMBANGAN),36,134,166.000.000,180,5%,120.255.000,"23 May, 2025","27 May, 2025"
3153699,2025,2025,BANK BTN,REI,tapak,JAMBI,KAB BUNGO,Bathin III,Manggis,L,WIRASWASTA,7.000.000,PT CITRA NAE ZIDNI,CITRA RESIDENCE 2 (PENGEMBANGAN),36,108,166.000.000,120,5%,120.255.000,"23 May, 2025","27 May, 2025"
3156680,2025,2025,BANK BNI,APERSI,tapak,JAMBI,KAB BUNGO,Rimbo Tengah,Sungai Mengkuang,L,LAINNYA,3.900.000,PT SINAR PENYELAMAT UMAT,AL-KAUTSAR 7 PENGEMBANGAN,36,98,166.000.000,180,5%,120.000.000,"23 May, 2025","28 May, 2025"
3156681,2025,2025,BANK BNI,REI,tapak,JAMBI,KAB BUNGO,Bungo Dani,Talang Pantai,L,SWASTA,4.000.000,PT PERMATA REAL ESTATE,PERMATA SEI KERJAN,36,135,162.000.000,144,5%,115.425.000,"23 May, 2025","28 May, 2025"
3156685,2025,2025,BANK BNI,REI,tapak,JAMBI,KAB BUNGO,Bathin III,Manggis,P,LAINNYA,6.000.000,PT CITRA NAE ZIDNI,CITRA RESIDENCE 2 (PENGEMBANGAN),36,108,166.000.000,180,5%,120.255.000,"23 May, 2025","28 May, 2025"
3156688,2025,2025,BANK BNI,REI,tapak,JAMBI,KAB BUNGO,Bathin III,Manggis,P,LAINNYA,4.421.040,PT CITRA NAE ZIDNI,CITRA RESIDENCE 2,36,113,166.000.000,180,5%,120.255.000,"23 May, 2025","28 May, 2025"
3159580,2025,2025,BANK BTN,REI,tapak,JAMBI,KAB BUNGO,Bathin III,Manggis,L,SWASTA,4.500.000,PT CITRA NAE ZIDNI,CITRA RESIDENCE 2 (PENGEMBANGAN),36,108,166.000.000,180,5%,120.255.000,"26 May, 2025","28 May, 2025"
3159585,2025,2025,BANK BTN,REI,tapak,JAMBI,KAB BUNGO,Bathin III,Manggis,P,SWASTA,5.047.083,PT CITRA NAE ZIDNI,CITRA RESIDENCE 2 (PENGEMBANGAN),36,108,166.000.000,180,5%,120.254.550,"26 May, 2025","28 May, 2025"
3159941,2025,2025,BANK BTN,REI,tapak,JAMBI,KAB BUNGO,Bathin III,Manggis,L,SWASTA,6.115.044,PT CITRA NAE ZIDNI,CITRA RESIDENCE 2 (PENGEMBANGAN),36,108,166.000.000,180,5%,120.255.000,"26 May, 2025","2 June, 2025"
3159946,2025,2025,BANK BTN,REI,tapak,JAMBI,KAB BUNGO,Bathin III,Manggis,P,SWASTA,7.121.475,PT CITRA NAE ZIDNI,CITRA RESIDENCE 2 (PENGEMBANGAN),36,108,166.000.000,180,5%,120.255.000,"26 May, 2025","2 June, 2025"
3159947,2025,2025,BANK BTN,REI,tapak,JAMBI,KAB BUNGO,Bathin III,Manggis,L,SWASTA,5.412.920,PT CITRA NAE ZIDNI,CITRA RESIDENCE 2 (PENGEMBANGAN),36,108,166.000.000,180,5%,120.255.000,"26 May, 2025","2 June, 2025"
3159950,2025,2025,BANK BTN,REI,tapak,JAMBI,KAB BUNGO,Bathin III,Manggis,P,WIRASWASTA,6.000.000,PT CITRA NAE ZIDNI,CITRA RESIDENCE 2 (PENGEMBANGAN),36,108,166.000.000,180,5%,120.255.000,"26 May, 2025","2 June, 2025"
3159951,2025,2025,BANK BTN,REI,tapak,JAMBI,KAB BUNGO,Bathin III,Manggis,P,SWASTA,3.850.000,PT CITRA NAE ZIDNI,CITRA RESIDENCE 2 (PENGEMBANGAN),36,108,166.000.000,240,5%,120.255.000,"26 May, 2025","2 June, 2025"
3160072,2025,2025,BANK BTN,REI,tapak,JAMBI,KAB BUNGO,Rimbo Tengah,Sungai Mengkuang,L,SWASTA,5.600.000,PT KHOVIZ LANSKAP PROPERTI,PESSONA BUNGO RESIDENCE,36,108,166.000.000,180,5%,118.275.000,"27 May, 2025","2 June, 2025"
3161333,2025,2025,BANK BTN,REI,tapak,JAMBI,KAB BUNGO,Bathin III,Manggis,L,SWASTA,3.343.138,PT CITRA NAE ZIDNI,CITRA RESIDENCE 2,36,108,166.000.000,240,5%,120.255.000,"26 May, 2025","2 June, 2025"
3161336,2025,2025,BANK BTN,APERSI,tapak,JAMBI,KAB BUNGO,Rimbo Tengah,Sungai Mengkuang,P,WIRASWASTA,5.500.000,PT SINAR PENYELAMAT UMAT,AL KAUTSAR 7 PENGEMBANGAN,36,98,166.000.000,180,5%,120.255.000,"26 May, 2025","2 June, 2025"
3161340,2025,2025,BANK BTN,REI,tapak,JAMBI,KAB BUNGO,Bathin III,Manggis,P,SWASTA,4.000.000,PT CITRA NAE ZIDNI,GRIYA BAROKAH,36,108,166.000.000,180,5%,120.255.000,"26 May, 2025","2 June, 2025"
3161344,2025,2025,BANK BTN,REI,tapak,JAMBI,KAB BUNGO,Bathin III,Manggis,P,SWASTA,7.900.000,PT CITRA NAE ZIDNI,CITRA RESIDENCE 2,36,108,166.000.000,180,5%,120.255.000,"26 May, 2025","2 June, 2025"
3161347,2025,2025,BANK BTN,REI,tapak,JAMBI,KAB BUNGO,Bathin III,Manggis,L,SWASTA,4.658.000,PT CITRA NAE ZIDNI,CITRA RESIDENCE 2 (PENGEMBANGAN),36,108,166.000.000,216,5%,120.255.000,"26 May, 2025","2 June, 2025"
3161349,2025,2025,BANK BTN,APERSI,tapak,JAMBI,KAB BUNGO,Rimbo Tengah,Sungai Mengkuang,P,SWASTA,4.200.000,PT SINAR PENYELAMAT UMAT,AL KAUTSAR 7 PENGEMBANGAN,36,98,166.000.000,180,5%,120.255.000,"26 May, 2025","2 June, 2025"
3161418,2025,2025,BANK BTN,REI,tapak,JAMBI,KAB BUNGO,Rimbo Tengah,Pasir Putih,P,SWASTA,3.750.000,PT MITRA HARAPAN KENTJANA,GRAHA BUNGO KENTJANA TAHAP 2,36,91,162.000.000,192,5%,117.285.000,"27 May, 2025","2 June, 2025"
3161458,2025,2025,BANK BTN,APERSI,tapak,JAMBI,KAB BUNGO,Bathin III,Manggis,P,SWASTA,4.050.000,PT MITRA SENTOSA MANDIRI,SENTOSA RESIDENCE TAHAP II,36,108,162.000.000,162,5%,115.425.000,"27 May, 2025","2 June, 2025"
3161459,2025,2025,BANK BTN,APERSI,tapak,JAMBI,KAB BUNGO,Bathin III,Manggis,L,SWASTA,3.900.000,PT MITRA SENTOSA MANDIRI,SENTOSA RESIDENCE TAHAP II,36,108,162.000.000,240,5%,115.425.000,"27 May, 2025","2 June, 2025"
3161460,2025,2025,BANK BTN,APERSI,tapak,JAMBI,KAB BUNGO,Bathin III,Manggis,L,SWASTA,3.761.742,PT MITRA SENTOSA MANDIRI,SENTOSA RESIDENCE TAHAP II,36,108,162.000.000,180,5%,115.425.000,"27 May, 2025","2 June, 2025"
3161490,2025,2025,BANK BTN,REI,tapak,JAMBI,KAB BUNGO,Bathin III,Manggis,L,SWASTA,4.000.000,PT CITRA NAE ZIDNI,CITRA RESIDENCE 2 (PENGEMBANGAN),36,108,166.000.000,240,5%,120.255.000,"27 May, 2025","2 June, 2025"
3161522,2025,2025,BANK BTN,REI,tapak,JAMBI,KAB BUNGO,Rimbo Tengah,Sungai Mengkuang,P,SWASTA,5.650.000,PT KHOVIZ LANSKAP PROPERTI,PESSONA BUNGO RESIDENCE,36,108,166.000.000,180,5%,118.275.000,"27 May, 2025","2 June, 2025"
3161531,2025,2025,BANK BTN,APERSI,tapak,JAMBI,KAB BUNGO,Rimbo Tengah,Sungai Mengkuang,L,SWASTA,5.000.000,PT SINAR PENYELAMAT UMAT,AL KAUTSAR 7 PENGEMBANGAN,30,91,166.000.000,180,5%,120.255.000,"27 May, 2025","2 June, 2025"
3174549,2025,2025,BANK BNI,REI,tapak,JAMBI,KAB BUNGO,Bathin III,Manggis,P,WIRASWASTA,5.000.000,PT CITRA NAE ZIDNI,CITRA RESIDENCE 2 (PENGEMBANGAN),36,108,166.000.000,180,5%,120.255.000,"27 May, 2025","4 June, 2025"
3174550,2025,2025,BANK BNI,APERSI,tapak,JAMBI,KAB BUNGO,Rimbo Tengah,Sungai Mengkuang,L,WIRASWASTA,3.500.000,PT GRIYA MULYA LESTARI,GRIYA DAKSINAPATI ASRI,36,104,166.000.000,180,5%,118.275.000,"27 May, 2025","4 June, 2025"
3176600,2025,2025,BANK BTN,REI,tapak,JAMBI,KAB BUNGO,Rimbo Tengah,Sungai Mengkuang,P,SWASTA,3.800.000,PT BERKAH CIPTA PERKASA,AL MADINAH 2,36,108,166.000.000,240,5%,120.255.000,"3 June, 2025","5 June, 2025"
3178271,2025,2025,BANK BTN,REI,tapak,JAMBI,KAB BUNGO,Bathin III,Manggis,L,SWASTA,5.640.944,PT CITRA NAE ZIDNI,CITRA RESIDENCE 2 (PENGEMBANGAN),36,108,166.000.000,180,5%,120.254.550,"2 June, 2025","11 June, 2025"
3178321,2025,2025,BANK BTN,REI,tapak,JAMBI,KAB BUNGO,Bathin III,Bungo Taman Agung,P,SWASTA,3.600.000,PT BUNGO GRAHA INDAH,GRAHA NUSA INDAH 2,36,108,160.000.000,240,5%,114.000.000,"4 June, 2025","11 June, 2025"
3178329,2025,2025,BANK BTN,REI,tapak,JAMBI,KAB BUNGO,Bathin III,Bungo Taman Agung,L,SWASTA,3.500.000,PT BUNGO GRAHA INDAH,GRAHA NUSA INDAH 2,36,108,160.000.000,240,5%,114.000.000,"4 June, 2025","11 June, 2025"
3178330,2025,2025,BANK BTN,REI,tapak,JAMBI,KAB BUNGO,Bathin III,Bungo Taman Agung,L,WIRASWASTA,7.350.000,PT BUNGO GRAHA INDAH,GRAHA NUSA INDAH 2,36,108,160.000.000,96,5%,114.000.000,"4 June, 2025","11 June, 2025"
3178959,2025,2025,BANK BNI,APERSI,tapak,JAMBI,KAB BUNGO,Rimbo Tengah,Sungai Mengkuang,P,SWASTA,3.438.500,PT SINAR PENYELAMAT UMAT,AL-KAUTSAR 7 PENGEMBANGAN,36,98,166.000.000,180,5%,120.000.000,"5 June, 2025","10 June, 2025"
3179295,2025,2025,BANK BTN,REI,tapak,JAMBI,KAB BUNGO,Bathin III,Manggis,L,SWASTA,4.000.000,PT CITRA NAE ZIDNI,CITRA RESIDENCE 2 (PENGEMBANGAN),36,108,166.000.000,180,5%,120.255.000,"3 June, 2025","11 June, 2025"
3180738,2025,2025,BANK BTN,APERSI,tapak,JAMBI,KAB BUNGO,Rimbo Tengah,Sungai Mengkuang,P,SWASTA,4.500.000,PT AMARDHIKA TUJUH LANGIT,LANGIT RESIDENCE,36,120,162.000.000,240,5%,117.285.000,"5 June, 2025","13 June, 2025"
3180743,2025,2025,BANK BTN,APERSI,tapak,JAMBI,KAB BUNGO,Rimbo Tengah,Sungai Mengkuang,L,SWASTA,3.935.000,PT AMARDHIKA TUJUH LANGIT,LANGIT RESIDENCE,36,120,162.000.000,210,5%,117.285.000,"5 June, 2025","13 June, 2025"
3182175,2025,2025,BANK BTN,APERSI,tapak,JAMBI,KAB BUNGO,Bathin III,Bungo Taman Agung,P,SWASTA,3.500.000,PT JAYA BAKTI PERMATA SARI,PURWOBAKTI INDAH DUO,36,200,150.500.000,240,5%,102.000.000,"11 June, 2025","16 June, 2025"
3182176,2025,2025,BANK BTN,APERSI,tapak,JAMBI,KAB BUNGO,Rimbo Tengah,Sungai Mengkuang,P,SWASTA,4.839.000,PT GRIYA MULYA LESTARI,GRIYA DAKSINAPATI ASRI,36,104,166.000.000,180,5%,118.275.000,"11 June, 2025","16 June, 2025"
3182942,2025,2025,BANK BNI,REI,tapak,JAMBI,KAB BUNGO,Bathin III,Manggis,P,LAINNYA,6.594.507,PT CITRA NAE ZIDNI,CITRA RESIDENCE 2 (PENGEMBANGAN),36,108,166.000.000,180,5%,120.255.000,"10 June, 2025","16 June, 2025"
3182965,2025,2025,BANK BNI,REI,tapak,JAMBI,KAB BUNGO,Bathin III,Manggis,P,LAINNYA,3.420.666,PT CITRA NAE ZIDNI,CITRA RESIDENCE 2 (PENGEMBANGAN),36,144,166.000.000,180,5%,120.255.000,"11 June, 2025","16 June, 2025"
3183190,2025,2025,BANK BTN,APERSI,tapak,JAMBI,KAB BUNGO,Batin II Babeko,Tanjung Menanti,P,SWASTA,4.135.191,PT Nusantara Agung Property,TROPIKANA RESIDENCE,36,117,162.000.000,180,5%,115.425.000,"12 June, 2025","16 June, 2025"
3183309,2025,2025,BANK BTN,APERSI,tapak,JAMBI,KAB BUNGO,Batin II Babeko,Tanjung Menanti,P,SWASTA,4.904.000,PT Nusantara Agung Property,TROPIKANA RESIDENCE,36,117,162.000.000,240,5%,115.425.000,"12 June, 2025","16 June, 2025"
3183348,2025,2025,BANK BTN,REI,tapak,JAMBI,KAB BUNGO,Rimbo Tengah,Cadika,P,SWASTA,4.983.000,PT BERKAH CIPTA PERKASA,ZAM ZAM RESIDENCE,36,96,166.000.000,180,5%,120.255.000,"13 June, 2025","16 June, 2025"
3183350,2025,2025,BANK BTN,REI,tapak,JAMBI,KAB BUNGO,Rimbo Tengah,Pasir Putih,P,SWASTA,5.033.000,PT MARGA MULYA INDAH ASRI,MULIA INDAH ASRI 2,36,84,150.500.000,180,5%,107.231.250,"13 June, 2025","16 June, 2025"
3185664,2025,2025,BANK BTN,REI,tapak,JAMBI,KAB BUNGO,Bathin III,Manggis,L,SWASTA,4.480.000,PT CIPTA JAYA EWISA,BUNGO CIPTA GRAHA 5,36,108,166.000.000,240,5%,118.275.000,"16 June, 2025","18 June, 2025"
3185665,2025,2025,BANK BTN,REI,tapak,JAMBI,KAB BUNGO,Bathin III,Manggis,L,SWASTA,6.683.000,PT CIPTA JAYA EWISA,BUNGO CIPTA GRAHA 5,36,108,166.000.000,192,5%,118.275.000,"16 June, 2025","18 June, 2025"
3185699,2025,2025,BANK BTN,REI,tapak,JAMBI,KAB BUNGO,Rimbo Tengah,Cadika,P,SWASTA,3.700.000,PT BERKAH CIPTA PERKASA,ZAM ZAM RESIDENCE,36,96,162.000.000,192,5%,117.285.000,"17 June, 2025","18 June, 2025"
3186333,2025,2025,BANK BTN,REI,tapak,JAMBI,KAB BUNGO,Bathin III,Manggis,L,PNS,9.212.700,PT BUNGO BATHIN DAMAI,TAMAN CENDANA,36,143,162.000.000,180,5%,115.387.500,"17 June, 2025","19 June, 2025"
3186452,2025,2025,BANK BTN,APERSI,tapak,JAMBI,KAB BUNGO,Rimbo Tengah,Sungai Mengkuang,L,SWASTA,4.700.000,PT SINAR PENYELAMAT UMAT,AL KAUTSAR 7 PENGEMBANGAN,36,98,166.000.000,180,5%,120.255.000,"17 June, 2025","19 June, 2025"
3186456,2025,2025,BANK BTN,APERSI,tapak,JAMBI,KAB BUNGO,Rimbo Tengah,Sungai Mengkuang,L,SWASTA,4.385.497,PT SINAR PENYELAMAT UMAT,AL KAUTSAR 7 PENGEMBANGAN,36,98,166.000.000,240,5%,120.255.000,"17 June, 2025","19 June, 2025"
3186468,2025,2025,BANK BTN,REI,tapak,JAMBI,KAB BUNGO,Bathin III,Manggis,P,PNS,5.062.000,PT CITRA NAE ZIDNI,CITRA RESIDENCE 2 (PENGEMBANGAN),36,108,166.000.000,180,5%,120.255.000,"17 June, 2025","19 June, 2025"
3190442,2025,2025,BANK BNI,REI,tapak,JAMBI,KAB BUNGO,Bathin III,Manggis,L,LAINNYA,6.037.021,PT CITRA NAE ZIDNI,CITRA RESIDENCE 2 (PENGEMBANGAN),36,108,166.000.000,180,5%,120.255.000,"13 June, 2025","20 June, 2025"
3190455,2025,2025,BANK BNI,REI,tapak,JAMBI,KAB BUNGO,Bathin III,Manggis,L,LAINNYA,4.800.000,PT CITRA NAE ZIDNI,CITRA RESIDENCE 2 (PENGEMBANGAN),36,108,166.000.000,180,5%,120.255.000,"13 June, 2025","20 June, 2025"
3190457,2025,2025,BANK BNI,REI,tapak,JAMBI,KAB BUNGO,Bathin III,Manggis,P,LAINNYA,5.000.000,PT CITRA NAE ZIDNI,CITRA RESIDENCE 2 PENGEMBANGAN,36,108,166.000.000,180,5%,120.255.000,"13 June, 2025","20 June, 2025"
3190477,2025,2025,BANK BNI,APERSI,tapak,JAMBI,KAB BUNGO,Rimbo Tengah,Sungai Mengkuang,L,SWASTA,3.500.000,PT GRIYA MULYA LESTARI,GRIYA DAKSINAPATI ASRI,36,104,166.000.000,180,5%,118.275.000,"16 June, 2025","20 June, 2025"
3190478,2025,2025,BANK BNI,APERSI,tapak,JAMBI,KAB BUNGO,Rimbo Tengah,Sungai Mengkuang,P,LAINNYA,3.800.000,PT GRIYA MULYA LESTARI,GRIYA DAKSINAPATI ASRI,36,104,166.000.000,180,5%,118.275.000,"16 June, 2025","20 June, 2025"
3190486,2025,2025,BANK BNI,APERSI,tapak,JAMBI,KAB BUNGO,Rimbo Tengah,Sungai Mengkuang,L,SWASTA,4.300.000,PT GRIYA MULYA LESTARI,GRIYA DAKSINAPATI ASRI,36,104,166.000.000,180,5%,118.275.000,"16 June, 2025","20 June, 2025"
3190509,2025,2025,BANK BNI,APERSI,tapak,JAMBI,KAB BUNGO,Rimbo Tengah,Sungai Mengkuang,P,LAINNYA,5.011.602,PT GRIYA MULYA LESTARI,GRIYA DAKSINAPATI ASRI,36,104,166.000.000,240,5%,118.275.000,"17 June, 2025","20 June, 2025"
3190524,2025,2025,BANK BNI,APERSI,tapak,JAMBI,KAB BUNGO,Rimbo Tengah,Sungai Mengkuang,L,LAINNYA,5.500.000,PT GRIYA MULYA LESTARI,GRIYA DAKSINAPATI ASRI,36,104,166.000.000,120,5%,118.275.000,"18 June, 2025","20 June, 2025"
3190913,2025,2025,BANK BTN,REI,tapak,JAMBI,KAB BUNGO,Batin II Babeko,Tanjung Menanti,L,WIRASWASTA,5.000.000,PT PETRA CIPTA UTAMA,GREEN PETRA 2,36,108,166.000.000,240,5%,118.500.000,"18 June, 2025","20 June, 2025"
3192170,2025,2025,BANK BTN,APERSI,tapak,JAMBI,KAB BUNGO,Bathin III,Manggis,L,SWASTA,4.000.000,PT MITRA SENTOSA MANDIRI,SENTOSA RESIDENCE TAHAP II,36,108,162.000.000,180,5%,115.425.000,"19 June, 2025","24 June, 2025"
3193462,2025,2025,BANK BTN,REI,tapak,JAMBI,KAB BUNGO,Rimbo Tengah,Cadika,L,TNI/POLRI,6.580.300,PT BERKAH CIPTA PERKASA,ZAM ZAM RESIDENCE,36,96,166.000.000,240,5%,111.225.000,"20 June, 2025","24 June, 2025"
3194899,2025,2025,BANK BTN,APERSI,tapak,JAMBI,KAB BUNGO,Bathin III,Manggis,P,WIRASWASTA,3.800.000,PT MITRA SENTOSA MANDIRI,SENTOSA RESIDENCE TAHAP II,36,108,162.000.000,240,5%,115.425.000,"19 June, 2025","24 June, 2025"
3194902,2025,2025,BANK BTN,APERSI,tapak,JAMBI,KAB BUNGO,Bathin III,Manggis,L,SWASTA,5.000.000,PT MITRA SENTOSA MANDIRI,SENTOSA RESIDENCE TAHAP II,36,108,162.000.000,180,5%,115.425.000,"19 June, 2025","24 June, 2025"
3195024,2025,2025,BANK BTN,REI,tapak,JAMBI,KAB BUNGO,Bathin III,Manggis,L,SWASTA,5.960.000,PT CITRA NAE ZIDNI,CITRA RESIDENCE 2 (PENGEMBANGAN),36,108,166.000.000,240,5%,120.254.550,"20 June, 2025","24 June, 2025"
3195096,2025,2025,BANK BTN,REI,tapak,JAMBI,KAB BUNGO,Rimbo Tengah,Sungai Mengkuang,L,SWASTA,4.150.000,PT BERKAH CIPTA PERKASA,AL MADINAH 2,36,108,166.000.000,240,5%,120.255.000,"20 June, 2025","24 June, 2025"
3196496,2025,2025,BANK BTN,REI,tapak,JAMBI,KAB BUNGO,Jujuhan,Sirih Sekapur,L,SWASTA,7.640.522,PT CAHAYA BINTANG FENDRA,ARSENAL RESIDENCE,36,117,162.000.000,180,5%,115.425.000,"23 June, 2025","25 June, 2025"
3196634,2025,2025,BANK BTN,REI,tapak,JAMBI,KAB BUNGO,Jujuhan,Sirih Sekapur,L,SWASTA,5.252.811,PT CAHAYA BINTANG FENDRA,ARSENAL RESIDENCE,36,117,162.000.000,240,5%,115.425.000,"23 June, 2025","25 June, 2025"
3196678,2025,2025,BANK BTN,REI,tapak,JAMBI,KAB BUNGO,Rimbo Tengah,Cadika,P,SWASTA,5.100.000,PT DEFANA PERMATA GROUP,BUNGO ANUGRAH RESIDENCE,36,108,166.000.000,240,5%,118.275.000,"24 June, 2025","25 June, 2025"
3196721,2025,2025,BANK BTN,REI,tapak,JAMBI,KAB BUNGO,Rimbo Tengah,Sungai Mengkuang,P,PNS,6.919.628,PT KHOVIZ LANSKAP PROPERTI,PESSONA BUNGO RESIDENCE,36,108,166.000.000,144,5%,118.275.000,"24 June, 2025","25 June, 2025"
3196722,2025,2025,BANK BTN,REI,tapak,JAMBI,KAB BUNGO,Rimbo Tengah,Sungai Mengkuang,L,SWASTA,3.199.000,PT KHOVIZ LANSKAP PROPERTI,PESSONA BUNGO RESIDENCE,36,120,166.000.000,240,5%,118.275.000,"24 June, 2025","25 June, 2025"
3199294,2025,2025,BANK BTN,APERSI,tapak,JAMBI,KAB BUNGO,Rimbo Tengah,Sungai Mengkuang,L,SWASTA,6.000.000,PT AMARDHIKA TUJUH LANGIT,LANGIT RESIDENCE,36,120,162.000.000,180,5%,117.285.000,"25 June, 2025","30 June, 2025"
3199295,2025,2025,BANK BTN,APERSI,tapak,JAMBI,KAB BUNGO,Rimbo Tengah,Sungai Mengkuang,L,SWASTA,5.782.469,PT AMARDHIKA TUJUH LANGIT,LANGIT RESIDENCE,36,120,162.000.000,180,5%,117.285.000,"25 June, 2025","30 June, 2025"
3199339,2025,2025,BANK BTN,APERSI,tapak,JAMBI,KAB BUNGO,Bathin III,Sungai Binjai,L,SWASTA,4.000.000,PT CHYNTA AZZUHRA SEJAHTERA,SKB RESIDENCE,36,115,162.000.000,180,5%,115.425.000,"25 June, 2025","30 June, 2025"
3199369,2025,2025,BANK BTN,APERSI,tapak,JAMBI,KAB BUNGO,Bathin III,Sungai Binjai,P,SWASTA,3.150.000,PT CHYNTA AZZUHRA SEJAHTERA,SKB RESIDENCE,36,113,162.000.000,240,5%,115.425.000,"25 June, 2025","30 June, 2025"
3200611,2025,2025,BANK BTN,REI,tapak,JAMBI,KAB BUNGO,Bathin III,Manggis,L,SWASTA,4.488.551,PT CIPTA JAYA EWISA,BUNGO CIPTA GRAHA 5,36,108,166.000.000,180,5%,118.275.000,"25 June, 2025","30 June, 2025"
3200614,2025,2025,BANK BTN,REI,tapak,JAMBI,KAB BUNGO,Bathin III,Manggis,P,SWASTA,5.127.333,PT CITRA NAE ZIDNI,CITRA RESIDENCE 2 (PENGEMBANGAN),36,108,166.000.000,240,5%,120.255.000,"25 June, 2025","30 June, 2025"
3200650,2025,2025,BANK BTN,REI,tapak,JAMBI,KAB BUNGO,Bungo Dani,Talang Pantai,L,SWASTA,6.284.003,PT ANUGERAH REZEKI BERSAUDARA MADANI,BUNGO DANI RESIDENCE 3,36,107,162.000.000,96,5%,115.387.500,"25 June, 2025","30 June, 2025"
3200658,2025,2025,BANK BTN,APERSI,tapak,JAMBI,KAB BUNGO,Rimbo Tengah,Sungai Mengkuang,L,SWASTA,4.700.000,PT SINAR PENYELAMAT UMAT,AL KAUTSAR RESIDENCE 8,30,90,140.000.000,240,5%,100.500.000,"25 June, 2025","30 June, 2025"
3200659,2025,2025,BANK BTN,APERSI,tapak,JAMBI,KAB BUNGO,Rimbo Tengah,Sungai Mengkuang,P,SWASTA,7.738.497,PT SINAR PENYELAMAT UMAT,AL KAUTSAR RESIDENCE 8,30,90,140.000.000,240,5%,100.500.000,"25 June, 2025","30 June, 2025"
3200663,2025,2025,BANK BTN,APERSI,tapak,JAMBI,KAB BUNGO,Rimbo Tengah,Sungai Mengkuang,L,SWASTA,4.500.000,PT SINAR PENYELAMAT UMAT,AL KAUTSAR RESIDENCE 8,30,90,140.000.000,180,5%,100.500.000,"25 June, 2025","30 June, 2025"
3200664,2025,2025,BANK BTN,APERSI,tapak,JAMBI,KAB BUNGO,Rimbo Tengah,Sungai Mengkuang,L,SWASTA,5.385.000,PT SINAR PENYELAMAT UMAT,AL KAUTSAR RESIDENCE 8,30,90,140.000.000,240,5%,100.500.000,"25 June, 2025","30 June, 2025"
3200669,2025,2025,BANK BTN,APERSI,tapak,JAMBI,KAB BUNGO,Rimbo Tengah,Sungai Mengkuang,L,SWASTA,5.406.000,PT SINAR PENYELAMAT UMAT,AL KAUTSAR RESIDENCE 8,30,90,140.000.000,180,5%,100.500.000,"25 June, 2025","30 June, 2025"
3200671,2025,2025,BANK BTN,APERSI,tapak,JAMBI,KAB BUNGO,Rimbo Tengah,Sungai Mengkuang,P,SWASTA,5.000.000,PT SINAR PENYELAMAT UMAT,AL KAUTSAR RESIDENCE 8,30,90,140.000.000,180,5%,100.500.000,"25 June, 2025","30 June, 2025"
3200672,2025,2025,BANK BTN,APERSI,tapak,JAMBI,KAB BUNGO,Rimbo Tengah,Sungai Mengkuang,L,SWASTA,5.193.000,PT SINAR PENYELAMAT UMAT,AL KAUTSAR RESIDENCE 8,30,90,140.000.000,180,5%,100.500.000,"25 June, 2025","30 June, 2025"
3200673,2025,2025,BANK BTN,APERSI,tapak,JAMBI,KAB BUNGO,Rimbo Tengah,Sungai Mengkuang,L,SWASTA,3.200.000,PT SINAR PENYELAMAT UMAT,AL KAUTSAR RESIDENCE 8,30,90,140.000.000,240,5%,100.500.000,"25 June, 2025","30 June, 2025"
3215612,2025,2025,BANK BTN,REI,tapak,JAMBI,KAB BUNGO,Bathin III,Manggis,P,WIRASWASTA,7.500.000,PT CITRA NAE ZIDNI,CITRA RESIDENCE 2 (PENGEMBANGAN),36,108,166.000.000,120,5%,120.255.000,"30 June, 2025","2 July, 2025"
3215765,2025,2025,BANK BNI,APERSI,tapak,JAMBI,KAB BUNGO,Rimbo Tengah,Sungai Mengkuang,L,LAINNYA,6.286.155,PT GRIYA MULYA LESTARI,GRIYA DAKSINAPATI ASRI,36,104,166.000.000,180,5%,118.275.000,"30 June, 2025","2 July, 2025"
3215797,2025,2025,BANK BNI,APERSI,tapak,JAMBI,KAB BUNGO,Rimbo Tengah,Sungai Mengkuang,L,SWASTA,3.100.000,PT GRIYA MULYA LESTARI,GRIYA DAKSINAPATI ASRI,36,104,166.000.000,180,5%,118.275.000,"30 June, 2025","2 July, 2025"
3220743,2025,2025,BANK BTN,REI,tapak,JAMBI,KAB BUNGO,Rimbo Tengah,Cadika,P,WIRASWASTA,4.500.000,PT BERKAH CIPTA PERKASA,ZAM ZAM RESIDENCE,36,96,166.000.000,240,5%,120.255.000,"3 July, 2025","4 July, 2025"
3221534,2025,2025,BANK BNI,APERSI,tapak,JAMBI,KAB BUNGO,Rimbo Tengah,Sungai Mengkuang,L,LAINNYA,4.400.000,PT GRIYA MULYA LESTARI,GRIYA DAKSINAPATI ASRI,36,104,166.000.000,180,5%,118.275.000,"2 July, 2025","4 July, 2025"
3221535,2025,2025,BANK BNI,APERSI,tapak,JAMBI,KAB BUNGO,Rimbo Tengah,Sungai Mengkuang,L,LAINNYA,4.400.000,PT GRIYA MULYA LESTARI,GRIYA DAKSINAPATI ASRI,36,104,166.000.000,180,5%,118.275.000,"2 July, 2025","4 July, 2025"
3223037,2025,2025,BANK BTN,APERSI,tapak,JAMBI,KAB BUNGO,Rimbo Tengah,Sungai Mengkuang,L,SWASTA,4.975.000,PT SINAR PENYELAMAT UMAT,AL KAUTSAR RESIDENCE 8,30,90,140.000.000,180,5%,100.500.000,"3 July, 2025","8 July, 2025"
3223051,2025,2025,BANK BTN,APERSI,tapak,JAMBI,KAB BUNGO,Rimbo Tengah,Sungai Mengkuang,L,SWASTA,6.035.000,PT SINAR PENYELAMAT UMAT,AL KAUTSAR RESIDENCE 8,36,105,166.000.000,198,5%,120.255.000,"3 July, 2025","8 July, 2025"
3224520,2025,2025,BANK BNI,REI,tapak,JAMBI,KAB BUNGO,Bathin III,Manggis,L,LAINNYA,2.980.254,PT CITRA NAE ZIDNI,CITRA RESIDENCE 2 (PENGEMBANGAN),36,108,166.000.000,180,5%,120.255.000,"4 July, 2025","8 July, 2025"
3226082,2025,2025,BANK BTN,APERSI,tapak,JAMBI,KAB BUNGO,Pasar Muaro Bungo,Jaya Setia,L,SWASTA,4.050.000,PT UNO RESIDENCE PROPERTY,UNO RESIDENCE,36,108,166.000.000,180,5%,120.255.000,"8 July, 2025","10 July, 2025"
3226177,2025,2025,BANK BTN,APERSI,tapak,JAMBI,KAB BUNGO,Rimbo Tengah,Sungai Mengkuang,L,SWASTA,5.232.717,PT SINAR PENYELAMAT UMAT,AL KAUTSAR 7 PENGEMBANGAN,36,98,166.000.000,240,5%,120.255.000,"8 July, 2025","10 July, 2025"
3226212,2025,2025,BANK BTN,REI,tapak,JAMBI,KAB BUNGO,Rimbo Tengah,Pasir Putih,L,SWASTA,4.200.000,PT MARGA MULYA INDAH ASRI,MULIA INDAH ASRI 2,36,84,150.500.000,240,5%,107.231.250,"9 July, 2025","10 July, 2025"
3227336,2025,2025,BANK BTN,REI,tapak,JAMBI,KAB BUNGO,Bathin III,Manggis,L,WIRASWASTA,8.000.000,PT BUNGO BATHIN DAMAI,TAMAN CENDANA,36,108,162.000.000,180,5%,115.387.500,"9 July, 2025","16 July, 2025"
3227410,2025,2025,BANK BTN,APERSI,tapak,JAMBI,KAB BUNGO,Rimbo Tengah,Sungai Mengkuang,L,WIRASWASTA,5.000.000,PT SINAR PENYELAMAT UMAT,AL KAUTSAR RESIDENCE 8,30,90,140.000.000,240,5%,100.500.000,"9 July, 2025","16 July, 2025"
3227412,2025,2025,BANK BTN,APERSI,tapak,JAMBI,KAB BUNGO,Pasar Muaro Bungo,Jaya Setia,L,SWASTA,8.486.333,PT UNO RESIDENCE PROPERTY,UNO RESIDENCE,36,111,166.000.000,180,5%,120.255.000,"9 July, 2025","16 July, 2025"
3227415,2025,2025,BANK BTN,APERSI,tapak,JAMBI,KAB BUNGO,Rimbo Tengah,Sungai Mengkuang,L,WIRASWASTA,9.340.000,PT SINAR PENYELAMAT UMAT,AL KAUTSAR RESIDENCE 8,36,90,140.000.000,240,5%,100.500.000,"9 July, 2025","16 July, 2025"
3227421,2025,2025,BANK BTN,APERSI,tapak,JAMBI,KAB BUNGO,Rimbo Tengah,Sungai Mengkuang,P,SWASTA,4.594.100,PT SINAR PENYELAMAT UMAT,AL KAUTSAR RESIDENCE 8,30,90,140.000.000,180,5%,100.500.000,"9 July, 2025","16 July, 2025"
3227439,2025,2025,BANK BTN,APERSI,tapak,JAMBI,KAB BUNGO,Rimbo Tengah,Sungai Mengkuang,P,SWASTA,3.950.000,PT SINAR PENYELAMAT UMAT,AL KAUTSAR RESIDENCE 8,30,90,140.000.000,240,5%,100.500.000,"9 July, 2025","16 July, 2025"
3227442,2025,2025,BANK BTN,APERSI,tapak,JAMBI,KAB BUNGO,Rimbo Tengah,Sungai Mengkuang,L,SWASTA,4.200.000,PT SINAR PENYELAMAT UMAT,AL KAUTSAR RESIDENCE 8,30,90,140.000.000,240,5%,100.500.000,"9 July, 2025","16 July, 2025"
3227443,2025,2025,BANK BTN,APERSI,tapak,JAMBI,KAB BUNGO,Rimbo Tengah,Sungai Mengkuang,P,SWASTA,4.597.441,PT SINAR PENYELAMAT UMAT,AL KAUTSAR RESIDENCE 8,36,90,140.000.000,180,5%,100.500.000,"9 July, 2025","16 July, 2025"
3228303,2025,2025,BANK BNI,REI,tapak,JAMBI,KAB BUNGO,Bathin III,Manggis,L,LAINNYA,4.421.040,PT CITRA NAE ZIDNI,CITRA RESIDENCE 2 (PENGEMBANGAN),36,108,166.000.000,180,5%,120.255.000,"9 July, 2025","14 July, 2025"
3228315,2025,2025,BANK BNI,APERSI,tapak,JAMBI,KAB BUNGO,Pasar Muaro Bungo,Jaya Setia,L,WIRASWASTA,4.266.727,PT UNO RESIDANCE PROPERTY,UNO RESIDENCE,36,108,166.000.000,120,5%,120.255.000,"10 July, 2025","14 July, 2025"
3228321,2025,2025,BANK BNI,APERSI,tapak,JAMBI,KAB BUNGO,Pasar Muaro Bungo,Jaya Setia,L,WIRASWASTA,7.000.000,PT UNO RESIDENCE PROPERTY,UNO RESIDENCE,36,108,166.000.000,180,5%,120.255.000,"10 July, 2025","14 July, 2025"
3228322,2025,2025,BANK BNI,APERSI,tapak,JAMBI,KAB BUNGO,Pasar Muaro Bungo,Jaya Setia,L,WIRASWASTA,7.000.000,PT UNO RESIDENCE PROPERTY,UNO RESIDENCE,36,108,166.000.000,180,5%,120.255.000,"10 July, 2025","14 July, 2025"
3231456,2025,2025,BANK BTN,REI,tapak,JAMBI,KAB BUNGO,Bathin III,Manggis,P,WIRASWASTA,3.931.000,PT CIPTA JAYA EWISA,BUNGO CIPTA GRAHA 6,36,108,166.000.000,240,5%,118.275.000,"11 July, 2025","16 July, 2025"
3231814,2025,2025,BANK BTN,REI,tapak,JAMBI,KAB BUNGO,Bathin III,Manggis,L,SWASTA,5.087.372,PT CIPTA JAYA EWISA,BUNGO CIPTA GRAHA 6,36,108,166.000.000,180,5%,118.275.000,"11 July, 2025","16 July, 2025"
3233097,2025,2025,BANK BTN,REI,tapak,JAMBI,KAB BUNGO,Batin II Babeko,Tanjung Menanti,P,SWASTA,5.830.000,PT PETRA CIPTA UTAMA,GREEN PETRA 2,36,108,166.000.000,240,5%,118.500.000,"15 July, 2025","18 July, 2025"
3234545,2025,2025,BANK BNI,APERSI,tapak,JAMBI,KAB BUNGO,Pasar Muaro Bungo,Jaya Setia,L,LAINNYA,4.000.000,PT UNO RESIDENCE PROPERTY,UNO RESIDENCE,36,108,166.000.000,180,5%,120.255.000,"11 July, 2025","18 July, 2025"
3235179,2025,2025,BANK BTN,APERSI,tapak,JAMBI,KAB BUNGO,Pasar Muaro Bungo,Jaya Setia,P,SWASTA,4.500.000,PT UNO RESIDENCE PROPERTY,UNO RESIDENCE,36,108,166.000.000,180,5%,120.255.000,"15 July, 2025","18 July, 2025"
3235226,2025,2025,BANK BTN,APERSI,tapak,JAMBI,KAB BUNGO,Rimbo Tengah,Sungai Mengkuang,L,SWASTA,4.466.502,PT SINAR PENYELAMAT UMAT,AL KAUTSAR 7 PENGEMBANGAN,36,105,166.000.000,180,5%,120.255.000,"16 July, 2025","18 July, 2025"
3235250,2025,2025,BANK BTN,REI,tapak,JAMBI,KAB BUNGO,Rimbo Tengah,Cadika,P,SWASTA,4.300.000,PT DEFANA PERMATA GROUP,BUNGO ANUGRAH RESIDENCE,36,108,166.000.000,132,5%,106.275.000,"16 July, 2025","18 July, 2025"
3235265,2025,2025,BANK BTN,APERSI,tapak,JAMBI,KAB BUNGO,Bathin III,Manggis,L,SWASTA,5.722.612,PT MITRA SENTOSA MANDIRI,SENTOSA RESIDENCE TAHAP II,36,108,162.000.000,180,5%,115.425.000,"16 July, 2025","18 July, 2025"
3235266,2025,2025,BANK BTN,APERSI,tapak,JAMBI,KAB BUNGO,Bathin III,Manggis,P,SWASTA,4.200.000,PT MITRA SENTOSA MANDIRI,SENTOSA RESIDENCE TAHAP II,36,108,162.000.000,180,5%,115.425.000,"16 July, 2025","18 July, 2025"
3235268,2025,2025,BANK BTN,APERSI,tapak,JAMBI,KAB BUNGO,Bathin III,Manggis,L,SWASTA,3.700.000,PT MITRA SENTOSA MANDIRI,SENTOSA RESIDENCE TAHAP II,36,108,162.000.000,180,5%,115.425.000,"16 July, 2025","18 July, 2025"
3235277,2025,2025,BANK BTN,REI,tapak,JAMBI,KAB BUNGO,Bathin III,Bungo Taman Agung,P,SWASTA,4.369.000,PT BUNGO GRAHA INDAH,GRAHA NUSA INDAH 2,36,108,160.000.000,180,5%,114.000.000,"16 July, 2025","18 July, 2025"
3235278,2025,2025,BANK BTN,REI,tapak,JAMBI,KAB BUNGO,Bathin III,Bungo Taman Agung,P,SWASTA,3.500.000,PT BUNGO GRAHA INDAH,GRAHA NUSA INDAH 2,36,108,160.000.000,240,5%,114.000.000,"16 July, 2025","18 July, 2025"
3235279,2025,2025,BANK BTN,REI,tapak,JAMBI,KAB BUNGO,Bathin III,Bungo Taman Agung,L,WIRASWASTA,6.500.000,PT BUNGO GRAHA INDAH,GRAHA NUSA INDAH 2,36,116,160.000.000,192,5%,114.000.000,"16 July, 2025","18 July, 2025"
3235280,2025,2025,BANK BTN,REI,tapak,JAMBI,KAB BUNGO,Bathin III,Bungo Taman Agung,L,PNS,6.351.600,PT BUNGO GRAHA INDAH,GRAHA NUSA INDAH 2,36,108,160.000.000,84,5%,102.750.000,"16 July, 2025","18 July, 2025"
3236457,2025,2025,BANK BTN,APERSI,tapak,JAMBI,KAB BUNGO,Bathin III,Manggis,P,SWASTA,3.900.000,PT MITRA SENTOSA MANDIRI,SENTOSA RESIDENCE TAHAP II,36,108,162.000.000,180,5%,115.425.000,"17 July, 2025","22 July, 2025"
3236462,2025,2025,BANK BTN,APERSI,tapak,JAMBI,KAB BUNGO,Rimbo Tengah,Sungai Mengkuang,L,SWASTA,4.500.000,PT SINAR PENYELAMAT UMAT,AL KAUTSAR RESIDENCE 8,30,90,140.000.000,228,5%,100.500.000,"17 July, 2025","22 July, 2025"
3240584,2025,2025,BANK BNI,APERSI,tapak,JAMBI,KAB BUNGO,Pasar Muaro Bungo,Jaya Setia,L,LAINNYA,4.628.733,PT UNO RESIDENCE PROPERTY,UNO RESIDENCE,36,108,166.000.000,180,5%,120.255.000,"17 July, 2025","23 July, 2025"
3240615,2025,2025,BANK BNI,REI,tapak,JAMBI,KAB BUNGO,Bathin III,Manggis,P,WIRASWASTA,5.000.000,PT CITRA NAE ZIDNI,CITRA RESIDENCE 2 (PENGEMBANGAN),36,108,166.000.000,180,5%,120.255.000,"18 July, 2025","23 July, 2025"
3240616,2025,2025,BANK BNI,REI,tapak,JAMBI,KAB BUNGO,Bungo Dani,Talang Pantai,P,LAINNYA,7.880.600,PT PERMATA REAL ESTATE,PERMATA SEI KERJAN,36,135,166.000.000,120,5%,120.255.000,"18 July, 2025","23 July, 2025"
3241553,2025,2025,BANK BTN,REI,tapak,JAMBI,KAB BUNGO,Bathin III,Manggis,P,SWASTA,4.600.000,PT CITRA NAE ZIDNI,CITRA RESIDENCE 2 (PENGEMBANGAN),36,108,166.000.000,240,5%,120.255.000,"18 July, 2025","23 July, 2025"
3241593,2025,2025,BANK BTN,REI,tapak,JAMBI,KAB BUNGO,Rimbo Tengah,Pasir Putih,P,PNS,5.700.000,PT MITRA HARAPAN KENTJANA,GRAHA BUNGO KENTJANA TAHAP 2,36,91,166.000.000,240,5%,120.255.000,"18 July, 2025","23 July, 2025"
3241597,2025,2025,BANK BTN,REI,tapak,JAMBI,KAB BUNGO,Bathin III,Manggis,P,SWASTA,5.086.000,PT CITRA NAE ZIDNI,CITRA RESIDENCE 2 (PENGEMBANGAN),36,108,166.000.000,240,5%,120.255.000,"18 July, 2025","23 July, 2025"
3241658,2025,2025,BANK BTN,APERSI,tapak,JAMBI,KAB BUNGO,Rimbo Tengah,Sungai Mengkuang,P,SWASTA,5.800.000,PT SINAR PENYELAMAT UMAT,AL KAUTSAR RESIDENCE 8,30,90,140.000.000,180,5%,100.500.000,"18 July, 2025","23 July, 2025"
3241729,2025,2025,BANK BTN,APERSI,tapak,JAMBI,KAB BUNGO,Rimbo Tengah,Sungai Mengkuang,L,SWASTA,6.270.000,PT SINAR PENYELAMAT UMAT,AL KAUTSAR RESIDENCE 8,30,90,140.000.000,240,5%,100.500.000,"18 July, 2025","23 July, 2025"
3241731,2025,2025,BANK BTN,APERSI,tapak,JAMBI,KAB BUNGO,Rimbo Tengah,Sungai Mengkuang,P,SWASTA,5.200.000,PT SINAR PENYELAMAT UMAT,AL KAUTSAR RESIDENCE 8,30,90,140.000.000,240,5%,100.500.000,"18 July, 2025","23 July, 2025"
3241764,2025,2025,BANK BTN,APERSI,tapak,JAMBI,KAB BUNGO,Rimbo Tengah,Sungai Mengkuang,L,SWASTA,5.900.000,PT SINAR PENYELAMAT UMAT,AL KAUTSAR RESIDENCE 8,30,90,140.000.000,240,5%,100.500.000,"18 July, 2025","23 July, 2025"
3241826,2025,2025,BANK BTN,APERSI,tapak,JAMBI,KAB BUNGO,Pasar Muaro Bungo,Jaya Setia,P,SWASTA,5.129.278,PT UNO RESIDENCE PROPERTY,UNO RESIDENCE,36,108,166.000.000,180,5%,120.255.000,"18 July, 2025","23 July, 2025"
3244042,2025,2025,BANK BTN,APERSI,tapak,JAMBI,KAB BUNGO,Pasar Muaro Bungo,Jaya Setia,P,SWASTA,3.733.000,PT UNO RESIDENCE PROPERTY,UNO RESIDENCE,36,108,166.000.000,198,5%,120.255.000,"22 July, 2025","25 July, 2025"
3244069,2025,2025,BANK BTN,REI,tapak,JAMBI,KAB BUNGO,Rimbo Tengah,Sungai Mengkuang,P,SWASTA,5.500.000,PT BERKAH CIPTA PERKASA,AL MADINAH 2,36,108,166.000.000,180,5%,120.255.000,"22 July, 2025","25 July, 2025"
3244387,2025,2025,BANK BTN,APERSI,tapak,JAMBI,KAB BUNGO,Rimbo Tengah,Sungai Mengkuang,L,SWASTA,4.000.000,PT AMARDHIKA TUJUH LANGIT,LANGIT RESIDENCE,36,120,162.000.000,240,5%,117.285.000,"23 July, 2025","25 July, 2025"
3244388,2025,2025,BANK BTN,APERSI,tapak,JAMBI,KAB BUNGO,Rimbo Tengah,Sungai Mengkuang,L,SWASTA,5.245.905,PT SINAR PENYELAMAT UMAT,AL KAUTSAR RESIDENCE 8,30,90,140.000.000,120,5%,100.500.000,"23 July, 2025","25 July, 2025"
3244391,2025,2025,BANK BTN,APERSI,tapak,JAMBI,KAB BUNGO,Rimbo Tengah,Sungai Mengkuang,L,SWASTA,4.734.900,PT AMARDHIKA TUJUH LANGIT,LANGIT RESIDENCE,36,149,162.000.000,240,5%,117.285.000,"23 July, 2025","25 July, 2025"
3244392,2025,2025,BANK BTN,APERSI,tapak,JAMBI,KAB BUNGO,Rimbo Tengah,Sungai Mengkuang,L,SWASTA,5.031.000,PT AMARDHIKA TUJUH LANGIT,LANGIT RESIDENCE,36,120,162.000.000,180,5%,117.285.000,"23 July, 2025","25 July, 2025"
3245378,2025,2025,BANK BNI,APERSI,tapak,JAMBI,KAB BUNGO,Rimbo Tengah,Sungai Mengkuang,L,SWASTA,3.200.000,PT GRIYA MULYA LESTARI,GRIYA DAKSINAPATI ASRI,36,104,166.000.000,180,5%,118.275.000,"22 July, 2025","25 July, 2025"
3245410,2025,2025,BANK BNI,REI,tapak,JAMBI,KAB BUNGO,Bungo Dani,Talang Pantai,L,LAINNYA,3.523.333,PT PERMATA REAL ESTATE,PERMATA SEI KERJAN,36,135,166.000.000,120,5%,120.255.000,"23 July, 2025","25 July, 2025"
3245413,2025,2025,BANK BNI,REI,tapak,JAMBI,KAB BUNGO,Bathin III,Manggis,P,LAINNYA,2.553.820,PT CITRA NAE ZIDNI,CITRA RESIDENCE 2 (PENGEMBANGAN),36,108,166.000.000,180,5%,120.255.000,"23 July, 2025","25 July, 2025"
3245451,2025,2025,BANK BNI,APERSI,tapak,JAMBI,KAB BUNGO,Rimbo Tengah,Sungai Mengkuang,P,WIRASWASTA,3.000.000,PT GRIYA MULYA LESTARI,GRIYA DAKSINAPATI ASRI,36,104,166.000.000,180,5%,118.275.000,"23 July, 2025","25 July, 2025"
3250137,2025,2025,BANK BTN,REI,tapak,JAMBI,KAB BUNGO,Bathin III,Manggis,L,WIRASWASTA,3.600.000,PT CIPTA JAYA EWISA,BUNGO CIPTA GRAHA 6,36,108,166.000.000,240,5%,118.275.000,"25 July, 2025","30 July, 2025"
3250139,2025,2025,BANK BTN,REI,tapak,JAMBI,KAB BUNGO,Bathin III,Manggis,L,WIRASWASTA,4.600.000,PT CIPTA JAYA EWISA,BUNGO CIPTA GRAHA 6,36,108,166.000.000,240,5%,118.275.000,"25 July, 2025","30 July, 2025"
3250140,2025,2025,BANK BTN,REI,tapak,JAMBI,KAB BUNGO,Bathin III,Manggis,P,SWASTA,4.000.000,PT CIPTA JAYA EWISA,BUNGO CIPTA GRAHA 6,36,108,166.000.000,240,5%,118.275.000,"25 July, 2025","30 July, 2025"
3250266,2025,2025,BANK BTN,APERSI,tapak,JAMBI,KAB BUNGO,Pasar Muaro Bungo,Jaya Setia,P,SWASTA,3.605.887,PT UNO RESIDENCE PROPERTY,UNO RESIDENCE,36,108,166.000.000,200,5%,120.255.000,"25 July, 2025","30 July, 2025"
3250275,2025,2025,BANK BTN,REI,tapak,JAMBI,KAB BUNGO,Bathin III,Manggis,L,SWASTA,8.199.286,PT CITRA NAE ZIDNI,CITRA RESIDENCE 2 (PENGEMBANGAN),36,108,166.000.000,156,5%,120.255.000,"25 July, 2025","30 July, 2025"
3250388,2025,2025,BANK BTN,APERSI,tapak,JAMBI,KAB BUNGO,Pasar Muaro Bungo,Jaya Setia,P,SWASTA,5.119.046,PT UNO RESIDENCE PROPERTY,UNO RESIDENCE,36,108,166.000.000,180,5%,120.255.000,"25 July, 2025","30 July, 2025"
3250403,2025,2025,BANK BTN,APERSI,tapak,JAMBI,KAB BUNGO,Rimbo Tengah,Sungai Mengkuang,P,SWASTA,4.200.000,PT GRIYA MULYA LESTARI,GRIYA DAKSINAPATI ASRI,36,104,166.000.000,180,5%,118.275.000,"25 July, 2025","30 July, 2025"
3250460,2025,2025,BANK BTN,APERSI,tapak,JAMBI,KAB BUNGO,Pasar Muaro Bungo,Jaya Setia,P,PNS,6.347.000,PT UNO RESIDENCE PROPERTY,UNO RESIDENCE,36,108,166.000.000,216,5%,120.255.000,"25 July, 2025","30 July, 2025"
3250543,2025,2025,BANK BTN,REI,tapak,JAMBI,KAB BUNGO,Pasar Muaro Bungo,Bungo Timur,P,SWASTA,3.900.000,PT ARAH BANGUN PRESTASI MANDIRI,PURI INDAH SEPAKAT,36,91,166.000.000,180,5%,120.255.000,"25 July, 2025","30 July, 2025"
3263824,2025,2025,BANK BTN,APERSI,tapak,JAMBI,KAB BUNGO,Bathin III,Manggis,L,PNS,3.800.000,PT LIDYA JAYA ABADI,BUNGO GRIYA ABADI,36,108,162.000.000,240,5%,115.425.000,"29 July, 2025","31 July, 2025"
3263974,2025,2025,BANK BTN,REI,tapak,JAMBI,KAB BUNGO,Pasar Muaro Bungo,Bungo Timur,L,SWASTA,5.875.000,PT ARAH BANGUN PRESTASI MANDIRI,PURI INDAH SEPAKAT,36,91,166.000.000,180,5%,120.255.000,"29 July, 2025","31 July, 2025"
3264228,2025,2025,BANK BNI,REI,tapak,JAMBI,KAB BUNGO,Bathin III,Manggis,L,WIRASWASTA,6.000.000,PT CITRA NAE ZIDNI,CITRA RESIDENCE 2 PENGEMBANGAN,36,145,166.000.000,180,5%,120.255.000,"29 July, 2025","31 July, 2025"
3264229,2025,2025,BANK BNI,REI,tapak,JAMBI,KAB BUNGO,Bathin III,Manggis,L,WIRASWASTA,4.100.069,PT CITRA NAE ZIDNI,CITRA RESIDENCE 2 PENGEMBANGAN,36,108,166.000.000,120,5%,120.255.000,"29 July, 2025","31 July, 2025"
3264231,2025,2025,BANK BNI,REI,tapak,JAMBI,KAB BUNGO,Bungo Dani,Sungai Kerjan,P,LAINNYA,3.338.211,PT PERMATA REAL ESTATE,PERMATA SEI KERJAN,36,135,166.000.000,180,5%,120.255.000,"29 July, 2025","31 July, 2025"
3269120,2025,2025,BANK BTN,REI,tapak,JAMBI,KAB BUNGO,Rimbo Tengah,Pasir Putih,P,SWASTA,8.948.024,PT MARGA MULYA INDAH ASRI,MULIA INDAH ASRI 2,36,84,150.500.000,180,5%,107.231.250,"30 July, 2025","31 July, 2025"
3269244,2025,2025,BANK BTN,APERSI,tapak,JAMBI,KAB BUNGO,Bathin III,Manggis,P,SWASTA,3.800.000,PT MITRA SENTOSA MANDIRI,SENTOSA RESIDENCE TAHAP II,36,108,162.000.000,240,5%,115.425.000,"30 July, 2025","31 July, 2025"
3269245,2025,2025,BANK BTN,APERSI,tapak,JAMBI,KAB BUNGO,Bathin III,Manggis,L,SWASTA,3.400.000,PT MITRA SENTOSA MANDIRI,SENTOSA RESIDENCE TAHAP II,36,108,162.000.000,204,5%,113.925.000,"30 July, 2025","31 July, 2025"
3269262,2025,2025,BANK BTN,REI,tapak,JAMBI,KAB BUNGO,Rimbo Tengah,Pasir Putih,L,SWASTA,3.800.000,PT MITRA HARAPAN KENTJANA,GRAHA BUNGO KENTJANA TAHAP 2,36,104,166.000.000,240,5%,120.255.000,"30 July, 2025","31 July, 2025"
3269264,2025,2025,BANK BTN,APERSI,tapak,JAMBI,KAB BUNGO,Rimbo Tengah,Sungai Mengkuang,L,SWASTA,9.753.660,PT SINAR PENYELAMAT UMAT,AL KAUTSAR RESIDENCE 8,30,90,140.000.000,228,5%,100.500.000,"30 July, 2025","31 July, 2025"
3269265,2025,2025,BANK BTN,APERSI,tapak,JAMBI,KAB BUNGO,Rimbo Tengah,Sungai Mengkuang,L,SWASTA,7.596.220,PT SINAR PENYELAMAT UMAT,AL KAUTSAR RESIDENCE 8,30,90,140.000.000,240,5%,100.500.000,"30 July, 2025","31 July, 2025"
3269274,2025,2025,BANK BTN,APERSI,tapak,JAMBI,KAB BUNGO,Rimbo Tengah,Sungai Mengkuang,P,SWASTA,5.368.337,PT SINAR PENYELAMAT UMAT,AL KAUTSAR RESIDENCE 8,30,90,140.000.000,180,5%,100.500.000,"30 July, 2025","31 July, 2025"
3276092,2025,2025,BANK BNI,APERSI,tapak,JAMBI,KAB BUNGO,Pasar Muaro Bungo,Jaya Setia,P,SWASTA,5.919.000,PT UNO RESIDENCE PROPERTY,UNO RESIDENCE,36,108,166.000.000,120,5%,120.255.000,"30 July, 2025","4 August, 2025"
3276093,2025,2025,BANK BNI,APERSI,tapak,JAMBI,KAB BUNGO,Pasar Muaro Bungo,Jaya Setia,P,LAINNYA,3.053.320,PT UNO RESIDENCE PROPERTY,UNO RESIDENCE,36,108,166.000.000,180,5%,120.255.000,"30 July, 2025","4 August, 2025"
3279405,2025,2025,BANK BTN,APERSI,tapak,JAMBI,KAB BUNGO,Rimbo Tengah,Sungai Mengkuang,L,SWASTA,5.855.333,PT SINAR PENYELAMAT UMAT,AL KAUTSAR RESIDENCE 8,36,105,166.000.000,120,5%,120.255.000,"31 July, 2025","4 August, 2025"
3279411,2025,2025,BANK BTN,APERSI,tapak,JAMBI,KAB BUNGO,Rimbo Tengah,Sungai Mengkuang,L,SWASTA,5.124.906,PT SINAR PENYELAMAT UMAT,AL KAUTSAR RESIDENCE 8,36,90,140.000.000,192,5%,100.500.000,"31 July, 2025","4 August, 2025"
3279447,2025,2025,BANK BTN,REI,tapak,JAMBI,KAB BUNGO,Bathin III,Manggis,L,SWASTA,5.488.000,PT CIPTA JAYA EWISA,BUNGO CIPTA GRAHA 6,36,108,166.000.000,180,5%,118.275.000,"31 July, 2025","4 August, 2025"
3279449,2025,2025,BANK BTN,REI,tapak,JAMBI,KAB BUNGO,Bathin III,Manggis,L,SWASTA,4.045.483,PT CIPTA JAYA EWISA,BUNGO CIPTA GRAHA 6,36,108,166.000.000,180,5%,118.275.000,"31 July, 2025","4 August, 2025"
3279465,2025,2025,BANK BTN,APERSI,tapak,JAMBI,KAB BUNGO,Rimbo Tengah,Sungai Mengkuang,P,SWASTA,5.370.497,PT SINAR PENYELAMAT UMAT,AL KAUTSAR RESIDENCE 8,30,90,140.000.000,180,5%,100.500.000,"31 July, 2025","4 August, 2025"
3281053,2025,2025,BANK SYARIAH NASIONAL,APERSI,tapak,JAMBI,KAB BUNGO,Rimbo Tengah,Sungai Mengkuang,L,SWASTA,5.300.000,PT SINAR PENYELAMAT UMAT,AL KAUTSAR RESIDENCE 8,30,90,140.000.000,180,5%,100.500.000,"25 July, 2025","4 August, 2025"
3281933,2025,2025,BANK BNI,REI,tapak,JAMBI,KAB BUNGO,Pelepat Ilir,Purwosari,L,WIRASWASTA,3.468.300,PT JINGGA DIRGA PUSPITA,JINGGA KEDATON,36,100,166.000.000,120,5%,120.000.000,"31 July, 2025","6 August, 2025"
3281934,2025,2025,BANK BNI,REI,tapak,JAMBI,KAB BUNGO,Pelepat Ilir,Purwosari,P,WIRASWASTA,4.472.467,PT JINGGA DIRGA PUSPITA,JINGGA KEDATON,36,100,166.000.000,180,5%,120.000.000,"31 July, 2025","6 August, 2025"
3282997,2025,2025,BANK BNI,APERSI,tapak,JAMBI,KAB BUNGO,Rimbo Tengah,Sungai Mengkuang,L,LAINNYA,3.800.000,PT GRIYA MULYA LESTARI,GRIYA DAKSINAPATI ASRI,36,104,166.000.000,180,5%,118.275.000,"5 August, 2025","6 August, 2025"
3283967,2025,2025,BANK BTN,REI,tapak,JAMBI,KAB BUNGO,Rimbo Tengah,Cadika,P,SWASTA,4.750.000,PT BERKAH CIPTA PERKASA,ZAM ZAM RESIDENCE,36,160,166.000.000,180,5%,120.255.000,"6 August, 2025","8 August, 2025"
3286144,2025,2025,BANK BTN,REI,tapak,JAMBI,KAB BUNGO,Rimbo Tengah,Sungai Mengkuang,P,SWASTA,4.006.468,PT BERKAH CIPTA PERKASA,AL MADINAH 2,36,108,166.000.000,240,5%,120.255.000,"7 August, 2025","8 August, 2025"
3286366,2025,2025,BANK BNI,REI,tapak,JAMBI,KAB BUNGO,Pelepat Ilir,Purwosari,P,LAINNYA,5.569.293,PT JINGGA DIRGA PUSPITA,JINGGA KEDATON,36,100,166.000.000,180,5%,120.255.000,"8 August, 2025","11 August, 2025"
3286367,2025,2025,BANK BNI,REI,tapak,JAMBI,KAB BUNGO,Pelepat Ilir,Purwosari,L,LAINNYA,5.702.327,PT JINGGA DIRGA PUSPITA,JINGGA KEDATON,36,100,166.000.000,120,5%,120.255.000,"8 August, 2025","11 August, 2025"
3286368,2025,2025,BANK BNI,APERSI,tapak,JAMBI,KAB BUNGO,Pasar Muaro Bungo,Jaya Setia,L,LAINNYA,5.937.997,PT UNO RESIDENCE PROPERTY,UNO RESIDENCE,36,108,166.000.000,180,5%,120.255.000,"8 August, 2025","11 August, 2025"
3292496,2025,2025,BANK BTN,REI,tapak,JAMBI,KAB BUNGO,Rimbo Tengah,Cadika,P,SWASTA,4.166.912,PT DEFANA PERMATA GROUP,BUNGO ANUGRAH RESIDENCE,36,147,166.000.000,240,5%,118.275.000,"11 August, 2025","15 August, 2025"
3292849,2025,2025,BANK BNI,APERSI,tapak,JAMBI,KAB BUNGO,Pasar Muaro Bungo,Jaya Setia,P,LAINNYA,3.016.667,PT UNO RESIDENCE PROPERTY,UNO RESIDENCE,36,108,166.000.000,168,5%,120.255.000,"12 August, 2025","15 August, 2025"
3292851,2025,2025,BANK BNI,APERSI,tapak,JAMBI,KAB BUNGO,Rimbo Tengah,Sungai Mengkuang,L,SWASTA,3.000.000,PT GRIYA MULYA LESTARI,GRIYA DAKSINAPATI ASRI,36,104,166.000.000,180,5%,118.275.000,"12 August, 2025","15 August, 2025"
3295318,2025,2025,BANK BTN,REI,tapak,JAMBI,KAB BUNGO,Bathin III,Manggis,P,SWASTA,3.700.000,PT CITRA NAE ZIDNI,CITRA RESIDENCE 2,36,108,166.000.000,240,5%,120.255.000,"12 August, 2025","15 August, 2025"
3295320,2025,2025,BANK BTN,APERSI,tapak,JAMBI,KAB BUNGO,Rimbo Tengah,Sungai Mengkuang,L,PNS,9.400.000,PT SINAR PENYELAMAT UMAT,AL KAUTSAR RESIDENCE 8,30,90,140.000.000,240,5%,100.500.000,"12 August, 2025","15 August, 2025"
3296045,2025,2025,BANK BTN,APERSI,tapak,JAMBI,KAB BUNGO,Rimbo Tengah,Sungai Mengkuang,L,SWASTA,9.900.000,PT SINAR PENYELAMAT UMAT,AL KAUTSAR RESIDENCE 8,30,90,140.000.000,180,5%,100.500.000,"12 August, 2025","19 August, 2025"
3296046,2025,2025,BANK BTN,APERSI,tapak,JAMBI,KAB BUNGO,Rimbo Tengah,Sungai Mengkuang,P,SWASTA,5.300.000,PT SINAR PENYELAMAT UMAT,AL KAUTSAR RESIDENCE 8,30,90,140.000.000,240,5%,100.500.000,"12 August, 2025","19 August, 2025"
3296201,2025,2025,BANK BTN,REI,tapak,JAMBI,KAB BUNGO,Rimbo Tengah,Cadika,L,WIRASWASTA,5.270.000,PT DEFANA PERMATA GROUP,BUNGO ANUGRAH RESIDENCE,36,108,166.000.000,240,5%,118.275.000,"13 August, 2025","19 August, 2025"
3296290,2025,2025,BANK BTN,APERSI,tapak,JAMBI,KAB BUNGO,Bathin III,Manggis,L,SWASTA,5.648.723,PT MITRA SENTOSA MANDIRI,SENTOSA RESIDENCE TAHAP II,36,108,162.000.000,240,5%,115.425.000,"13 August, 2025","19 August, 2025"
3297271,2025,2025,BANK BTN,REI,tapak,JAMBI,KAB BUNGO,Bungo Dani,Talang Pantai,L,PNS,3.203.600,PT ANUGERAH REZEKI BERSAUDARA MADANI,BUNGO DANI RESIDENCE 3,36,107,162.000.000,240,5%,115.387.500,"15 August, 2025","19 August, 2025"
3297526,2025,2025,BANK BTN,REI,tapak,JAMBI,KAB BUNGO,Bathin III,Manggis,P,SWASTA,4.005.500,PT CIPTA JAYA EWISA,BUNGO CIPTA GRAHA 5,36,108,166.000.000,240,5%,118.275.000,"15 August, 2025","21 August, 2025"
3297759,2025,2025,BANK BTN,REI,tapak,JAMBI,KAB BUNGO,Jujuhan,Sirih Sekapur,P,SWASTA,4.700.000,PT CAHAYA BINTANG FENDRA,ARSENAL RESIDENCE,36,117,162.000.000,240,5%,115.425.000,"15 August, 2025","21 August, 2025"
3297836,2025,2025,BANK BTN,APERSI,tapak,JAMBI,KAB BUNGO,Rimbo Tengah,Sungai Mengkuang,L,SWASTA,5.700.000,PT SINAR PENYELAMAT UMAT,AL KAUTSAR RESIDENCE 8,36,90,140.000.000,180,5%,100.500.000,"15 August, 2025","21 August, 2025"
3297837,2025,2025,BANK BTN,APERSI,tapak,JAMBI,KAB BUNGO,Rimbo Tengah,Sungai Mengkuang,L,SWASTA,5.429.032,PT SINAR PENYELAMAT UMAT,AL KAUTSAR RESIDENCE 8,30,90,140.000.000,168,5%,100.500.000,"15 August, 2025","21 August, 2025"
3299758,2025,2025,BANK BTN,REI,tapak,JAMBI,KAB BUNGO,Bathin III,Manggis,L,SWASTA,5.800.000,PT CIPTA JAYA EWISA,BUNGO CIPTA GRAHA 6,36,108,166.000.000,156,5%,118.275.000,"15 August, 2025","21 August, 2025"
3299821,2025,2025,BANK BTN,REI,tapak,JAMBI,KAB BUNGO,Bathin III,Manggis,P,SWASTA,4.000.000,PT CIPTA JAYA EWISA,BUNGO CIPTA GRAHA 5,36,108,166.000.000,180,5%,118.275.000,"15 August, 2025","21 August, 2025"
3301978,2025,2025,BANK BNI,APERSI,tapak,JAMBI,KAB BUNGO,Pasar Muaro Bungo,Jaya Setia,P,LAINNYA,3.175.400,PT UNO RESIDENCE PROPERTY,UNO RESIDENCE,36,108,166.000.000,180,5%,120.255.000,"21 August, 2025","25 August, 2025"
3302782,2025,2025,BANK BTN,APERSI,tapak,JAMBI,KAB BUNGO,Bathin III,Manggis,P,SWASTA,3.700.000,PT MITRA SENTOSA MANDIRI,SENTOSA RESIDENCE TAHAP II,36,108,162.000.000,240,5%,115.425.000,"21 August, 2025","26 August, 2025"
3302858,2025,2025,BANK BTN,REI,tapak,JAMBI,KAB BUNGO,Bathin III,Manggis,P,WIRASWASTA,9.700.000,PT CITRA NAE ZIDNI,CITRA RESIDENCE 2 (PENGEMBANGAN),36,108,166.000.000,180,5%,120.255.000,"21 August, 2025","26 August, 2025"
3302899,2025,2025,BANK BTN,APERSI,tapak,JAMBI,KAB BUNGO,Bathin III,Sungai Binjai,L,SWASTA,3.700.000,PT ADIAN RATU,VILLA ADIAN RATU,36,150,162.000.000,180,5%,115.425.000,"21 August, 2025","26 August, 2025"
3304183,2025,2025,BANK SYARIAH NASIONAL,APERSI,tapak,JAMBI,KAB BUNGO,Rimbo Tengah,Sungai Mengkuang,P,SWASTA,6.000.000,PT SINAR PENYELAMAT UMAT,AL KAUTSAR RESIDENCE 8,36,105,166.000.000,180,5%,120.255.000,"11 August, 2025","3 September, 2025"
3305031,2025,2025,BANK BTN,REI,tapak,JAMBI,KAB BUNGO,Rimbo Tengah,Pasir Putih,P,SWASTA,3.800.000,PT MARGA MULYA INDAH ASRI,MULIA INDAH ASRI 2,36,84,150.500.000,180,5%,107.231.250,"22 August, 2025","27 August, 2025"
3305472,2025,2025,BANK JAMBI,APERSI,tapak,JAMBI,KAB BUNGO,Rimbo Tengah,Pasir Putih,L,SWASTA,3.150.000,PT DUPAN BERKAH SEJAHTERA,KENZIE RESIDENCE,36,108,166.000.000,180,5%,118.275.000,"19 August, 2025","28 August, 2025"
3306042,2025,2025,BANK BTN,APERSI,tapak,JAMBI,KAB BUNGO,Bathin III,Sungai Binjai,L,SWASTA,4.100.000,PT ADIAN RATU,VILLA ADIAN RATU,36,150,162.000.000,240,5%,115.425.000,"22 August, 2025","28 August, 2025"
3306174,2025,2025,BANK BTN,REI,tapak,JAMBI,KAB BUNGO,Bathin III,Manggis,P,SWASTA,4.000.000,PT CIPTA JAYA EWISA,BUNGO CIPTA GRAHA 5,36,188,166.000.000,180,5%,118.275.000,"22 August, 2025","28 August, 2025"
3306213,2025,2025,BANK BTN,REI,tapak,JAMBI,KAB BUNGO,Bathin III,Manggis,L,SWASTA,3.500.000,PT CIPTA JAYA EWISA,BUNGO CIPTA GRAHA 6,36,108,166.000.000,240,5%,118.275.000,"22 August, 2025","28 August, 2025"
3307705,2025,2025,BANK BNI,APERSI,tapak,JAMBI,KAB BUNGO,Rimbo Tengah,Sungai Mengkuang,L,LAINNYA,4.628.733,PT GRIYA MULYA LESTARI,GRIYA DAKSINAPATI ASRI,36,104,166.000.000,180,5%,118.275.000,"22 August, 2025","29 August, 2025"
3307706,2025,2025,BANK BNI,APERSI,tapak,JAMBI,KAB BUNGO,Rimbo Tengah,Sungai Mengkuang,L,WIRASWASTA,5.000.000,PT GRIYA MULYA LESTARI,GRIYA DAKSINAPATI ASRI,36,104,166.000.000,180,5%,118.275.000,"22 August, 2025","29 August, 2025"
3307733,2025,2025,BANK BNI,APERSI,tapak,JAMBI,KAB BUNGO,Rimbo Tengah,Sungai Mengkuang,P,SWASTA,3.000.000,PT GRIYA MULYA LESTARI,GRIYA DAKSINAPATI ASRI,36,104,166.000.000,180,5%,118.275.000,"25 August, 2025","29 August, 2025"
3307784,2025,2025,BANK BNI,APERSI,tapak,JAMBI,KAB BUNGO,Pasar Muaro Bungo,Jaya Setia,L,LAINNYA,5.913.548,PT UNO RESIDENCE PROPERTY,UNO RESIDENCE,36,158,166.000.000,120,5%,120.255.000,"27 August, 2025","29 August, 2025"
3307785,2025,2025,BANK BNI,REI,tapak,JAMBI,KAB BUNGO,Bathin III,Manggis,P,LAINNYA,3.358.176,PT CITRA NAE ZIDNI,CITRA RESIDENCE 2 (PENGEMBANGAN),36,108,166.000.000,240,5%,120.255.000,"27 August, 2025","29 August, 2025"
3308261,2025,2025,BANK BTN,REI,tapak,JAMBI,KAB BUNGO,Bathin III,Manggis,P,SWASTA,5.750.000,PT CIPTA JAYA EWISA,BUNGO CIPTA GRAHA 6,36,108,166.000.000,240,5%,118.275.000,"25 August, 2025","29 August, 2025"
3308392,2025,2025,BANK BTN,REI,tapak,JAMBI,KAB BUNGO,Bathin III,Manggis,L,WIRASWASTA,7.860.703,PT CIPTA JAYA EWISA,BUNGO CIPTA GRAHA 5,36,108,166.000.000,180,5%,118.275.000,"25 August, 2025","29 August, 2025"
3308474,2025,2025,BANK BTN,REI,tapak,JAMBI,KAB BUNGO,Bathin III,Manggis,L,SWASTA,3.770.000,PT CIPTA JAYA EWISA,BUNGO CIPTA GRAHA 6,36,108,166.000.000,240,5%,118.275.000,"25 August, 2025","29 August, 2025"
3311761,2025,2025,BANK BTN,REI,tapak,JAMBI,KAB BUNGO,Bathin III,Manggis,L,SWASTA,3.950.000,PT CITRA NAE ZIDNI,CITRA RESIDENCE 2 (PENGEMBANGAN),36,108,166.000.000,180,5%,120.255.000,"26 August, 2025","1 September, 2025"
3311871,2025,2025,BANK BTN,REI,tapak,JAMBI,KAB BUNGO,Rimbo Tengah,Cadika,L,SWASTA,6.000.000,PT BERKAH CIPTA PERKASA,ZAM ZAM RESIDENCE,36,96,166.000.000,120,5%,120.255.000,"26 August, 2025","1 September, 2025"
3311893,2025,2025,BANK BTN,REI,tapak,JAMBI,KAB BUNGO,Bathin III,Manggis,P,SWASTA,3.800.000,PT CITRA NAE ZIDNI,CITRA RESIDENCE 2 (PENGEMBANGAN),36,108,166.000.000,180,5%,120.255.000,"26 August, 2025","1 September, 2025"
3311944,2025,2025,BANK BTN,REI,tapak,JAMBI,KAB BUNGO,Rimbo Tengah,Cadika,L,SWASTA,2.961.191,PT BERKAH CIPTA PERKASA,ZAM ZAM RESIDENCE,36,96,166.000.000,240,5%,109.725.000,"26 August, 2025","1 September, 2025"
3311966,2025,2025,BANK BTN,REI,tapak,JAMBI,KAB BUNGO,Bathin III,Bungo Taman Agung,L,SWASTA,4.847.356,PT BUNGO GRAHA INDAH,GRAHA NUSA INDAH 2,36,108,160.000.000,180,5%,114.000.000,"27 August, 2025","1 September, 2025"
3318376,2025,2025,BANK BTN,APERSI,tapak,JAMBI,KAB BUNGO,Rimbo Tengah,Sungai Mengkuang,L,SWASTA,4.000.000,PT AMARDHIKA TUJUH LANGIT,LANGIT RESIDENCE,36,120,162.000.000,180,5%,117.285.000,"27 August, 2025","2 September, 2025"
3318447,2025,2025,BANK BTN,REI,tapak,JAMBI,KAB BUNGO,Bathin III,Manggis,P,SWASTA,4.000.000,PT CITRA NAE ZIDNI,CITRA RESIDENCE 2 (PENGEMBANGAN),36,145,166.000.000,240,5%,120.255.000,"27 August, 2025","2 September, 2025"
3318451,2025,2025,BANK BTN,REI,tapak,JAMBI,KAB BUNGO,Batin II Babeko,Tanjung Menanti,P,SWASTA,5.433.867,PT PETRA CIPTA UTAMA,GREEN PETRA 2,36,108,166.000.000,240,5%,118.500.000,"27 August, 2025","2 September, 2025"
3318472,2025,2025,BANK BTN,REI,tapak,JAMBI,KAB BUNGO,Bathin III,Manggis,P,SWASTA,8.000.000,PT CITRA NAE ZIDNI,GRIYA BAROKAH,36,108,166.000.000,180,5%,120.255.000,"27 August, 2025","2 September, 2025"
3318484,2025,2025,BANK BTN,APERSI,tapak,JAMBI,KAB BUNGO,Rimbo Tengah,Sungai Mengkuang,P,PNS,5.745.000,PT AMARDHIKA TUJUH LANGIT,LANGIT RESIDENCE,36,120,162.000.000,240,5%,117.285.000,"27 August, 2025","2 September, 2025"
3318500,2025,2025,BANK BTN,APERSI,tapak,JAMBI,KAB BUNGO,Rimbo Tengah,Sungai Mengkuang,P,SWASTA,4.000.000,PT AMARDHIKA TUJUH LANGIT,LANGIT RESIDENCE,36,120,162.000.000,180,5%,117.285.000,"27 August, 2025","2 September, 2025"
3318503,2025,2025,BANK BTN,APERSI,tapak,JAMBI,KAB BUNGO,Rimbo Tengah,Sungai Mengkuang,P,WIRASWASTA,6.350.000,PT AMARDHIKA TUJUH LANGIT,LANGIT RESIDENCE,36,120,162.000.000,180,5%,117.285.000,"27 August, 2025","2 September, 2025"
3318506,2025,2025,BANK BTN,APERSI,tapak,JAMBI,KAB BUNGO,Rimbo Tengah,Sungai Mengkuang,L,SWASTA,6.000.000,PT SINAR PENYELAMAT UMAT,AL KAUTSAR RESIDENCE 8,36,105,166.000.000,240,5%,120.255.000,"27 August, 2025","2 September, 2025"
3318507,2025,2025,BANK BTN,REI,tapak,JAMBI,KAB BUNGO,Bathin III,Bungo Taman Agung,L,WIRASWASTA,4.111.500,PT BUNGO GRAHA INDAH,GRAHA NUSA INDAH 2,36,108,160.000.000,180,5%,114.000.000,"27 August, 2025","2 September, 2025"
3318508,2025,2025,BANK BTN,REI,tapak,JAMBI,KAB BUNGO,Bathin III,Bungo Taman Agung,L,SWASTA,3.351.176,PT BUNGO GRAHA INDAH,GRAHA NUSA INDAH 2,36,108,160.000.000,240,5%,114.000.000,"27 August, 2025","2 September, 2025"
3318546,2025,2025,BANK BTN,REI,tapak,JAMBI,KAB BUNGO,Bathin III,Bungo Taman Agung,L,PNS,9.935.550,PT BUNGO GRAHA INDAH,GRAHA NUSA INDAH 2,36,108,160.000.000,180,5%,114.000.000,"27 August, 2025","2 September, 2025"
3318970,2025,2025,BANK BTN,REI,tapak,JAMBI,KAB BUNGO,Batin II Babeko,Tanjung Menanti,L,SWASTA,7.844.614,PT PETRA CIPTA UTAMA,GREEN PETRA 2,36,108,166.000.000,180,5%,118.500.000,"28 August, 2025","2 September, 2025"
3319023,2025,2025,BANK BTN,REI,tapak,JAMBI,KAB BUNGO,Rimbo Tengah,Pasir Putih,P,PNS,3.463.600,PT MITRA HARAPAN KENTJANA,GRAHA BUNGO KENTJANA TAHAP 2,36,91,166.000.000,180,5%,120.255.000,"28 August, 2025","2 September, 2025"
3319031,2025,2025,BANK BTN,REI,tapak,JAMBI,KAB BUNGO,Rimbo Tengah,Pasir Putih,L,SWASTA,3.816.344,PT MITRA HARAPAN KENTJANA,GRAHA BUNGO KENTJANA TAHAP 2,36,117,166.000.000,216,5%,120.255.000,"28 August, 2025","2 September, 2025"
3320252,2025,2025,BANK BTN,REI,tapak,JAMBI,KAB BUNGO,Rimbo Tengah,Pasir Putih,L,SWASTA,4.083.333,PT MARGA MULYA INDAH ASRI,MULIA INDAH ASRI 2,36,84,150.500.000,180,5%,107.231.250,"28 August, 2025","4 September, 2025"
3321579,2025,2025,BANK BNI,APERSI,tapak,JAMBI,KAB BUNGO,Pasar Muaro Bungo,Jaya Setia,P,LAINNYA,5.076.220,PT UNO RESIDENCE PROPERTY,UNO RESIDENCE,36,121,166.000.000,180,5%,120.255.000,"28 August, 2025","2 September, 2025"
3325693,2025,2025,BANK BTN,APERSI,tapak,JAMBI,KAB BUNGO,Rimbo Tengah,Sungai Mengkuang,P,PNS,4.200.000,PT GRIYA MULYA LESTARI,GRIYA DAKSINAPATI ASRI,36,104,166.000.000,180,5%,118.275.000,"29 August, 2025","4 September, 2025"
3325755,2025,2025,BANK BTN,APERSI,tapak,JAMBI,KAB BUNGO,Rimbo Tengah,Sungai Mengkuang,P,SWASTA,6.366.000,PT GRIYA MULYA LESTARI,GRIYA DAKSINAPATI ASRI,36,104,166.000.000,168,5%,118.275.000,"29 August, 2025","4 September, 2025"
3325783,2025,2025,BANK BTN,APERSI,tapak,JAMBI,KAB BUNGO,Batin II Babeko,Tanjung Menanti,L,SWASTA,5.382.000,PT Nusantara Agung Property,TROPIKANA RESIDENCE,36,117,162.000.000,240,5%,115.425.000,"29 August, 2025","4 September, 2025"
3325915,2025,2025,BANK BTN,APERSI,tapak,JAMBI,KAB BUNGO,Bathin III,Manggis,L,SWASTA,4.000.000,PT MITRA SENTOSA MANDIRI,SENTOSA RESIDENCE TAHAP II,36,108,162.000.000,240,5%,115.425.000,"29 August, 2025","4 September, 2025"
3325961,2025,2025,BANK BTN,APERSI,tapak,JAMBI,KAB BUNGO,Bathin III,Manggis,L,SWASTA,3.700.000,PT MITRA SENTOSA MANDIRI,SENTOSA RESIDENCE TAHAP II,36,108,162.000.000,240,5%,115.425.000,"29 August, 2025","4 September, 2025"
3326069,2025,2025,BANK BTN,APERSI,tapak,JAMBI,KAB BUNGO,Bathin III,Manggis,L,SWASTA,3.210.600,PT MITRA SENTOSA MANDIRI,SENTOSA RESIDENCE TAHAP II,36,108,162.000.000,240,5%,115.425.000,"29 August, 2025","4 September, 2025"
3326096,2025,2025,BANK BTN,APERSI,tapak,JAMBI,KAB BUNGO,Bathin III,Bungo Taman Agung,P,PNS,6.783.520,PT JAYA BAKTI PERMATA SARI,PURWOBAKTI INDAH DUO,36,177,150.500.000,180,5%,107.231.250,"29 August, 2025","4 September, 2025"
3326216,2025,2025,BANK BTN,REI,tapak,JAMBI,KAB BUNGO,Bathin III,Manggis,P,PNS,3.400.000,PT CIPTA JAYA EWISA,BUNGO CIPTA GRAHA 6,36,108,166.000.000,220,5%,118.275.000,"29 August, 2025","4 September, 2025"
3326335,2025,2025,BANK BTN,REI,tapak,JAMBI,KAB BUNGO,Bathin III,Manggis,P,WIRASWASTA,3.300.000,PT CITRA NAE ZIDNI,CITRA RESIDENCE 2 (PENGEMBANGAN),36,187,166.000.000,240,5%,120.255.000,"30 August, 2025","4 September, 2025"
3326336,2025,2025,BANK BTN,REI,tapak,JAMBI,KAB BUNGO,Bathin III,Manggis,L,WIRASWASTA,4.500.000,PT CITRA NAE ZIDNI,CITRA RESIDENCE 2 (PENGEMBANGAN),36,108,166.000.000,180,5%,120.255.000,"30 August, 2025","4 September, 2025"
3326441,2025,2025,BANK BTN,REI,tapak,JAMBI,KAB BUNGO,Bathin III,Manggis,L,SWASTA,4.050.000,PT CITRA NAE ZIDNI,CITRA RESIDENCE 2 (PENGEMBANGAN),36,108,166.000.000,240,5%,120.255.000,"30 August, 2025","4 September, 2025"
3326508,2025,2025,BANK BTN,APERSI,tapak,JAMBI,KAB BUNGO,Rimbo Tengah,Sungai Mengkuang,L,SWASTA,5.546.760,PT SINAR PENYELAMAT UMAT,AL KAUTSAR RESIDENCE 8,30,90,140.000.000,180,5%,100.500.000,"30 August, 2025","4 September, 2025"
3326548,2025,2025,BANK BTN,APERSI,tapak,JAMBI,KAB BUNGO,Rimbo Tengah,Sungai Mengkuang,P,SWASTA,4.780.573,PT SINAR PENYELAMAT UMAT,AL KAUTSAR RESIDENCE 8,30,90,140.000.000,240,5%,100.500.000,"30 August, 2025","4 September, 2025"
3326551,2025,2025,BANK BTN,APERSI,tapak,JAMBI,KAB BUNGO,Rimbo Tengah,Sungai Mengkuang,L,SWASTA,5.584.000,PT SINAR PENYELAMAT UMAT,AL KAUTSAR RESIDENCE 8,36,105,166.000.000,180,5%,120.255.000,"30 August, 2025","4 September, 2025"
3326555,2025,2025,BANK BTN,APERSI,tapak,JAMBI,KAB BUNGO,Rimbo Tengah,Sungai Mengkuang,L,SWASTA,4.853.894,PT SINAR PENYELAMAT UMAT,AL KAUTSAR RESIDENCE 8,30,90,140.000.000,240,5%,100.500.000,"30 August, 2025","4 September, 2025"
3326556,2025,2025,BANK BTN,APERSI,tapak,JAMBI,KAB BUNGO,Rimbo Tengah,Sungai Mengkuang,P,SWASTA,4.601.000,PT SINAR PENYELAMAT UMAT,AL KAUTSAR RESIDENCE 8,30,90,140.000.000,180,5%,100.500.000,"30 August, 2025","4 September, 2025"
3328635,2025,2025,BANK BNI,APERSI,tapak,JAMBI,KAB BUNGO,Rimbo Tengah,Sungai Mengkuang,P,SWASTA,3.000.000,PT GRIYA MULYA LESTARI,GRIYA DAKSINAPATI ASRI,36,104,166.000.000,180,5%,118.275.000,"3 September, 2025","4 September, 2025"
3333507,2025,2025,BANK BNI,APERSI,tapak,JAMBI,KAB BUNGO,Rimbo Tengah,Sungai Mengkuang,L,LAINNYA,3.241.127,PT SINAR PENYELAMAT UMAT,AL KAUTSAR RESIDENCE 8,36,107,166.000.000,144,5%,120.255.000,"9 September, 2025","11 September, 2025"
3333508,2025,2025,BANK BNI,APERSI,tapak,JAMBI,KAB BUNGO,Rimbo Tengah,Sungai Mengkuang,P,WIRASWASTA,3.391.832,PT SINAR PENYELAMAT UMAT,AL KAUTSAR RESIDENCE 8,30,90,140.000.000,180,5%,100.500.000,"9 September, 2025","11 September, 2025"
3333509,2025,2025,BANK BNI,REI,tapak,JAMBI,KAB BUNGO,Bungo Dani,Talang Pantai,L,SWASTA,3.566.667,PT PERMATA REAL ESTATE,PERMATA SEI KERJAN,36,135,166.000.000,120,5%,120.255.000,"9 September, 2025","11 September, 2025"
3337668,2025,2025,BANK BNI,APERSI,tapak,JAMBI,KAB BUNGO,Rimbo Tengah,Sungai Mengkuang,L,SWASTA,4.816.833,PT SINAR PENYELAMAT UMAT,AL KAUTSAR RESIDENCE 8,30,90,140.000.000,180,5%,100.500.000,"10 September, 2025","15 September, 2025"
3337669,2025,2025,BANK BNI,APERSI,tapak,JAMBI,KAB BUNGO,Rimbo Tengah,Sungai Mengkuang,L,SWASTA,4.816.833,PT SINAR PENYELAMAT UMAT,AL KAUTSAR RESIDENCE 8,30,90,140.000.000,180,5%,100.500.000,"10 September, 2025","15 September, 2025"
3338061,2025,2025,BANK BTN,REI,tapak,JAMBI,KAB BUNGO,Rimbo Tengah,Cadika,L,SWASTA,4.200.000,PT DEFANA PERMATA GROUP,BUNGO ANUGRAH RESIDENCE,36,108,166.000.000,240,5%,118.275.000,"9 September, 2025","15 September, 2025"
3339775,2025,2025,BANK BTN,REI,tapak,JAMBI,KAB BUNGO,Pasar Muaro Bungo,Bungo Timur,L,SWASTA,4.400.000,PT ARAH BANGUN PRESTASI MANDIRI,PURI INDAH SEPAKAT,36,91,166.000.000,240,5%,105.225.000,"10 September, 2025","17 September, 2025"
3339950,2025,2025,BANK BTN,APERSI,tapak,JAMBI,KAB BUNGO,Rimbo Tengah,Sungai Mengkuang,L,SWASTA,4.250.000,PT SINAR PENYELAMAT UMAT,AL KAUTSAR RESIDENCE 8,30,90,140.000.000,240,5%,100.500.000,"10 September, 2025","17 September, 2025"
3340033,2025,2025,BANK BTN,REI,tapak,JAMBI,KAB BUNGO,Bathin III,Manggis,P,SWASTA,3.900.000,PT BUNGO BATHIN DAMAI,TAMAN CENDANA,36,108,162.000.000,180,5%,115.387.500,"11 September, 2025","17 September, 2025"
3340106,2025,2025,BANK BTN,REI,tapak,JAMBI,KAB BUNGO,Bathin III,Manggis,P,SWASTA,7.700.000,PT BUNGO BATHIN DAMAI,TAMAN CENDANA,36,108,162.000.000,240,5%,115.387.500,"11 September, 2025","17 September, 2025"
3340138,2025,2025,BANK BTN,REI,tapak,JAMBI,KAB BUNGO,Rimbo Tengah,Cadika,L,PNS,5.000.000,PT CANDIKA KAPITAL PROPERTINDO,CANDIKA ASRI,36,108,162.000.000,144,5%,97.500.000,"11 September, 2025","17 September, 2025"
3340364,2025,2025,BANK BTN,REI,tapak,JAMBI,KAB BUNGO,Bathin III,Manggis,L,SWASTA,6.000.000,PT CIPTA JAYA EWISA,BUNGO CIPTA GRAHA 5,36,108,166.000.000,180,5%,118.275.000,"11 September, 2025","17 September, 2025"
3340942,2025,2025,BANK BTN,REI,tapak,JAMBI,KAB BUNGO,Bathin III,Manggis,L,SWASTA,4.465.000,PT CITRA NAE ZIDNI,CITRA RESIDENCE 2 (PENGEMBANGAN),36,108,166.000.000,180,5%,120.255.000,"15 September, 2025","17 September, 2025"
3341871,2025,2025,BANK BTN,APERSI,tapak,JAMBI,KAB BUNGO,Rimbo Tengah,Sungai Mengkuang,P,SWASTA,4.990.000,PT SINAR PENYELAMAT UMAT,AL KAUTSAR RESIDENCE 8,30,90,140.000.000,240,5%,100.500.000,"16 September, 2025","22 September, 2025"
3342903,2025,2025,BANK BNI,APERSI,tapak,JAMBI,KAB BUNGO,Rimbo Tengah,Sungai Mengkuang,L,WIRASWASTA,7.500.000,PT GRIYA MULYA LESTARI,GRIYA DAKSINAPATI ASRI,36,104,166.000.000,180,5%,118.275.000,"12 September, 2025","18 September, 2025"
3342921,2025,2025,BANK BNI,REI,tapak,JAMBI,KAB BUNGO,Bathin III,Manggis,P,SWASTA,3.650.000,PT CITRA NAE ZIDNI,CITRA RESIDENCE 2 (PENGEMBANGAN),36,108,166.000.000,180,5%,120.255.000,"15 September, 2025","18 September, 2025"
3344524,2025,2025,BANK BTN,REI,tapak,JAMBI,KAB BUNGO,Rimbo Tengah,Pasir Putih,P,SWASTA,3.700.000,PT MITRA HARAPAN KENTJANA,GRAHA BUNGO KENTJANA,36,104,166.000.000,240,5%,114.225.000,"16 September, 2025","22 September, 2025"
3344791,2025,2025,BANK BTN,REI,tapak,JAMBI,KAB BUNGO,Rimbo Tengah,Cadika,L,SWASTA,6.165.000,PT BERKAH CIPTA PERKASA,ZAM ZAM RESIDENCE,36,96,166.000.000,180,5%,120.255.000,"17 September, 2025","22 September, 2025"
3344842,2025,2025,BANK BTN,REI,tapak,JAMBI,KAB BUNGO,Pasar Muaro Bungo,Bungo Timur,P,WIRASWASTA,9.900.000,PT ARAH BANGUN PRESTASI MANDIRI,PURI INDAH SEPAKAT,36,91,166.000.000,180,5%,120.255.000,"17 September, 2025","22 September, 2025"
3348591,2025,2025,BANK BTN,REI,tapak,JAMBI,KAB BUNGO,Pasar Muaro Bungo,Bungo Timur,P,SWASTA,3.526.205,PT ARAH BANGUN PRESTASI MANDIRI,PURI INDAH SEPAKAT,36,91,166.000.000,210,5%,120.255.000,"18 September, 2025","25 September, 2025"
3348888,2025,2025,BANK BTN,APERSI,tapak,JAMBI,KAB BUNGO,Rimbo Tengah,Sungai Mengkuang,L,SWASTA,9.384.920,PT SINAR PENYELAMAT UMAT,AL KAUTSAR RESIDENCE 8,30,90,140.000.000,180,5%,100.500.000,"19 September, 2025","25 September, 2025"
3349028,2025,2025,BANK BTN,APERSI,tapak,JAMBI,KAB BUNGO,Bathin III,Manggis,P,SWASTA,3.120.223,PT MITRA SENTOSA MANDIRI,SENTOSA RESIDENCE TAHAP II,36,108,162.000.000,240,5%,115.425.000,"19 September, 2025","25 September, 2025"
3349144,2025,2025,BANK BTN,APERSI,tapak,JAMBI,KAB BUNGO,Bathin III,Manggis,P,SWASTA,3.800.000,PT MITRA SENTOSA MANDIRI,SENTOSA RESIDENCE TAHAP II,36,108,162.000.000,200,5%,115.425.000,"19 September, 2025","25 September, 2025"
3349145,2025,2025,BANK BTN,APERSI,tapak,JAMBI,KAB BUNGO,Rimbo Tengah,Sungai Mengkuang,L,PNS,4.250.000,PT GRIYA MULYA LESTARI,GRIYA DAKSINAPATI ASRI,36,104,166.000.000,180,5%,118.275.000,"19 September, 2025","25 September, 2025"
3349146,2025,2025,BANK BTN,APERSI,tapak,JAMBI,KAB BUNGO,Rimbo Tengah,Sungai Mengkuang,P,SWASTA,4.200.000,PT GRIYA MULYA LESTARI,GRIYA DAKSINAPATI ASRI,36,104,166.000.000,180,5%,118.275.000,"19 September, 2025","25 September, 2025"
3349148,2025,2025,BANK BTN,APERSI,tapak,JAMBI,KAB BUNGO,Rimbo Tengah,Sungai Mengkuang,L,PNS,4.000.000,PT GRIYA MULYA LESTARI,GRIYA DAKSINAPATI ASRI,36,104,166.000.000,180,5%,118.275.000,"19 September, 2025","25 September, 2025"
3349156,2025,2025,BANK BTN,APERSI,tapak,JAMBI,KAB BUNGO,Rimbo Tengah,Sungai Mengkuang,L,SWASTA,5.803.323,PT SINAR PENYELAMAT UMAT,AL KAUTSAR RESIDENCE 8,30,90,140.000.000,180,5%,100.500.000,"19 September, 2025","25 September, 2025"
3349158,2025,2025,BANK BTN,APERSI,tapak,JAMBI,KAB BUNGO,Rimbo Tengah,Sungai Mengkuang,L,SWASTA,6.744.660,PT SINAR PENYELAMAT UMAT,AL KAUTSAR RESIDENCE 8,36,105,166.000.000,240,5%,120.255.000,"19 September, 2025","25 September, 2025"
3349353,2025,2025,BANK BTN,REI,tapak,JAMBI,KAB BUNGO,Bungo Dani,Talang Pantai,P,SWASTA,3.700.000,PT ANUGERAH REZEKI BERSAUDARA MADANI,BUNGO DANI RESIDENCE 3,36,103,162.000.000,240,5%,115.387.500,"19 September, 2025","25 September, 2025"
3349361,2025,2025,BANK BTN,APERSI,tapak,JAMBI,KAB BUNGO,Rimbo Tengah,Sungai Mengkuang,L,SWASTA,5.203.165,PT SINAR PENYELAMAT UMAT,AL KAUTSAR RESIDENCE 8,30,90,140.000.000,240,5%,100.500.000,"19 September, 2025","25 September, 2025"
3349470,2025,2025,BANK BTN,REI,tapak,JAMBI,KAB BUNGO,Bathin III,Manggis,L,SWASTA,7.000.000,PT CIPTA JAYA EWISA,BUNGO CIPTA GRAHA 5,36,108,166.000.000,168,5%,118.275.000,"22 September, 2025","25 September, 2025"
3349525,2025,2025,BANK BTN,REI,tapak,JAMBI,KAB BUNGO,Bathin III,Manggis,P,PNS,4.325.000,PT CIPTA JAYA EWISA,BUNGO CIPTA GRAHA 5,36,108,166.000.000,180,5%,118.275.000,"22 September, 2025","25 September, 2025"
3349549,2025,2025,BANK BTN,REI,tapak,JAMBI,KAB BUNGO,Rimbo Tengah,Cadika,L,SWASTA,4.000.000,PT BERKAH CIPTA PERKASA,ZAM ZAM RESIDENCE,36,96,166.000.000,180,5%,120.255.000,"22 September, 2025","25 September, 2025"
3350516,2025,2025,BANK BNI,APERSI,tapak,JAMBI,KAB BUNGO,Rimbo Tengah,Sungai Mengkuang,L,WIRASWASTA,6.891.674,PT SINAR PENYELAMAT UMAT,AL KAUTSAR RESIDENCE 8,30,90,140.000.000,180,5%,100.500.000,"17 September, 2025","25 September, 2025"
3350522,2025,2025,BANK BNI,REI,tapak,JAMBI,KAB BUNGO,Bathin III,Manggis,L,WIRASWASTA,7.538.333,PT CITRA NAE ZIDNI,CITRA RESIDENCE 3,34,144,166.000.000,120,5%,120.255.000,"17 September, 2025","25 September, 2025"
3350523,2025,2025,BANK BNI,APERSI,tapak,JAMBI,KAB BUNGO,Rimbo Tengah,Sungai Mengkuang,L,SWASTA,4.400.000,PT SINAR PENYELAMAT UMAT,AL KAUTSAR RESIDENCE 8,30,90,140.000.000,180,5%,100.500.000,"17 September, 2025","25 September, 2025"
3350525,2025,2025,BANK BNI,APERSI,tapak,JAMBI,KAB BUNGO,Rimbo Tengah,Sungai Mengkuang,P,WIRASWASTA,9.908.000,PT SINAR PENYELAMAT UMAT,AL KAUTSAR RESIDENCE 8,30,90,140.000.000,180,5%,100.500.000,"17 September, 2025","25 September, 2025"
3350601,2025,2025,BANK BNI,APERSI,tapak,JAMBI,KAB BUNGO,Rimbo Tengah,Sungai Mengkuang,L,WIRASWASTA,7.330.037,PT SINAR PENYELAMAT UMAT,AL KAUTSAR RESIDENCE 8,30,90,140.000.000,180,5%,100.500.000,"19 September, 2025","25 September, 2025"
3350604,2025,2025,BANK BNI,REI,tapak,JAMBI,KAB BUNGO,Bathin III,Manggis,L,SWASTA,6.000.000,PT CITRA NAE ZIDNI,CITRA RESIDENCE 2 (PENGEMBANGAN),36,108,166.000.000,180,5%,120.255.000,"19 September, 2025","25 September, 2025"
3350628,2025,2025,BANK BNI,REI,tapak,JAMBI,KAB BUNGO,Bathin III,Manggis,P,WIRASWASTA,5.000.000,PT CITRA NAE ZIDNI,CITRA RESIDENCE 3,36,108,166.000.000,120,5%,120.255.000,"22 September, 2025","25 September, 2025"
3351564,2025,2025,BANK BTN,REI,tapak,JAMBI,KAB BUNGO,Bathin III,Manggis,L,SWASTA,8.750.000,PT CIPTA JAYA EWISA,BUNGO CIPTA GRAHA 6,36,108,166.000.000,240,5%,118.275.000,"23 September, 2025","25 September, 2025"
3351568,2025,2025,BANK BTN,REI,tapak,JAMBI,KAB BUNGO,Pasar Muaro Bungo,Bungo Timur,P,PNS,3.978.253,PT ARAH BANGUN PRESTASI MANDIRI,PURI INDAH SEPAKAT,36,91,166.000.000,240,5%,120.255.000,"23 September, 2025","25 September, 2025"
3352863,2025,2025,BANK BTN,APERSI,tapak,JAMBI,KAB BUNGO,Rimbo Tengah,Sungai Mengkuang,L,SWASTA,5.000.000,PT SINAR PENYELAMAT UMAT,AL KAUTSAR RESIDENCE 8,30,90,140.000.000,180,5%,100.500.000,"23 September, 2025","29 September, 2025"
3352877,2025,2025,BANK BTN,APERSI,tapak,JAMBI,KAB BUNGO,Rimbo Tengah,Sungai Mengkuang,L,SWASTA,3.221.154,PT SINAR PENYELAMAT UMAT,AL KAUTSAR RESIDENCE 8,30,90,140.000.000,240,5%,100.500.000,"23 September, 2025","29 September, 2025"
3352878,2025,2025,BANK BTN,APERSI,tapak,JAMBI,KAB BUNGO,Rimbo Tengah,Sungai Mengkuang,P,SWASTA,4.500.000,PT SINAR PENYELAMAT UMAT,AL KAUTSAR RESIDENCE 8,30,90,140.000.000,180,5%,100.500.000,"23 September, 2025","29 September, 2025"
3352940,2025,2025,BANK BTN,APERSI,tapak,JAMBI,KAB BUNGO,Bathin III,Sungai Binjai,P,SWASTA,4.100.000,PT ADIAN RATU,VILLA ADIAN RATU,36,150,162.000.000,240,5%,115.425.000,"24 September, 2025","29 September, 2025"
3352944,2025,2025,BANK BTN,APERSI,tapak,JAMBI,KAB BUNGO,Rimbo Tengah,Sungai Mengkuang,L,SWASTA,4.000.000,PT GRIYA MULYA LESTARI,GRIYA DAKSINAPATI ASRI,36,104,166.000.000,180,5%,118.275.000,"24 September, 2025","29 September, 2025"
3352947,2025,2025,BANK BTN,APERSI,tapak,JAMBI,KAB BUNGO,Rimbo Tengah,Sungai Mengkuang,P,PNS,4.200.000,PT GRIYA MULYA LESTARI,GRIYA DAKSINAPATI ASRI,36,104,166.000.000,180,5%,118.275.000,"24 September, 2025","29 September, 2025"
3356469,2025,2025,BANK BNI,REI,tapak,JAMBI,KAB BUNGO,Bungo Dani,Sungai Kerjan,P,SWASTA,4.740.000,PT PERMATA REAL ESTATE,PERMATA SEI KERJAN,36,135,166.000.000,180,5%,120.255.000,"25 September, 2025","29 September, 2025"
3356491,2025,2025,BANK BNI,REI,tapak,JAMBI,KAB BUNGO,Bathin III,Manggis,L,LAINNYA,6.000.000,PT CITRA NAE ZIDNI,CITRA RESIDENCE 3,36,108,166.000.000,180,5%,120.255.000,"25 September, 2025","29 September, 2025"
3356492,2025,2025,BANK BNI,REI,tapak,JAMBI,KAB BUNGO,Bathin III,Manggis,L,SWASTA,3.533.333,PT CITRA NAE ZIDNI,CITRA RESIDENCE 3,36,144,166.000.000,120,5%,120.255.000,"25 September, 2025","29 September, 2025"
3356507,2025,2025,BANK BNI,REI,tapak,JAMBI,KAB BUNGO,Bathin III,Manggis,L,SWASTA,3.875.655,PT CITRA NAE ZIDNI,CITRA RESIDENCE 3,36,144,166.000.000,120,5%,120.255.000,"26 September, 2025","29 September, 2025"
3357124,2025,2025,BANK BTN,REI,tapak,JAMBI,KAB BUNGO,Bathin III,Bungo Taman Agung,L,SWASTA,4.100.000,PT BUNGO GRAHA INDAH,GRAHA NUSA INDAH 2,36,108,160.000.000,156,5%,114.000.000,"25 September, 2025","30 September, 2025"
3357136,2025,2025,BANK BTN,REI,tapak,JAMBI,KAB BUNGO,Bathin III,Bungo Taman Agung,L,WIRASWASTA,5.940.000,PT BUNGO GRAHA INDAH,GRAHA NUSA INDAH 2,36,108,160.000.000,180,5%,114.000.000,"25 September, 2025","30 September, 2025"
3357554,2025,2025,BANK BTN,APERSI,tapak,JAMBI,KAB BUNGO,Bathin III,Manggis,L,SWASTA,3.900.000,PT MITRA SENTOSA MANDIRI,SENTOSA RESIDENCE TAHAP II,36,108,162.000.000,240,5%,115.425.000,"25 September, 2025","30 September, 2025"
3357555,2025,2025,BANK BTN,REI,tapak,JAMBI,KAB BUNGO,Rimbo Tengah,Cadika,L,SWASTA,5.507.800,PT CANDIKA KAPITAL PROPERTINDO,CANDIKA ASRI,36,108,162.000.000,240,5%,115.500.000,"25 September, 2025","30 September, 2025"
3357566,2025,2025,BANK BTN,REI,tapak,JAMBI,KAB BUNGO,Bathin III,Bungo Taman Agung,L,WIRASWASTA,5.000.000,PT BUNGO GRAHA INDAH,GRAHA NUSA INDAH 2,36,108,160.000.000,180,5%,114.000.000,"25 September, 2025","30 September, 2025"
3357568,2025,2025,BANK BTN,REI,tapak,JAMBI,KAB BUNGO,Bathin III,Bungo Taman Agung,P,SWASTA,3.500.000,PT BUNGO GRAHA INDAH,GRAHA NUSA INDAH 2,36,108,160.000.000,240,5%,114.000.000,"25 September, 2025","30 September, 2025"
3357593,2025,2025,BANK BTN,REI,tapak,JAMBI,KAB BUNGO,Bathin III,Bungo Taman Agung,P,WIRASWASTA,9.487.500,PT BUNGO GRAHA INDAH,GRAHA NUSA INDAH 2,36,108,160.000.000,180,5%,114.000.000,"25 September, 2025","30 September, 2025"
3357700,2025,2025,BANK BTN,REI,tapak,JAMBI,KAB BUNGO,Bathin III,Bungo Taman Agung,L,SWASTA,3.500.000,PT BUNGO GRAHA INDAH,GRAHA NUSA INDAH 2,36,108,160.000.000,240,5%,114.000.000,"26 September, 2025","30 September, 2025"
3358026,2025,2025,BANK BTN,APERSI,tapak,JAMBI,KAB BUNGO,Rimbo Tengah,Sungai Mengkuang,L,SWASTA,6.026.740,PT SINAR PENYELAMAT UMAT,AL KAUTSAR RESIDENCE 8,30,90,140.000.000,120,5%,100.500.000,"26 September, 2025","30 September, 2025"
3362012,2025,2025,BANK BTN,REI,tapak,JAMBI,KAB BUNGO,Rimbo Tengah,Pasir Putih,P,PNS,4.102.700,PT MITRA HARAPAN KENTJANA,GRAHA BUNGO KENTJANA TAHAP 2,36,104,166.000.000,180,5%,120.255.000,"26 September, 2025","30 September, 2025"
3362540,2025,2025,BANK BTN,REI,tapak,JAMBI,KAB BUNGO,Bathin III,Manggis,P,SWASTA,4.370.000,PT CIPTA JAYA EWISA,BUNGO CIPTA GRAHA 6,36,108,166.000.000,180,5%,118.275.000,"29 September, 2025","30 September, 2025"
3362572,2025,2025,BANK BTN,REI,tapak,JAMBI,KAB BUNGO,Bathin III,Manggis,L,SWASTA,4.000.000,PT CIPTA JAYA EWISA,BUNGO CIPTA GRAHA 6,36,108,166.000.000,180,5%,118.275.000,"29 September, 2025","30 September, 2025"
3376737,2025,2025,BANK BTN,REI,tapak,JAMBI,KAB BUNGO,Bathin III,Manggis,L,SWASTA,4.487.515,PT CITRA NAE ZIDNI,CITRA RESIDENCE 3,36,108,166.000.000,240,5%,120.255.000,"29 September, 2025","2 October, 2025"
3376741,2025,2025,BANK BTN,REI,tapak,JAMBI,KAB BUNGO,Bathin III,Manggis,L,SWASTA,7.983.000,PT CITRA NAE ZIDNI,CITRA RESIDENCE 3,36,108,166.000.000,180,5%,120.255.000,"29 September, 2025","2 October, 2025"
3376747,2025,2025,BANK BTN,REI,tapak,JAMBI,KAB BUNGO,Bathin III,Manggis,P,WIRASWASTA,5.400.000,PT CITRA NAE ZIDNI,CITRA RESIDENCE 3,36,108,166.000.000,240,5%,110.137.500,"29 September, 2025","2 October, 2025"
3376778,2025,2025,BANK BTN,REI,tapak,JAMBI,KAB BUNGO,Bathin III,Manggis,L,SWASTA,4.221.000,PT CITRA NAE ZIDNI,CITRA RESIDENCE 3,36,108,166.000.000,180,5%,120.255.000,"29 September, 2025","2 October, 2025"
3376785,2025,2025,BANK BTN,REI,tapak,JAMBI,KAB BUNGO,Bathin III,Manggis,L,SWASTA,4.500.000,PT CITRA NAE ZIDNI,CITRA RESIDENCE 3,36,108,166.000.000,240,5%,120.255.000,"29 September, 2025","2 October, 2025"
3376909,2025,2025,BANK BTN,REI,tapak,JAMBI,KAB BUNGO,Bathin III,Manggis,P,WIRASWASTA,6.000.000,PT CITRA NAE ZIDNI,CITRA RESIDENCE 3,36,108,166.000.000,180,5%,120.255.000,"29 September, 2025","2 October, 2025"
3377125,2025,2025,BANK BTN,REI,tapak,JAMBI,KAB BUNGO,Bathin III,Sungai Binjai,P,SWASTA,4.800.000,PT KHAIRUNNISA BUNGO DEMPO,DEMPO RESIDENCE 2,36,108,166.000.000,240,5%,118.275.000,"30 September, 2025","2 October, 2025"
3377483,2025,2025,BANK BTN,REI,tapak,JAMBI,KAB BUNGO,Rimbo Tengah,Pasir Putih,L,SWASTA,7.428.100,PT MITRA HARAPAN KENTJANA,GRAHA BUNGO KENTJANA TAHAP 2,36,91,166.000.000,240,5%,94.500.000,"30 September, 2025","2 October, 2025"
3377488,2025,2025,BANK BTN,REI,tapak,JAMBI,KAB BUNGO,Bathin III,Manggis,P,SWASTA,9.700.000,PT BUNGO BATHIN DAMAI,TAMAN CENDANA,36,140,162.000.000,180,5%,115.387.500,"30 September, 2025","2 October, 2025"
3377489,2025,2025,BANK BTN,REI,tapak,JAMBI,KAB BUNGO,Bathin III,Manggis,L,WIRASWASTA,3.782.000,PT CITRA NAE ZIDNI,CITRA RESIDENCE 3,36,108,166.000.000,240,5%,120.255.000,"30 September, 2025","2 October, 2025"
3377491,2025,2025,BANK BTN,REI,tapak,JAMBI,KAB BUNGO,Bathin III,Manggis,P,SWASTA,6.000.000,PT BUNGO BATHIN DAMAI,TAMAN CENDANA,36,140,162.000.000,240,5%,115.387.500,"30 September, 2025","2 October, 2025"
3377621,2025,2025,BANK BTN,REI,tapak,JAMBI,KAB BUNGO,Bathin III,Manggis,P,WIRASWASTA,6.500.000,PT CITRA NAE ZIDNI,CITRA RESIDENCE 3,36,108,166.000.000,120,5%,120.255.000,"30 September, 2025","2 October, 2025"
3382980,2025,2025,BANK BNI,REI,tapak,JAMBI,KAB BUNGO,Bathin III,Manggis,L,SWASTA,6.500.000,PT CITRA NAE ZIDNI,CITRA RESIDENCE 3,36,108,166.000.000,120,5%,120.255.000,"30 September, 2025","3 October, 2025"
3382981,2025,2025,BANK BNI,REI,tapak,JAMBI,KAB BUNGO,Bathin III,Manggis,L,WIRASWASTA,6.000.000,PT CITRA NAE ZIDNI,CITRA RESIDENCE 3,36,108,166.000.000,120,5%,120.255.000,"30 September, 2025","3 October, 2025"
3385189,2025,2025,BANK BTN,REI,tapak,JAMBI,KAB BUNGO,Bathin III,Manggis,L,TNI/POLRI,7.064.800,PT CITRA NAE ZIDNI,CITRA RESIDENCE 3,36,108,166.000.000,240,5%,120.255.000,"3 October, 2025","7 October, 2025"
3387704,2025,2025,BANK BTN,REI,tapak,JAMBI,KAB BUNGO,Bathin III,Manggis,L,SWASTA,5.050.000,PT CITRA NAE ZIDNI,CITRA RESIDENCE 3,36,108,166.000.000,240,5%,120.255.000,"6 October, 2025","8 October, 2025"
3388871,2025,2025,BANK SYARIAH NASIONAL,APERSI,tapak,JAMBI,KAB BUNGO,Rimbo Tengah,Sungai Mengkuang,L,SWASTA,8.400.000,PT SINAR PENYELAMAT UMAT,AL KAUTSAR RESIDENCE 8,30,105,166.000.000,120,5%,120.255.000,"12 September, 2025","10 October, 2025"
3388872,2025,2025,BANK SYARIAH NASIONAL,APERSI,tapak,JAMBI,KAB BUNGO,Rimbo Tengah,Sungai Mengkuang,P,SWASTA,4.600.000,PT SINAR PENYELAMAT UMAT,AL KAUTSAR RESIDENCE 8,30,90,140.000.000,240,5%,100.500.000,"12 September, 2025","10 October, 2025"
3388874,2025,2025,BANK SYARIAH NASIONAL,APERSI,tapak,JAMBI,KAB BUNGO,Rimbo Tengah,Sungai Mengkuang,P,SWASTA,5.300.000,PT SINAR PENYELAMAT UMAT,AL KAUTSAR RESIDENCE 8,30,90,140.000.000,180,5%,100.500.000,"12 September, 2025","10 October, 2025"
3389598,2025,2025,BANK BTN,APERSI,tapak,JAMBI,KAB BUNGO,Bathin III,Sungai Binjai,L,WIRASWASTA,8.000.000,PT CHYNTA AZZUHRA SEJAHTERA,SKB RESIDENCE,36,105,162.000.000,180,5%,115.425.000,"7 October, 2025","10 October, 2025"
3389604,2025,2025,BANK BTN,APERSI,tapak,JAMBI,KAB BUNGO,Bathin III,Sungai Binjai,P,WIRASWASTA,4.800.000,PT CHYNTA AZZUHRA SEJAHTERA,SKB RESIDENCE,36,106,162.000.000,180,5%,115.425.000,"7 October, 2025","10 October, 2025"
3389739,2025,2025,BANK BTN,REI,tapak,JAMBI,KAB BUNGO,Rimbo Tengah,Sungai Mengkuang,L,WIRASWASTA,5.500.000,PT KHOVIZ LANSKAP PROPERTI,PESSONA BUNGO RESIDENCE,36,108,166.000.000,180,5%,118.275.000,"8 October, 2025","10 October, 2025"
3391082,2025,2025,BANK BTN,REI,tapak,JAMBI,KAB BUNGO,Rimbo Tengah,Cadika,P,SWASTA,4.972.466,PT DEFANA PERMATA GROUP,BUNGO ANUGRAH RESIDENCE,36,150,166.000.000,240,5%,118.275.000,"9 October, 2025","13 October, 2025"
3391918,2025,2025,BANK BTN,REI,tapak,JAMBI,KAB BUNGO,Batin II Babeko,Tanjung Menanti,L,SWASTA,5.500.000,PT PETRA CIPTA UTAMA,GREEN PETRA 2,36,108,166.000.000,240,5%,118.500.000,"9 October, 2025","14 October, 2025"
3394436,2025,2025,BANK BTN,REI,tapak,JAMBI,KAB BUNGO,Bathin III,Manggis,L,SWASTA,4.350.000,PT CITRA NAE ZIDNI,CITRA RESIDENCE 3,36,108,166.000.000,180,5%,120.255.000,"10 October, 2025","14 October, 2025"
3397481,2025,2025,BANK BTN,REI,tapak,JAMBI,KAB BUNGO,Bathin III,Manggis,P,SWASTA,4.000.000,PT CITRA NAE ZIDNI,CITRA RESIDENCE 3,36,108,166.000.000,240,5%,100.725.000,"14 October, 2025","16 October, 2025"
3400626,2025,2025,BANK BTN,REI,tapak,JAMBI,KAB BUNGO,Bathin III,Manggis,P,SWASTA,4.000.000,PT CIPTA JAYA EWISA,BUNGO CIPTA GRAHA 6,36,108,166.000.000,180,5%,118.275.000,"15 October, 2025","17 October, 2025"
3400627,2025,2025,BANK BTN,REI,tapak,JAMBI,KAB BUNGO,Bathin III,Manggis,L,SWASTA,3.905.000,PT CIPTA JAYA EWISA,BUNGO CIPTA GRAHA 6,36,108,166.000.000,240,5%,118.275.000,"15 October, 2025","17 October, 2025"
3400649,2025,2025,BANK BTN,REI,tapak,JAMBI,KAB BUNGO,Bathin III,Manggis,P,SWASTA,3.873.000,PT CIPTA JAYA EWISA,BUNGO CIPTA GRAHA 6,36,108,166.000.000,240,5%,118.275.000,"15 October, 2025","17 October, 2025"
3400713,2025,2025,BANK BTN,REI,tapak,JAMBI,KAB BUNGO,Bathin III,Manggis,P,SWASTA,3.991.666,PT CIPTA JAYA EWISA,BUNGO CIPTA GRAHA 6,36,108,166.000.000,180,5%,118.275.000,"15 October, 2025","17 October, 2025"
3401808,2025,2025,BANK BTN,APERSI,tapak,JAMBI,KAB BUNGO,Rimbo Tengah,Sungai Mengkuang,P,SWASTA,4.700.000,PT SINAR PENYELAMAT UMAT,AL KAUTSAR RESIDENCE 8,30,90,140.000.000,240,5%,100.500.000,"16 October, 2025","29 October, 2025"
3401895,2025,2025,BANK BTN,APERSI,tapak,JAMBI,KAB BUNGO,Rimbo Tengah,Sungai Mengkuang,L,SWASTA,6.374.000,PT SINAR PENYELAMAT UMAT,AL KAUTSAR RESIDENCE 8,36,105,166.000.000,180,5%,120.255.000,"17 October, 2025","29 October, 2025"
3402035,2025,2025,BANK BTN,APERSI,tapak,JAMBI,KAB BUNGO,Rimbo Tengah,Sungai Mengkuang,P,SWASTA,4.273.000,PT SINAR PENYELAMAT UMAT,AL KAUTSAR RESIDENCE 8,30,90,140.000.000,180,5%,100.500.000,"17 October, 2025","29 October, 2025"
3402165,2025,2025,BANK BTN,APERSI,tapak,JAMBI,KAB BUNGO,Rimbo Tengah,Sungai Mengkuang,L,SWASTA,5.120.000,PT SINAR PENYELAMAT UMAT,AL KAUTSAR RESIDENCE 8,36,105,166.000.000,240,5%,120.255.000,"17 October, 2025","29 October, 2025"
3402172,2025,2025,BANK BTN,REI,tapak,JAMBI,KAB BUNGO,Bathin III,Manggis,L,SWASTA,7.157.000,PT CITRA NAE ZIDNI,CITRA RESIDENCE 3,36,108,166.000.000,180,5%,120.255.000,"17 October, 2025","29 October, 2025"
3403102,2025,2025,BANK SYARIAH NASIONAL,APERSI,tapak,JAMBI,KAB BUNGO,Rimbo Tengah,Sungai Mengkuang,P,SWASTA,4.300.000,PT SINAR PENYELAMAT UMAT,AL KAUTSAR RESIDENCE 8,30,90,140.000.000,240,5%,100.500.000,"12 September, 2025","22 October, 2025"
3403103,2025,2025,BANK SYARIAH NASIONAL,APERSI,tapak,JAMBI,KAB BUNGO,Rimbo Tengah,Sungai Mengkuang,P,SWASTA,5.400.000,PT SINAR PENYELAMAT UMAT,AL KAUTSAR RESIDENCE 8,30,90,140.000.000,240,5%,100.500.000,"12 September, 2025","22 October, 2025"
3403104,2025,2025,BANK SYARIAH NASIONAL,APERSI,tapak,JAMBI,KAB BUNGO,Rimbo Tengah,Sungai Mengkuang,L,SWASTA,7.600.000,PT SINAR PENYELAMAT UMAT,AL KAUTSAR RESIDENCE 8,30,90,140.000.000,240,5%,100.500.000,"12 September, 2025","22 October, 2025"
3405191,2025,2025,BANK BNI,REI,tapak,JAMBI,KAB BUNGO,Bathin III,Manggis,L,LAINNYA,4.500.000,PT CITRA NAE ZIDNI,CITRA RESIDENCE 3,36,108,166.000.000,180,5%,120.255.000,"7 October, 2025","22 October, 2025"
3405192,2025,2025,BANK BNI,REI,tapak,JAMBI,KAB BUNGO,Bathin III,Manggis,L,SWASTA,7.000.000,PT CITRA NAE ZIDNI,CITRA RESIDENCE 3,36,108,166.000.000,180,5%,120.255.000,"7 October, 2025","22 October, 2025"
3405217,2025,2025,BANK BNI,APERSI,tapak,JAMBI,KAB BUNGO,Rimbo Tengah,Sungai Mengkuang,L,SWASTA,4.202.574,PT GRIYA MULYA LESTARI,GRIYA DAKSINAPATI ASRI,36,104,166.000.000,180,5%,118.275.000,"8 October, 2025","22 October, 2025"
3405337,2025,2025,BANK BNI,APERSI,tapak,JAMBI,KAB BUNGO,Rimbo Tengah,Sungai Mengkuang,L,SWASTA,4.300.000,PT GRIYA MULYA LESTARI,GRIYA DAKSINAPATI ASRI,36,104,166.000.000,180,5%,118.275.000,"13 October, 2025","22 October, 2025"
3405361,2025,2025,BANK BNI,REI,tapak,JAMBI,KAB BUNGO,Bathin III,Manggis,L,WIRASWASTA,7.000.000,PT CITRA NAE ZIDNI,CITRA RESIDENCE 3,36,120,166.000.000,180,5%,120.255.000,"14 October, 2025","22 October, 2025"
3405369,2025,2025,BANK BNI,APERSI,tapak,JAMBI,KAB BUNGO,Rimbo Tengah,Sungai Mengkuang,L,SWASTA,3.800.000,PT GRIYA MULYA LESTARI,GRIYA DAKSINAPATI ASRI,36,104,166.000.000,180,5%,118.275.000,"14 October, 2025","22 October, 2025"
3405396,2025,2025,BANK BNI,REI,tapak,JAMBI,KAB BUNGO,Bathin III,Manggis,L,LAINNYA,5.921.667,PT CITRA NAE ZIDNI,CITRA RESIDENCE 3,36,108,166.000.000,120,5%,120.255.000,"15 October, 2025","22 October, 2025"
3405419,2025,2025,BANK BNI,REI,tapak,JAMBI,KAB BUNGO,Bathin III,Manggis,P,LAINNYA,2.800.000,PT CITRA NAE ZIDNI,CITRA RESIDENCE 3,36,108,166.000.000,180,5%,120.255.000,"15 October, 2025","22 October, 2025"
3405554,2025,2025,BANK BNI,REI,tapak,JAMBI,KAB BUNGO,Bathin III,Manggis,P,LAINNYA,3.095.560,PT CITRA NAE ZIDNI,CITRA RESIDENCE 3,36,108,166.000.000,180,5%,120.255.000,"21 October, 2025","22 October, 2025"
3407914,2025,2025,BANK BTN,APERSI,tapak,JAMBI,KAB BUNGO,Rimbo Tengah,Sungai Mengkuang,P,WIRASWASTA,7.500.000,PT SINAR PENYELAMAT UMAT,AL KAUTSAR RESIDENCE 8,36,105,166.000.000,240,5%,120.255.000,"17 October, 2025","29 October, 2025"
3408657,2025,2025,BANK BNI,REI,tapak,JAMBI,KAB BUNGO,Bathin III,Manggis,L,SWASTA,4.200.000,PT CITRA NAE ZIDNI,CITRA RESIDENCE 3,36,108,166.000.000,180,5%,120.255.000,"22 October, 2025","27 October, 2025"
3408659,2025,2025,BANK BNI,REI,tapak,JAMBI,KAB BUNGO,Bathin III,Manggis,L,LAINNYA,4.302.873,PT CITRA NAE ZIDNI,CITRA RESIDENCE 3,36,108,166.000.000,120,5%,120.255.000,"22 October, 2025","27 October, 2025"
3409165,2025,2025,BANK BTN,REI,tapak,JAMBI,KAB BUNGO,Bathin III,Manggis,P,SWASTA,4.946.250,PT CITRA NAE ZIDNI,CITRA RESIDENCE 3,36,108,166.000.000,240,5%,120.255.000,"21 October, 2025","29 October, 2025"
3412961,2025,2025,BANK BTN,REI,tapak,JAMBI,KAB BUNGO,Bathin III,Sungai Binjai,P,SWASTA,5.997.000,PT KHAIRUNNISA BUNGO DEMPO,DEMPO RESIDENCE 2,36,108,166.000.000,180,5%,118.275.000,"22 October, 2025","30 October, 2025"
3415005,2025,2025,BANK BNI,REI,tapak,JAMBI,KAB BUNGO,Bathin III,Manggis,P,LAINNYA,3.841.330,PT CITRA NAE ZIDNI,CITRA RESIDENCE 2 (PENGEMBANGAN),36,108,166.000.000,180,5%,120.255.000,"24 October, 2025","30 October, 2025"
3415009,2025,2025,BANK BNI,REI,tapak,JAMBI,KAB BUNGO,Bathin III,Manggis,P,LAINNYA,7.202.170,PT CITRA NAE ZIDNI,CITRA RESIDENCE 3,36,108,166.000.000,180,5%,120.255.000,"24 October, 2025","30 October, 2025"
3421198,2025,2025,BANK BNI,REI,tapak,JAMBI,KAB BUNGO,Bathin III,Manggis,P,WIRASWASTA,5.000.000,PT CITRA NAE ZIDNI,CITRA RESIDENCE 3,36,108,166.000.000,180,5%,120.255.000,"29 October, 2025","31 October, 2025"
3421262,2025,2025,BANK BNI,REI,tapak,JAMBI,KAB BUNGO,Bathin III,Manggis,P,LAINNYA,3.518.167,PT CITRA NAE ZIDNI,CITRA RESIDENCE 3,36,108,166.000.000,120,5%,120.255.000,"30 October, 2025","31 October, 2025"
3424808,2025,2025,BANK BTN,APERSI,tapak,JAMBI,KAB BUNGO,Rimbo Tengah,Sungai Mengkuang,L,SWASTA,6.849.984,PT SINAR PENYELAMAT UMAT,AL KAUTSAR RESIDENCE 8,30,90,140.000.000,240,5%,100.500.000,"27 October, 2025","4 November, 2025"
3425637,2025,2025,BANK BTN,APERSI,tapak,JAMBI,KAB BUNGO,Rimbo Tengah,Sungai Mengkuang,L,SWASTA,4.416.225,PT SINAR PENYELAMAT UMAT,AL KAUTSAR RESIDENCE 8,30,90,140.000.000,180,5%,100.500.000,"17 October, 2025","4 November, 2025"
3425680,2025,2025,BANK BTN,APERSI,tapak,JAMBI,KAB BUNGO,Rimbo Tengah,Sungai Mengkuang,L,SWASTA,5.579.238,PT SINAR PENYELAMAT UMAT,AL KAUTSAR RESIDENCE 8,36,90,140.000.000,240,5%,100.500.000,"28 October, 2025","4 November, 2025"
3425904,2025,2025,BANK BTN,APERSI,tapak,JAMBI,KAB BUNGO,Rimbo Tengah,Sungai Mengkuang,P,SWASTA,3.941.000,PT AMARDHIKA TUJUH LANGIT,LANGIT RESIDENCE,36,120,162.000.000,180,5%,117.285.000,"29 October, 2025","4 November, 2025"
3426007,2025,2025,BANK MANDIRI,REI,tapak,JAMBI,KAB BUNGO,Bathin III,Manggis,L,SWASTA,4.000.000,"PT CIPTA JAYA EWISA, PT",BUNGO CIPTA GRAHA 5,36,108,166.000.000,180,5%,120.225.000,"30 October, 2025","3 November, 2025"
3426091,2025,2025,BANK BTN,APERSI,tapak,JAMBI,KAB BUNGO,Rimbo Tengah,Sungai Mengkuang,L,WIRASWASTA,4.225.000,PT SINAR PENYELAMAT UMAT,AL KAUTSAR RESIDENCE 8,30,90,140.000.000,180,5%,100.500.000,"16 October, 2025","4 November, 2025"
3427109,2025,2025,BANK BTN,REI,tapak,JAMBI,KAB BUNGO,Bathin III,Manggis,P,SWASTA,4.200.000,PT CITRA NAE ZIDNI,CITRA RESIDENCE 3,36,108,166.000.000,240,5%,120.255.000,"30 October, 2025","4 November, 2025"
3427254,2025,2025,BANK BTN,APERSI,tapak,JAMBI,KAB BUNGO,Bathin III,Manggis,L,SWASTA,5.294.000,PT MITRA SENTOSA MANDIRI,SENTOSA RESIDENCE TAHAP II,36,108,162.000.000,144,5%,115.425.000,"30 October, 2025","4 November, 2025"
3427269,2025,2025,BANK BTN,APERSI,tapak,JAMBI,KAB BUNGO,Bathin III,Manggis,P,SWASTA,3.700.000,PT MITRA SENTOSA MANDIRI,SENTOSA RESIDENCE TAHAP II,36,108,162.000.000,240,5%,115.425.000,"30 October, 2025","4 November, 2025"
3427517,2025,2025,BANK BTN,REI,tapak,JAMBI,KAB BUNGO,Bathin III,Manggis,L,SWASTA,4.193.654,PT CITRA NAE ZIDNI,CITRA RESIDENCE 3,36,108,166.000.000,180,5%,120.255.000,"30 October, 2025","4 November, 2025"
3428728,2025,2025,BANK BTN,APERSI,tapak,JAMBI,KAB BUNGO,Rimbo Tengah,Sungai Mengkuang,L,SWASTA,6.495.698,PT SINAR PENYELAMAT UMAT,AL KAUTSAR RESIDENCE 8,30,90,140.000.000,240,5%,100.500.000,"31 October, 2025","6 November, 2025"
3431233,2025,2025,BANK BTN,APERSI,tapak,JAMBI,KAB BUNGO,Rimbo Tengah,Sungai Mengkuang,L,WIRASWASTA,4.100.000,PT AMARDHIKA TUJUH LANGIT,LANGIT RESIDENCE,36,150,162.000.000,180,5%,117.285.000,"3 November, 2025","6 November, 2025"
3437622,2025,2025,BANK JAMBI,APERSI,tapak,JAMBI,KAB BUNGO,Rimbo Tengah,Pasir Putih,L,LAINNYA,3.150.000,PT DUPAN BERKAH SEJAHTERA,KENZIE RESIDENCE,36,108,166.000.000,180,5%,118.275.000,"8 October, 2025","14 November, 2025"
3437636,2025,2025,BANK JAMBI,APERSI,tapak,JAMBI,KAB BUNGO,Rimbo Tengah,Pasir Putih,P,SWASTA,2.220.000,PT DUPAN BERKAH SEJAHTERA,KENZIE RESIDENCE,36,108,166.000.000,180,5%,118.275.000,"15 October, 2025","14 November, 2025"
3439319,2025,2025,BANK BNI,REI,tapak,JAMBI,KAB BUNGO,Bathin III,Manggis,P,LAINNYA,6.237.340,PT CITRA NAE ZIDNI,CITRA RESIDENCE 3,36,108,166.000.000,180,5%,120.255.000,"6 November, 2025","14 November, 2025"
3439369,2025,2025,BANK BNI,REI,tapak,JAMBI,KAB BUNGO,Bathin III,Manggis,P,LAINNYA,4.100.000,PT CITRA NAE ZIDNI,CITRA RESIDENCE 3,36,108,166.000.000,180,5%,120.255.000,"7 November, 2025","14 November, 2025"
3439370,2025,2025,BANK BNI,REI,tapak,JAMBI,KAB BUNGO,Bungo Dani,Sungai Kerjan,L,SWASTA,2.750.000,PT PERMATA REAL ESTATE,PERMATA SEI KERJAN,36,135,166.000.000,180,5%,120.255.000,"7 November, 2025","14 November, 2025"
3439414,2025,2025,BANK BNI,REI,tapak,JAMBI,KAB BUNGO,Bathin III,Manggis,L,LAINNYA,3.400.000,PT CITRA NAE ZIDNI,CITRA RESIDENCE 2 (PENGEMBANGAN),36,108,166.000.000,180,5%,120.255.000,"11 November, 2025","14 November, 2025"
3439415,2025,2025,BANK BNI,REI,tapak,JAMBI,KAB BUNGO,Bathin III,Manggis,L,SWASTA,5.400.000,PT CITRA NAE ZIDNI,CITRA RESIDENCE 3,36,108,166.000.000,180,5%,120.255.000,"11 November, 2025","14 November, 2025"
3439418,2025,2025,BANK BNI,REI,tapak,JAMBI,KAB BUNGO,Bathin III,Manggis,P,LAINNYA,3.778.333,PT CITRA NAE ZIDNI,CITRA RESIDENCE 3,36,108,166.000.000,120,5%,120.255.000,"12 November, 2025","14 November, 2025"
3441240,2025,2025,BANK BNI,REI,tapak,JAMBI,KAB BUNGO,Bathin III,Manggis,L,LAINNYA,7.356.593,PT CITRA NAE ZIDNI,CITRA RESIDENCE 2 (PENGEMBANGAN),36,108,166.000.000,180,5%,120.255.000,"12 November, 2025","14 November, 2025"
3445614,2025,2025,BANK BTN,REI,tapak,JAMBI,KAB BUNGO,Bathin III,Manggis,P,SWASTA,6.647.130,PT CITRA NAE ZIDNI,CITRA RESIDENCE 3,36,108,166.000.000,180,5%,120.255.000,"28 October, 2025","27 November, 2025"
3445806,2025,2025,BANK BTN,APERSI,tapak,JAMBI,KAB BUNGO,Rimbo Tengah,Sungai Mengkuang,L,WIRASWASTA,8.000.000,PT SINAR PENYELAMAT UMAT,AL KAUTSAR RESIDENCE 8,30,90,140.000.000,240,5%,98.250.000,"3 November, 2025","27 November, 2025"
3445808,2025,2025,BANK BTN,APERSI,tapak,JAMBI,KAB BUNGO,Rimbo Tengah,Sungai Mengkuang,L,SWASTA,5.494.000,PT SINAR PENYELAMAT UMAT,AL KAUTSAR RESIDENCE 8,36,105,166.000.000,240,5%,120.255.000,"3 November, 2025","27 November, 2025"
3445816,2025,2025,BANK BTN,APERSI,tapak,JAMBI,KAB BUNGO,Rimbo Tengah,Sungai Mengkuang,P,SWASTA,4.283.000,PT SINAR PENYELAMAT UMAT,AL KAUTSAR RESIDENCE 8,30,90,140.000.000,204,5%,100.500.000,"3 November, 2025","27 November, 2025"
3445817,2025,2025,BANK BTN,APERSI,tapak,JAMBI,KAB BUNGO,Rimbo Tengah,Sungai Mengkuang,L,SWASTA,2.800.000,PT SINAR PENYELAMAT UMAT,AL KAUTSAR RESIDENCE 8,30,90,140.000.000,240,5%,100.500.000,"3 November, 2025","27 November, 2025"
3445818,2025,2025,BANK BTN,APERSI,tapak,JAMBI,KAB BUNGO,Rimbo Tengah,Sungai Mengkuang,L,WIRASWASTA,4.300.000,PT SINAR PENYELAMAT UMAT,AL KAUTSAR RESIDENCE 8,30,90,140.000.000,180,5%,100.500.000,"3 November, 2025","27 November, 2025"
3445819,2025,2025,BANK BTN,APERSI,tapak,JAMBI,KAB BUNGO,Rimbo Tengah,Sungai Mengkuang,L,SWASTA,5.500.000,PT SINAR PENYELAMAT UMAT,AL KAUTSAR RESIDENCE 8,30,90,140.000.000,240,5%,100.500.000,"3 November, 2025","27 November, 2025"
3445820,2025,2025,BANK BTN,APERSI,tapak,JAMBI,KAB BUNGO,Rimbo Tengah,Sungai Mengkuang,P,SWASTA,4.847.000,PT SINAR PENYELAMAT UMAT,AL KAUTSAR RESIDENCE 8,30,90,140.000.000,180,5%,100.500.000,"3 November, 2025","27 November, 2025"
3445936,2025,2025,BANK BTN,REI,tapak,JAMBI,KAB BUNGO,Rimbo Tengah,Pasir Putih,L,PNS,3.463.500,PT MITRA HARAPAN KENTJANA,GRAHA BUNGO KENTJANA TAHAP 2,36,91,166.000.000,240,5%,120.255.000,"5 November, 2025","27 November, 2025"
3445949,2025,2025,BANK BTN,REI,tapak,JAMBI,KAB BUNGO,Bathin III,Manggis,L,SWASTA,4.300.000,PT CIPTA JAYA EWISA,BUNGO CIPTA GRAHA 6,36,108,166.000.000,180,5%,118.275.000,"5 November, 2025","27 November, 2025"
3445969,2025,2025,BANK BTN,REI,tapak,JAMBI,KAB BUNGO,Bathin III,Manggis,L,SWASTA,5.200.000,PT BUNGO BATHIN DAMAI,TAMAN CENDANA,36,108,162.000.000,180,5%,115.387.500,"5 November, 2025","27 November, 2025"
3446044,2025,2025,BANK BTN,APERSI,tapak,JAMBI,KAB BUNGO,Rimbo Tengah,Sungai Mengkuang,P,WIRASWASTA,4.100.000,PT SINAR PENYELAMAT UMAT,AL KAUTSAR RESIDENCE 8,30,90,140.000.000,240,5%,100.500.000,"5 November, 2025","27 November, 2025"
3446049,2025,2025,BANK BTN,APERSI,tapak,JAMBI,KAB BUNGO,Bathin III,Sungai Binjai,L,SWASTA,4.000.000,PT ADIAN RATU,VILLA ADIAN RATU,36,150,162.000.000,180,5%,115.425.000,"5 November, 2025","27 November, 2025"
3446324,2025,2025,BANK BTN,REI,tapak,JAMBI,KAB BUNGO,Rimbo Tengah,Sungai Mengkuang,P,SWASTA,4.000.000,PT BERKAH CIPTA PERKASA,AL MADINAH 2,36,108,166.000.000,240,5%,120.255.000,"7 November, 2025","27 November, 2025"
3448910,2025,2025,BANK BNI,REI,tapak,JAMBI,KAB BUNGO,Bungo Dani,Sungai Kerjan,L,SWASTA,8.000.000,PT PERMATA REAL ESTATE,PERMATA SEI KERJAN,36,108,166.000.000,72,5%,120.255.000,"13 November, 2025","19 November, 2025"
3448936,2025,2025,BANK BNI,REI,tapak,JAMBI,KAB BUNGO,Bathin III,Manggis,P,WIRASWASTA,4.465.707,PT CITRA NAE ZIDNI,CITRA RESIDENCE 2 (PENGEMBANGAN),36,108,166.000.000,180,5%,120.255.000,"14 November, 2025","19 November, 2025"
3450544,2025,2025,BANK BNI,APERSI,tapak,JAMBI,KAB BUNGO,Rimbo Tengah,Sungai Mengkuang,L,SWASTA,3.600.000,PT GRIYA MULYA LESTARI,GRIYA DAKSINAPATI ASRI 2,36,104,166.000.000,180,5%,120.255.000,"18 November, 2025","21 November, 2025"
3450545,2025,2025,BANK BNI,APERSI,tapak,JAMBI,KAB BUNGO,Rimbo Tengah,Sungai Mengkuang,P,SWASTA,3.000.000,PT GRIYA MULYA LESTARI,GRIYA DAKSINAPATI ASRI 2,36,104,166.000.000,180,5%,120.255.000,"18 November, 2025","21 November, 2025"
3450546,2025,2025,BANK BNI,APERSI,tapak,JAMBI,KAB BUNGO,Rimbo Tengah,Sungai Mengkuang,P,SWASTA,7.616.667,PT GRIYA MULYA LESTARI,GRIYA DAKSINAPATI ASRI 2,36,104,166.000.000,180,5%,120.255.000,"18 November, 2025","21 November, 2025"
3450547,2025,2025,BANK BNI,APERSI,tapak,JAMBI,KAB BUNGO,Rimbo Tengah,Sungai Mengkuang,P,SWASTA,3.200.000,PT GRIYA MULYA LESTARI,GRIYA DAKSINAPATI ASRI 2,36,104,166.000.000,180,5%,120.255.000,"18 November, 2025","21 November, 2025"
3450553,2025,2025,BANK BNI,APERSI,tapak,JAMBI,KAB BUNGO,Rimbo Tengah,Sungai Mengkuang,L,SWASTA,4.000.000,PT GRIYA MULYA LESTARI,GRIYA DAKSINAPATI ASRI 2,36,104,166.000.000,180,5%,120.255.000,"18 November, 2025","21 November, 2025"
3450557,2025,2025,BANK BNI,APERSI,tapak,JAMBI,KAB BUNGO,Rimbo Tengah,Sungai Mengkuang,L,SWASTA,4.000.000,PT GRIYA MULYA LESTARI,GRIYA DAKSINAPATI ASRI 2,36,104,166.000.000,132,5%,120.255.000,"18 November, 2025","21 November, 2025"
3450571,2025,2025,BANK BNI,REI,tapak,JAMBI,KAB BUNGO,Bathin III,Manggis,L,WIRASWASTA,5.000.000,PT CITRA NAE ZIDNI,CITRA RESIDENCE 3,36,144,166.000.000,120,5%,120.255.000,"18 November, 2025","21 November, 2025"
3452175,2025,2025,BANK BTN,REI,tapak,JAMBI,KAB BUNGO,Pasar Muaro Bungo,Bungo Timur,P,WIRASWASTA,8.500.000,PT ARAH BANGUN PRESTASI MANDIRI,PURI INDAH SEPAKAT,36,91,166.000.000,156,5%,120.255.000,"21 October, 2025","27 November, 2025"
3452290,2025,2025,BANK BTN,APERSI,tapak,JAMBI,KAB BUNGO,Bathin III,Manggis,L,SWASTA,3.597.497,PT MITRA SENTOSA MANDIRI,SENTOSA RESIDENCE TAHAP II,36,108,162.000.000,180,5%,115.425.000,"7 November, 2025","27 November, 2025"
3452310,2025,2025,BANK BTN,APERSI,tapak,JAMBI,KAB BUNGO,Rimbo Tengah,Sungai Mengkuang,P,WIRASWASTA,3.500.000,PT SINAR PENYELAMAT UMAT,AL KAUTSAR RESIDENCE 8,30,90,140.000.000,240,5%,100.500.000,"7 November, 2025","27 November, 2025"
3452496,2025,2025,BANK BTN,REI,tapak,JAMBI,KAB BUNGO,Rimbo Tengah,Pasir Putih,P,SWASTA,3.234.535,PT MITRA HARAPAN KENTJANA,GRAHA BUNGO KENTJANA TAHAP 2,36,91,166.000.000,240,5%,120.255.000,"7 November, 2025","27 November, 2025"
3452550,2025,2025,BANK BTN,APERSI,tapak,JAMBI,KAB BUNGO,Rimbo Tengah,Sungai Mengkuang,L,WIRASWASTA,8.500.000,PT SINAR PENYELAMAT UMAT,AL KAUTSAR RESIDENCE 8,30,90,140.000.000,180,5%,100.500.000,"7 November, 2025","27 November, 2025"
3452584,2025,2025,BANK BTN,APERSI,tapak,JAMBI,KAB BUNGO,Rimbo Tengah,Sungai Mengkuang,P,SWASTA,4.613.000,PT SINAR PENYELAMAT UMAT,AL KAUTSAR RESIDENCE 8,30,90,140.000.000,240,5%,100.500.000,"7 November, 2025","27 November, 2025"
3452636,2025,2025,BANK BTN,APERSI,tapak,JAMBI,KAB BUNGO,Rimbo Tengah,Sungai Mengkuang,P,WIRASWASTA,5.800.000,PT SINAR PENYELAMAT UMAT,AL KAUTSAR RESIDENCE 8,30,90,140.000.000,240,5%,100.500.000,"7 November, 2025","27 November, 2025"
3453147,2025,2025,BANK BTN,REI,tapak,JAMBI,KAB BUNGO,Bathin III,Manggis,L,WIRASWASTA,4.250.000,PT CITRA NAE ZIDNI,CITRA RESIDENCE 3,36,108,166.000.000,240,5%,120.255.000,"19 November, 2025","27 November, 2025"
3455170,2025,2025,BANK BTN,REI,tapak,JAMBI,KAB BUNGO,Bathin III,Manggis,P,WIRASWASTA,4.000.000,PT CITRA NAE ZIDNI,CITRA RESIDENCE 3,36,108,166.000.000,180,5%,120.255.000,"20 November, 2025","27 November, 2025"
3455195,2025,2025,BANK BTN,APERSI,tapak,JAMBI,KAB BUNGO,Rimbo Tengah,Sungai Mengkuang,L,SWASTA,8.955.855,PT SINAR PENYELAMAT UMAT,AL KAUTSAR RESIDENCE 8,36,105,166.000.000,180,5%,120.255.000,"20 November, 2025","27 November, 2025"
3455206,2025,2025,BANK BTN,REI,tapak,JAMBI,KAB BUNGO,Bathin III,Manggis,P,SWASTA,9.894.000,PT CITRA NAE ZIDNI,CITRA RESIDENCE 2 (PENGEMBANGAN),36,108,166.000.000,240,5%,120.255.000,"20 November, 2025","27 November, 2025"
3455209,2025,2025,BANK BTN,APERSI,tapak,JAMBI,KAB BUNGO,Rimbo Tengah,Sungai Mengkuang,L,SWASTA,6.000.000,PT SINAR PENYELAMAT UMAT,AL KAUTSAR RESIDENCE 8,30,90,140.000.000,240,5%,100.500.000,"20 November, 2025","27 November, 2025"
3455266,2025,2025,BANK BTN,REI,tapak,JAMBI,KAB BUNGO,Bathin III,Manggis,L,SWASTA,4.800.000,PT CITRA NAE ZIDNI,CITRA RESIDENCE 3,36,108,166.000.000,240,5%,120.255.000,"20 November, 2025","27 November, 2025"
3455480,2025,2025,BANK BTN,APERSI,tapak,JAMBI,KAB BUNGO,Pasar Muaro Bungo,Jaya Setia,P,SWASTA,7.812.000,PT UNO RESIDENCE PROPERTY,UNO RESIDENCE,36,108,166.000.000,240,5%,120.255.000,"21 November, 2025","27 November, 2025"
3455553,2025,2025,BANK BTN,REI,tapak,JAMBI,KAB BUNGO,Bathin III,Manggis,L,WIRASWASTA,4.850.000,PT CIPTA JAYA EWISA,BUNGO CIPTA GRAHA 5,36,108,166.000.000,180,5%,118.275.000,"21 November, 2025","27 November, 2025"
3458580,2025,2025,BANK BTN,APERSI,tapak,JAMBI,KAB BUNGO,Rimbo Tengah,Sungai Mengkuang,P,SWASTA,4.420.000,PT SINAR PENYELAMAT UMAT,AL KAUTSAR RESIDENCE 8,30,90,140.000.000,240,5%,100.500.000,"21 November, 2025","27 November, 2025"
3458762,2025,2025,BANK BTN,REI,tapak,JAMBI,KAB BUNGO,Bathin III,Manggis,P,WIRASWASTA,8.000.000,PT CITRA NAE ZIDNI,CITRA RESIDENCE 3,36,108,166.000.000,180,5%,120.255.000,"24 November, 2025","27 November, 2025"
3458781,2025,2025,BANK BTN,REI,tapak,JAMBI,KAB BUNGO,Bathin III,Sungai Binjai,L,SWASTA,6.200.000,PT KHAIRUNNISA BUNGO DEMPO,DEMPO RESIDENCE 2,36,108,166.000.000,180,5%,118.275.000,"24 November, 2025","27 November, 2025"
3458854,2025,2025,BANK BTN,APERSI,tapak,JAMBI,KAB BUNGO,Rimbo Tengah,Cadika,P,WIRASWASTA,8.500.000,PT NATA TJIPTA CITA MANDIRI,GRIYA CADIKA MANDIRI,36,91,166.000.000,180,5%,120.225.000,"24 November, 2025","27 November, 2025"
3458858,2025,2025,BANK BTN,APERSI,tapak,JAMBI,KAB BUNGO,Rimbo Tengah,Sungai Mengkuang,L,WIRASWASTA,5.300.000,PT SINAR PENYELAMAT UMAT,AL KAUTSAR RESIDENCE 8,36,90,140.000.000,180,5%,100.500.000,"24 November, 2025","27 November, 2025"
3459911,2025,2025,BANK BNI,APERSI,tapak,JAMBI,KAB BUNGO,Rimbo Tengah,Sungai Mengkuang,P,WIRASWASTA,3.589.301,PT SINAR PENYELAMAT UMAT,AL KAUTSAR RESIDENCE 8,30,90,140.000.000,180,5%,100.500.000,"19 November, 2025","26 November, 2025"
3459959,2025,2025,BANK BNI,REI,tapak,JAMBI,KAB BUNGO,Bathin III,Manggis,P,WIRASWASTA,6.000.000,PT CITRA NAE ZIDNI,CITRA RESIDENCE 3,36,108,166.000.000,180,5%,120.255.000,"20 November, 2025","26 November, 2025"
3460047,2025,2025,BANK BNI,REI,tapak,JAMBI,KAB BUNGO,Bathin III,Manggis,P,SWASTA,3.192.715,PT CITRA NAE ZIDNI,CITRA RESIDENCE 3,36,108,166.000.000,180,5%,120.255.000,"24 November, 2025","26 November, 2025"
3460049,2025,2025,BANK BNI,REI,tapak,JAMBI,KAB BUNGO,Bathin III,Manggis,L,WIRASWASTA,5.000.000,PT CITRA NAE ZIDNI,CITRA RESIDENCE 3,36,108,166.000.000,120,5%,120.255.000,"24 November, 2025","26 November, 2025"
3461405,2025,2025,BANK BTN,REI,tapak,JAMBI,KAB BUNGO,Rimbo Tengah,Cadika,P,SWASTA,5.062.000,PT DEFANA PERMATA GROUP,BUNGO ANUGRAH RESIDENCE,36,108,166.000.000,240,5%,118.275.000,"18 November, 2025","27 November, 2025"
3461617,2025,2025,BANK BTN,REI,tapak,JAMBI,KAB BUNGO,Bungo Dani,Talang Pantai,L,SWASTA,7.174.678,PT ANUGERAH REZEKI BERSAUDARA MADANI,BUNGO DANI RESIDENCE 3,36,107,162.000.000,180,5%,115.387.500,"18 November, 2025","27 November, 2025"
3461944,2025,2025,BANK BTN,REI,tapak,JAMBI,KAB BUNGO,Bathin III,Manggis,P,WIRASWASTA,5.300.000,PT CIPTA JAYA EWISA,BUNGO CIPTA GRAHA 6,36,108,166.000.000,240,5%,118.275.000,"25 November, 2025","27 November, 2025"
3461976,2025,2025,BANK BTN,REI,tapak,JAMBI,KAB BUNGO,Bathin III,Manggis,P,SWASTA,4.400.000,PT CIPTA JAYA EWISA,BUNGO CIPTA GRAHA 6,36,108,166.000.000,180,5%,118.275.000,"25 November, 2025","27 November, 2025"
3462029,2025,2025,BANK BTN,REI,tapak,JAMBI,KAB BUNGO,Rimbo Tengah,Cadika,P,PNS,5.640.100,PT BERKAH CIPTA PERKASA,ZAM ZAM RESIDENCE,36,96,166.000.000,240,5%,120.225.000,"25 November, 2025","27 November, 2025"
3462035,2025,2025,BANK BTN,REI,tapak,JAMBI,KAB BUNGO,Bathin III,Manggis,L,WIRASWASTA,5.000.000,PT CITRA NAE ZIDNI,GRIYA BAROKAH,36,108,166.000.000,204,5%,120.255.000,"25 November, 2025","27 November, 2025"
3462036,2025,2025,BANK BTN,REI,tapak,JAMBI,KAB BUNGO,Bathin III,Manggis,P,SWASTA,4.235.000,PT CIPTA JAYA EWISA,BUNGO CIPTA GRAHA 6,36,108,166.000.000,240,5%,118.275.000,"25 November, 2025","27 November, 2025"
3462039,2025,2025,BANK BTN,REI,tapak,JAMBI,KAB BUNGO,Bathin III,Manggis,P,SWASTA,4.000.000,PT CIPTA JAYA EWISA,BUNGO CIPTA GRAHA 6,36,108,166.000.000,240,5%,118.275.000,"25 November, 2025","27 November, 2025"
3462042,2025,2025,BANK BTN,REI,tapak,JAMBI,KAB BUNGO,Rimbo Tengah,Cadika,L,WIRASWASTA,4.500.000,PT CANDIKA KAPITAL PROPERTINDO,CANDIKA ASRI,36,106,140.000.000,240,5%,100.500.000,"25 November, 2025","27 November, 2025"
3463496,2025,2025,BANK BTN,APERSI,tapak,JAMBI,KAB BUNGO,Rimbo Tengah,Sungai Mengkuang,L,SWASTA,4.500.000,PT SINAR PENYELAMAT UMAT,AL KAUTSAR RESIDENCE 8,36,90,140.000.000,240,5%,100.500.000,"20 November, 2025","28 November, 2025"
3463879,2025,2025,BANK BNI,APERSI,tapak,JAMBI,KAB BUNGO,Rimbo Tengah,Sungai Mengkuang,P,SWASTA,3.800.000,PT GRIYA MULYA LESTARI,GRIYA DAKSINAPATI ASRI 2,36,104,166.000.000,180,5%,120.255.000,"25 November, 2025","28 November, 2025"
3463880,2025,2025,BANK BNI,APERSI,tapak,JAMBI,KAB BUNGO,Rimbo Tengah,Sungai Mengkuang,P,WIRASWASTA,4.000.000,PT GRIYA MULYA LESTARI,GRIYA DAKSINAPATI ASRI 2,36,104,166.000.000,180,5%,120.255.000,"25 November, 2025","28 November, 2025"
3463896,2025,2025,BANK BNI,APERSI,tapak,JAMBI,KAB BUNGO,Rimbo Tengah,Sungai Mengkuang,L,SWASTA,3.600.000,PT GRIYA MULYA LESTARI,GRIYA DAKSINAPATI ASRI 2,36,104,166.000.000,180,5%,120.255.000,"25 November, 2025","28 November, 2025"
3463897,2025,2025,BANK BNI,APERSI,tapak,JAMBI,KAB BUNGO,Rimbo Tengah,Sungai Mengkuang,L,LAINNYA,3.000.000,PT GRIYA MULYA LESTARI,GRIYA DAKSINAPATI ASRI 2,36,104,166.000.000,180,5%,120.255.000,"25 November, 2025","28 November, 2025"
3463898,2025,2025,BANK BNI,APERSI,tapak,JAMBI,KAB BUNGO,Rimbo Tengah,Sungai Mengkuang,L,WIRASWASTA,7.551.281,PT GRIYA MULYA LESTARI,GRIYA DAKSINAPATI ASRI 2,36,104,166.000.000,132,5%,120.255.000,"25 November, 2025","28 November, 2025"
3463904,2025,2025,BANK BNI,REI,tapak,JAMBI,KAB BUNGO,Bathin III,Manggis,P,SWASTA,4.200.000,PT CIPTA JAYA EWISA,BUNGO CIPTA GRAHA 6,36,108,166.000.000,180,5%,118.275.000,"25 November, 2025","28 November, 2025"
3463921,2025,2025,BANK BNI,REI,tapak,JAMBI,KAB BUNGO,Bathin III,Manggis,P,SWASTA,3.000.000,PT CITRA NAE ZIDNI,CITRA RESIDENCE 4,36,108,166.000.000,180,5%,120.255.000,"25 November, 2025","28 November, 2025"
3463922,2025,2025,BANK BNI,REI,tapak,JAMBI,KAB BUNGO,Bathin III,Manggis,P,WIRASWASTA,4.421.333,PT CITRA NAE ZIDNI,CITRA RESIDENCE 3,36,130,166.000.000,180,5%,120.255.000,"25 November, 2025","28 November, 2025"
3463955,2025,2025,BANK BNI,APERSI,tapak,JAMBI,KAB BUNGO,Rimbo Tengah,Sungai Mengkuang,P,SWASTA,3.600.000,PT GRIYA MULYA LESTARI,GRIYA DAKSINAPATI ASRI 2,36,104,166.000.000,180,5%,120.255.000,"26 November, 2025","28 November, 2025"
3463958,2025,2025,BANK BNI,APERSI,tapak,JAMBI,KAB BUNGO,Rimbo Tengah,Sungai Mengkuang,L,WIRASWASTA,4.895.467,PT GRIYA MULYA LESTARI,GRIYA DAKSINAPATI ASRI 2,36,104,166.000.000,180,5%,120.255.000,"26 November, 2025","28 November, 2025"
3463959,2025,2025,BANK BNI,APERSI,tapak,JAMBI,KAB BUNGO,Rimbo Tengah,Sungai Mengkuang,L,SWASTA,3.200.000,PT GRIYA MULYA LESTARI,GRIYA DAKSINAPATI ASRI 2,36,104,166.000.000,180,5%,120.255.000,"26 November, 2025","28 November, 2025"
3464051,2025,2025,BANK MANDIRI,REI,tapak,JAMBI,KAB BUNGO,Bathin III,Manggis,L,SWASTA,6.800.000,"PT CITRA NAE ZIDNI, PT",PERUMAHAN CITRA RESIDENCE 3,36,147,166.000.000,132,5%,119.233.549,"21 November, 2025","28 November, 2025"
3466965,2025,2025,BANK BTN,REI,tapak,JAMBI,KAB BUNGO,Rimbo Tengah,Pasir Putih,P,SWASTA,3.800.000,PT MITRA HARAPAN KENTJANA,GRAHA BUNGO KENTJANA TAHAP 2,36,91,166.000.000,240,5%,120.255.000,"25 November, 2025","1 December, 2025"
3467439,2025,2025,BANK BTN,APERSI,tapak,JAMBI,KAB BUNGO,Rimbo Tengah,Sungai Mengkuang,P,SWASTA,4.377.000,PT SINAR PENYELAMAT UMAT,AL KAUTSAR RESIDENCE 8,30,90,140.000.000,240,5%,100.500.000,"26 November, 2025","1 December, 2025"
3467664,2025,2025,BANK BTN,APERSI,tapak,JAMBI,KAB BUNGO,Bathin III,Manggis,P,SWASTA,4.000.000,PT MITRA SENTOSA MANDIRI,SENTOSA RESIDENCE TAHAP II,36,108,162.000.000,180,5%,115.425.000,"26 November, 2025","1 December, 2025"
3467665,2025,2025,BANK BTN,APERSI,tapak,JAMBI,KAB BUNGO,Bathin III,Manggis,L,SWASTA,4.041.078,PT MITRA SENTOSA MANDIRI,SENTOSA RESIDENCE TAHAP II,36,108,162.000.000,240,5%,115.425.000,"26 November, 2025","1 December, 2025"
3467666,2025,2025,BANK BTN,APERSI,tapak,JAMBI,KAB BUNGO,Bathin III,Manggis,L,WIRASWASTA,6.500.000,PT MITRA SENTOSA MANDIRI,SENTOSA RESIDENCE TAHAP II,36,108,162.000.000,180,5%,115.425.000,"26 November, 2025","1 December, 2025"
3467678,2025,2025,BANK BTN,APERSI,tapak,JAMBI,KAB BUNGO,Bathin III,Manggis,P,PNS,4.000.000,PT MITRA SENTOSA MANDIRI,SENTOSA RESIDENCE TAHAP II,36,108,162.000.000,180,5%,115.425.000,"26 November, 2025","1 December, 2025"
3467727,2025,2025,BANK BTN,REI,tapak,JAMBI,KAB BUNGO,Pasar Muaro Bungo,Bungo Timur,L,WIRASWASTA,4.500.000,PT ARAH BANGUN PRESTASI MANDIRI,PURI INDAH SEPAKAT,36,91,166.000.000,240,5%,120.255.000,"26 November, 2025","1 December, 2025"
3469519,2025,2025,BANK BTN,REI,tapak,JAMBI,KAB BUNGO,Bathin III,Manggis,L,SWASTA,4.400.000,PT CITRA NAE ZIDNI,CITRA RESIDENCE 3,36,108,166.000.000,180,5%,120.255.000,"28 November, 2025","1 December, 2025"
3479764,2025,2025,BANK BTN,APERSI,tapak,JAMBI,KAB BUNGO,Rimbo Tengah,Sungai Mengkuang,L,PNS,6.438.000,PT SINAR PENYELAMAT UMAT,AL KAUTSAR RESIDENCE 8,30,90,140.000.000,228,5%,100.500.000,"21 November, 2025","2 December, 2025"
3481315,2025,2025,BANK BTN,REI,tapak,JAMBI,KAB BUNGO,Bathin III,Manggis,L,SWASTA,7.899.642,PT CITRA NAE ZIDNI,CITRA RESIDENCE 3,36,108,166.000.000,240,5%,120.255.000,"28 November, 2025","2 December, 2025"
3489335,2025,2025,BANK BNI,APERSI,tapak,JAMBI,KAB BUNGO,Rimbo Tengah,Sungai Mengkuang,L,SWASTA,3.500.000,PT GRIYA MULYA LESTARI,GRIYA DAKSINAPATI ASRI 2,36,104,166.000.000,180,5%,120.255.000,"28 November, 2025","2 December, 2025"
3489340,2025,2025,BANK BNI,APERSI,tapak,JAMBI,KAB BUNGO,Rimbo Tengah,Sungai Mengkuang,P,SWASTA,3.000.000,PT GRIYA MULYA LESTARI,GRIYA DAKSINAPATI ASRI 2,36,104,166.000.000,180,5%,120.255.000,"28 November, 2025","2 December, 2025"
3489361,2025,2025,BANK BNI,APERSI,tapak,JAMBI,KAB BUNGO,Rimbo Tengah,Sungai Mengkuang,L,WIRASWASTA,6.542.667,PT GRIYA MULYA LESTARI,GRIYA DAKSINAPATI ASRI 2,36,104,166.000.000,180,5%,120.255.000,"28 November, 2025","2 December, 2025"
3489372,2025,2025,BANK BNI,REI,tapak,JAMBI,KAB BUNGO,Bathin III,Manggis,L,SWASTA,4.200.000,PT CITRA NAE ZIDNI,CITRA RESIDENCE 4,36,126,166.000.000,180,5%,120.255.000,"28 November, 2025","2 December, 2025"
3489411,2025,2025,BANK BNI,APERSI,tapak,JAMBI,KAB BUNGO,Rimbo Tengah,Sungai Mengkuang,P,LAINNYA,3.900.000,PT SINAR PENYELAMAT UMAT,AL KAUTSAR RESIDENCE 8,30,90,140.000.000,180,5%,100.500.000,"28 November, 2025","2 December, 2025"
3489412,2025,2025,BANK BNI,APERSI,tapak,JAMBI,KAB BUNGO,Pasar Muaro Bungo,Jaya Setia,L,SWASTA,6.250.000,PT CITRA NAE ZIDNI,UNO RESIDENCE,36,120,166.000.000,180,5%,120.255.000,"28 November, 2025","2 December, 2025"
3489413,2025,2025,BANK BNI,REI,tapak,JAMBI,KAB BUNGO,Bathin III,Manggis,L,WIRASWASTA,6.511.680,PT CITRA NAE ZIDNI,CITRA RESIDENCE 3,36,108,166.000.000,180,5%,120.255.000,"28 November, 2025","2 December, 2025"
3489418,2025,2025,BANK BNI,APERSI,tapak,JAMBI,KAB BUNGO,Rimbo Tengah,Sungai Mengkuang,L,WIRASWASTA,5.876.782,PT SINAR PENYELAMAT UMAT,AL KAUTSAR RESIDENCE 8,30,90,140.000.000,180,5%,100.500.000,"28 November, 2025","2 December, 2025"
3491565,2025,2025,BANK BTN,APERSI,tapak,JAMBI,KAB BUNGO,Rimbo Tengah,Pasir Putih,P,WIRASWASTA,4.000.000,PT DUPAN BERKAH SEJAHTERA,KENZIE RESIDENCE,36,108,166.000.000,240,5%,118.275.000,"1 December, 2025","3 December, 2025"
3494455,2025,2025,BANK BNI,REI,tapak,JAMBI,KAB BUNGO,Bathin III,Manggis,L,SWASTA,4.700.000,PT CITRA NAE ZIDNI,CITRA RESIDENCE 3,36,108,166.000.000,120,5%,120.255.000,"27 November, 2025","4 December, 2025"
3494456,2025,2025,BANK BNI,REI,tapak,JAMBI,KAB BUNGO,Bathin III,Manggis,L,SWASTA,4.898.698,PT CITRA NAE ZIDNI,CITRA RESIDENCE 4,36,108,166.000.000,180,5%,120.255.000,"27 November, 2025","4 December, 2025"
3506297,2025,2025,BANK BNI,APERSI,tapak,JAMBI,KAB BUNGO,Rimbo Tengah,Sungai Mengkuang,P,LAINNYA,4.968.725,PT SINAR PENYELAMAT UMAT,AL KAUTSAR RESIDENCE 8,30,90,140.000.000,120,5%,100.500.000,"3 December, 2025","9 December, 2025"
3509113,2025,2025,BANK BTN,REI,tapak,JAMBI,KAB BUNGO,Jujuhan,Sirih Sekapur,P,PNS,8.620.000,PT CAHAYA BINTANG FENDRA,ARSENAL RESIDENCE,36,117,162.000.000,240,5%,115.425.000,"3 December, 2025","10 December, 2025"
3509328,2025,2025,BANK BTN,REI,tapak,JAMBI,KAB BUNGO,Rimbo Tengah,Pasir Putih,P,SWASTA,4.000.000,PT MARGA MULYA INDAH ASRI,MULIA INDAH ASRI 2,36,84,150.500.000,240,5%,107.231.250,"4 December, 2025","10 December, 2025"
3509448,2025,2025,BANK BTN,REI,tapak,JAMBI,KAB BUNGO,Bathin III,Bungo Taman Agung,P,SWASTA,7.135.000,PT BUNGO GRAHA INDAH,GRAHA NUSA INDAH 2,36,108,160.000.000,180,5%,114.000.000,"5 December, 2025","10 December, 2025"
3509455,2025,2025,BANK BTN,REI,tapak,JAMBI,KAB BUNGO,Bathin III,Bungo Taman Agung,L,WIRASWASTA,6.300.000,PT BUNGO GRAHA INDAH,GRAHA NUSA INDAH 2,36,108,160.000.000,180,5%,114.000.000,"5 December, 2025","10 December, 2025"
3509456,2025,2025,BANK BTN,REI,tapak,JAMBI,KAB BUNGO,Bathin III,Bungo Taman Agung,L,SWASTA,3.800.000,PT BUNGO GRAHA INDAH,GRAHA NUSA INDAH 2,36,108,160.000.000,240,5%,114.000.000,"5 December, 2025","10 December, 2025"
3509471,2025,2025,BANK BTN,REI,tapak,JAMBI,KAB BUNGO,Bathin III,Bungo Taman Agung,L,WIRASWASTA,8.850.000,PT BUNGO GRAHA INDAH,GRAHA NUSA INDAH 2,36,108,160.000.000,180,5%,114.000.000,"5 December, 2025","10 December, 2025"
3509472,2025,2025,BANK BTN,REI,tapak,JAMBI,KAB BUNGO,Bathin III,Bungo Taman Agung,P,WIRASWASTA,5.100.000,PT BUNGO GRAHA INDAH,GRAHA NUSA INDAH 2,36,108,160.000.000,240,5%,114.000.000,"5 December, 2025","10 December, 2025"
3509479,2025,2025,BANK BTN,REI,tapak,JAMBI,KAB BUNGO,Bathin III,Bungo Taman Agung,P,SWASTA,7.882.000,PT BUNGO GRAHA INDAH,GRAHA NUSA INDAH 2,36,108,160.000.000,180,5%,114.000.000,"5 December, 2025","10 December, 2025"
3509492,2025,2025,BANK BTN,REI,tapak,JAMBI,KAB BUNGO,Bathin III,Bungo Taman Agung,P,WIRASWASTA,3.800.000,PT BUNGO GRAHA INDAH,GRAHA NUSA INDAH 2,36,108,160.000.000,240,5%,114.000.000,"5 December, 2025","10 December, 2025"
3509498,2025,2025,BANK BTN,APERSI,tapak,JAMBI,KAB BUNGO,Bathin III,Sungai Binjai,L,SWASTA,8.021.666,PT ADIAN RATU,VILLA ADIAN RATU,36,150,162.000.000,180,5%,115.425.000,"5 December, 2025","10 December, 2025"
3509511,2025,2025,BANK BTN,APERSI,tapak,JAMBI,KAB BUNGO,Rimbo Tengah,Sungai Mengkuang,P,SWASTA,7.125.000,PT AMARDHIKA TUJUH LANGIT,LANGIT RESIDENCE,36,120,162.000.000,180,5%,117.285.000,"5 December, 2025","10 December, 2025"
3509516,2025,2025,BANK BTN,APERSI,tapak,JAMBI,KAB BUNGO,Rimbo Tengah,Sungai Mengkuang,L,SWASTA,8.165.000,PT AMARDHIKA TUJUH LANGIT,LANGIT RESIDENCE,36,120,162.000.000,180,5%,117.285.000,"5 December, 2025","10 December, 2025"
3509553,2025,2025,BANK BTN,REI,tapak,JAMBI,KAB BUNGO,Bathin III,Bungo Taman Agung,P,WIRASWASTA,5.850.000,PT BUNGO GRAHA INDAH,GRAHA NUSA INDAH 2,36,108,160.000.000,180,5%,114.000.000,"5 December, 2025","10 December, 2025"
3509637,2025,2025,BANK BTN,REI,tapak,JAMBI,KAB BUNGO,Bathin III,Bungo Taman Agung,P,SWASTA,4.100.000,PT BUNGO GRAHA INDAH,GRAHA NUSA INDAH 2,36,108,160.000.000,240,5%,114.000.000,"5 December, 2025","10 December, 2025"
3509638,2025,2025,BANK BTN,REI,tapak,JAMBI,KAB BUNGO,Bathin III,Bungo Taman Agung,P,PNS,3.159.000,PT BUNGO GRAHA INDAH,GRAHA NUSA INDAH 2,36,108,160.000.000,240,5%,114.000.000,"5 December, 2025","10 December, 2025"
3512671,2025,2025,BANK SYARIAH NASIONAL,APERSI,tapak,JAMBI,KAB BUNGO,Rimbo Tengah,Sungai Mengkuang,P,SWASTA,4.100.000,PT SINAR PENYELAMAT UMAT,AL KAUTSAR RESIDENCE 8,30,90,140.000.000,240,5%,100.500.000,"27 November, 2025","11 December, 2025"
3512672,2025,2025,BANK SYARIAH NASIONAL,APERSI,tapak,JAMBI,KAB BUNGO,Rimbo Tengah,Sungai Mengkuang,P,WIRASWASTA,6.100.000,PT SINAR PENYELAMAT UMAT,AL KAUTSAR RESIDENCE 8,30,90,140.000.000,180,5%,100.500.000,"27 November, 2025","11 December, 2025"
3512677,2025,2025,BANK SYARIAH NASIONAL,APERSI,tapak,JAMBI,KAB BUNGO,Rimbo Tengah,Sungai Mengkuang,L,SWASTA,5.300.000,PT SINAR PENYELAMAT UMAT,AL KAUTSAR RESIDENCE 8,30,90,140.000.000,180,5%,100.500.000,"27 November, 2025","11 December, 2025"
3512678,2025,2025,BANK SYARIAH NASIONAL,APERSI,tapak,JAMBI,KAB BUNGO,Rimbo Tengah,Sungai Mengkuang,L,WIRASWASTA,6.600.000,PT SINAR PENYELAMAT UMAT,AL KAUTSAR RESIDENCE 8,30,90,140.000.000,180,5%,100.500.000,"27 November, 2025","11 December, 2025"
3512679,2025,2025,BANK SYARIAH NASIONAL,APERSI,tapak,JAMBI,KAB BUNGO,Rimbo Tengah,Sungai Mengkuang,L,WIRASWASTA,8.100.000,PT SINAR PENYELAMAT UMAT,AL KAUTSAR RESIDENCE 8,30,90,140.000.000,180,5%,100.500.000,"27 November, 2025","11 December, 2025"
3512680,2025,2025,BANK SYARIAH NASIONAL,APERSI,tapak,JAMBI,KAB BUNGO,Rimbo Tengah,Sungai Mengkuang,P,SWASTA,5.300.000,PT SINAR PENYELAMAT UMAT,AL KAUTSAR RESIDENCE 8,30,90,140.000.000,180,5%,100.500.000,"27 November, 2025","11 December, 2025"
3513411,2025,2025,BANK BTN,REI,tapak,JAMBI,KAB BUNGO,Bathin III,Manggis,L,SWASTA,3.900.000,PT CIPTA JAYA EWISA,BUNGO CIPTA GRAHA 6,36,108,166.000.000,240,5%,118.275.000,"8 December, 2025","11 December, 2025"
3513412,2025,2025,BANK BTN,REI,tapak,JAMBI,KAB BUNGO,Bathin III,Manggis,L,SWASTA,6.911.000,PT CIPTA JAYA EWISA,BUNGO CIPTA GRAHA 6,36,108,166.000.000,180,5%,118.275.000,"8 December, 2025","11 December, 2025"
3514569,2025,2025,BANK BTN,REI,tapak,JAMBI,KAB BUNGO,Rimbo Tengah,Cadika,L,SWASTA,3.450.000,PT BERKAH CIPTA PERKASA,ZAM ZAM RESIDENCE,36,96,166.000.000,240,5%,120.255.000,"9 December, 2025","12 December, 2025"
3515848,2025,2025,BANK SYARIAH NASIONAL,APERSI,tapak,JAMBI,KAB BUNGO,Rimbo Tengah,Sungai Mengkuang,L,SWASTA,6.700.000,PT SINAR PENYELAMAT UMAT,AL KAUTSAR RESIDENCE 8,30,90,140.000.000,180,5%,100.500.000,"27 November, 2025","11 December, 2025"
3515849,2025,2025,BANK SYARIAH NASIONAL,APERSI,tapak,JAMBI,KAB BUNGO,Rimbo Tengah,Sungai Mengkuang,L,SWASTA,8.700.000,PT SINAR PENYELAMAT UMAT,AL KAUTSAR RESIDENCE 8,36,105,166.000.000,192,5%,120.255.000,"27 November, 2025","11 December, 2025"
3525264,2025,2025,BANK BTN,REI,tapak,JAMBI,KAB BUNGO,Rimbo Tengah,Cadika,P,SWASTA,4.270.000,PT DEFANA PERMATA GROUP,BUNGO ANUGRAH RESIDENCE,36,108,166.000.000,180,5%,120.255.000,"10 December, 2025","15 December, 2025"
3525400,2025,2025,BANK BTN,REI,tapak,JAMBI,KAB BUNGO,Bathin III,Manggis,L,WIRASWASTA,8.350.000,PT BUNGO BATHIN DAMAI,TAMAN CENDANA,36,143,162.000.000,180,5%,115.387.500,"10 December, 2025","15 December, 2025"
3525574,2025,2025,BANK BTN,REI,tapak,JAMBI,KAB BUNGO,Bathin III,Bungo Taman Agung,L,WIRASWASTA,6.000.000,PT BUNGO GRAHA INDAH,GRAHA NUSA INDAH 2,36,108,160.000.000,180,5%,114.000.000,"11 December, 2025","15 December, 2025"
3528386,2025,2025,BANK BNI,REI,tapak,JAMBI,KAB BUNGO,Bathin III,Manggis,L,SWASTA,7.770.830,PT CIPTA JAYA EWISA,BUNGO CIPTA GRAHA 6,36,108,166.000.000,180,5%,118.275.000,"4 December, 2025","15 December, 2025"
3528433,2025,2025,BANK BNI,APERSI,tapak,JAMBI,KAB BUNGO,Rimbo Tengah,Sungai Mengkuang,P,WIRASWASTA,3.712.050,PT SINAR PENYELAMAT UMAT,AL KAUTSAR RESIDENCE 8,30,90,140.000.000,180,5%,100.500.000,"5 December, 2025","15 December, 2025"
3528434,2025,2025,BANK BNI,REI,tapak,JAMBI,KAB BUNGO,Bathin III,Manggis,P,SWASTA,4.100.000,PT CITRA NAE ZIDNI,CITRA RESIDENCE 4,36,108,166.000.000,120,5%,120.255.000,"5 December, 2025","15 December, 2025"
3528520,2025,2025,BANK BNI,APERSI,tapak,JAMBI,KAB BUNGO,Rimbo Tengah,Sungai Mengkuang,L,LAINNYA,9.883.877,PT SINAR PENYELAMAT UMAT,AL KAUTSAR RESIDENCE 8,30,90,140.000.000,180,5%,100.500.000,"9 December, 2025","15 December, 2025"
3528531,2025,2025,BANK BNI,APERSI,tapak,JAMBI,KAB BUNGO,Rimbo Tengah,Sungai Mengkuang,L,WIRASWASTA,5.938.333,PT GRIYA MULYA LESTARI,GRIYA DAKSINAPATI ASRI 2,36,104,166.000.000,180,5%,120.255.000,"10 December, 2025","15 December, 2025"
3528598,2025,2025,BANK BNI,APERSI,tapak,JAMBI,KAB BUNGO,Rimbo Tengah,Sungai Mengkuang,P,SWASTA,3.200.000,PT GRIYA MULYA LESTARI,GRIYA DAKSINAPATI ASRI 2,36,104,166.000.000,180,5%,120.255.000,"10 December, 2025","15 December, 2025"
3528634,2025,2025,BANK BNI,APERSI,tapak,JAMBI,KAB BUNGO,Rimbo Tengah,Sungai Mengkuang,L,SWASTA,3.800.000,PT GRIYA MULYA LESTARI,GRIYA DAKSINAPATI ASRI 2,36,104,166.000.000,180,5%,120.255.000,"11 December, 2025","15 December, 2025"
3528635,2025,2025,BANK BNI,APERSI,tapak,JAMBI,KAB BUNGO,Rimbo Tengah,Sungai Mengkuang,P,SWASTA,3.000.000,PT GRIYA MULYA LESTARI,GRIYA DAKSINAPATI ASRI 2,36,104,166.000.000,180,5%,120.255.000,"11 December, 2025","15 December, 2025"
3528640,2025,2025,BANK BNI,APERSI,tapak,JAMBI,KAB BUNGO,Rimbo Tengah,Sungai Mengkuang,L,SWASTA,3.000.000,PT GRIYA MULYA LESTARI,GRIYA DAKSINAPATI ASRI 2,36,104,166.000.000,180,5%,120.255.000,"11 December, 2025","15 December, 2025"
3528887,2025,2025,BANK BNI,REI,tapak,JAMBI,KAB BUNGO,Bathin III,Manggis,L,SWASTA,3.497.500,PT CIPTA JAYA EWISA,BUNGO CIPTA GRAHA 6,36,108,166.000.000,180,5%,118.275.000,"12 December, 2025","15 December, 2025"
3528889,2025,2025,BANK BNI,APERSI,tapak,JAMBI,KAB BUNGO,Pasar Muaro Bungo,Jaya Setia,P,SWASTA,3.500.000,PT UNO RESIDENCE PROPERTY,UNO RESIDENCE,36,114,166.000.000,180,5%,120.255.000,"12 December, 2025","15 December, 2025"
3531230,2025,2025,BANK BTN,APERSI,tapak,JAMBI,KAB BUNGO,Rimbo Tengah,Sungai Mengkuang,L,SWASTA,5.500.000,PT AMARDHIKA TUJUH LANGIT,LANGIT RESIDENCE,36,120,162.000.000,240,5%,117.285.000,"12 December, 2025","16 December, 2025"
3531565,2025,2025,BANK BTN,REI,tapak,JAMBI,KAB BUNGO,Bathin III,Manggis,P,SWASTA,5.200.000,PT CITRA NAE ZIDNI,CITRA RESIDENCE 3,36,108,166.000.000,240,5%,120.255.000,"12 December, 2025","16 December, 2025"
3537797,2025,2025,BANK BNI,REI,tapak,JAMBI,KAB BUNGO,Bathin III,Manggis,P,SWASTA,4.705.667,PT CITRA NAE ZIDNI,CITRA RESIDENCE 4,36,108,166.000.000,180,5%,120.255.000,"15 December, 2025","17 December, 2025"
3537814,2025,2025,BANK BNI,REI,tapak,JAMBI,KAB BUNGO,Bathin III,Manggis,L,SWASTA,4.500.000,PT CITRA NAE ZIDNI,CITRA RESIDENCE 4,36,124,166.000.000,156,5%,120.255.000,"15 December, 2025","17 December, 2025"
3537821,2025,2025,BANK BNI,REI,tapak,JAMBI,KAB BUNGO,Bathin III,Manggis,P,WIRASWASTA,5.635.210,PT CITRA NAE ZIDNI,CITRA RESIDENCE 4,36,108,166.000.000,120,5%,120.255.000,"15 December, 2025","17 December, 2025"
3541260,2025,2025,BANK BNI,REI,tapak,JAMBI,KAB BUNGO,Bathin III,Sungai Binjai,P,WIRASWASTA,6.803.263,PT KHAIRUNNISA BUNGO DEMPO,DEMPO RESIDENCE 2,36,108,166.000.000,180,5%,120.000.000,"16 December, 2025","17 December, 2025"
3547609,2025,2025,BANK BTN,REI,tapak,JAMBI,KAB BUNGO,Bathin III,Manggis,L,SWASTA,5.900.000,PT CITRA NAE ZIDNI,CITRA RESIDENCE 3,36,108,166.000.000,180,5%,120.255.000,"16 December, 2025","19 December, 2025"
3554741,2025,2025,BANK BNI,APERSI,tapak,JAMBI,KAB BUNGO,Rimbo Tengah,Sungai Mengkuang,P,WIRASWASTA,3.900.000,PT SINAR PENYELAMAT UMAT,AL KAUTSAR RESIDENCE 8,30,90,140.000.000,180,5%,100.500.000,"17 December, 2025","19 December, 2025"
3554742,2025,2025,BANK BNI,REI,tapak,JAMBI,KAB BUNGO,Pelepat Ilir,Purwosari,L,SWASTA,7.500.000,PT JINGGA DIRGA PUSPITA,JINGGA KEDATON,36,100,166.000.000,180,5%,120.255.000,"17 December, 2025","19 December, 2025"
3554743,2025,2025,BANK BNI,REI,tapak,JAMBI,KAB BUNGO,Pelepat Ilir,Purwosari,L,SWASTA,6.000.000,PT JINGGA DIRGA PUSPITA,JINGGA KEDATON,36,100,166.000.000,180,5%,120.255.000,"17 December, 2025","19 December, 2025"
3554744,2025,2025,BANK BNI,REI,tapak,JAMBI,KAB BUNGO,Pelepat Ilir,Purwosari,P,WIRASWASTA,6.280.564,PT JINGGA DIRGA PUSPITA,JINGGA KEDATON,36,100,166.000.000,84,5%,120.255.000,"17 December, 2025","19 December, 2025"
3567582,2025,2025,BANK BTN,REI,tapak,JAMBI,KAB BUNGO,Bathin III,Manggis,L,SWASTA,7.885.000,PT CITRA NAE ZIDNI,CITRA RESIDENCE 4,36,108,166.000.000,180,5%,120.255.000,"18 December, 2025","22 December, 2025"
3567583,2025,2025,BANK BTN,REI,tapak,JAMBI,KAB BUNGO,Bathin III,Manggis,L,SWASTA,5.000.000,PT CITRA NAE ZIDNI,CITRA RESIDENCE 4,36,108,166.000.000,240,5%,120.255.000,"18 December, 2025","22 December, 2025"
3567586,2025,2025,BANK BTN,REI,tapak,JAMBI,KAB BUNGO,Bathin III,Manggis,L,SWASTA,4.000.000,PT CITRA NAE ZIDNI,CITRA RESIDENCE 4,36,108,166.000.000,180,5%,120.255.000,"18 December, 2025","22 December, 2025"
3567598,2025,2025,BANK BTN,REI,tapak,JAMBI,KAB BUNGO,Rimbo Tengah,Cadika,L,PNS,3.740.000,PT DEFANA PERMATA GROUP,BUNGO ANUGRAH RESIDENCE,36,108,166.000.000,234,5%,120.255.000,"18 December, 2025","22 December, 2025"
3567599,2025,2025,BANK BTN,REI,tapak,JAMBI,KAB BUNGO,Rimbo Tengah,Sungai Mengkuang,L,SWASTA,3.256.748,PT KHOVIZ LANSKAP PROPERTI,PESSONA BUNGO RESIDENCE 2,36,112,166.000.000,234,5%,118.275.000,"18 December, 2025","22 December, 2025"
3567600,2025,2025,BANK BTN,REI,tapak,JAMBI,KAB BUNGO,Rimbo Tengah,Sungai Mengkuang,P,PNS,8.465.000,PT KHOVIZ LANSKAP PROPERTI,PESSONA BUNGO RESIDENCE 2,36,120,166.000.000,156,5%,118.275.000,"18 December, 2025","22 December, 2025"
3567607,2025,2025,BANK BTN,REI,tapak,JAMBI,KAB BUNGO,Rimbo Tengah,Pasir Putih,L,PNS,3.926.700,PT MITRA HARAPAN KENTJANA,GRAHA BUNGO KENTJANA TAHAP 2,36,104,166.000.000,180,5%,120.255.000,"18 December, 2025","22 December, 2025"
3567705,2025,2025,BANK BTN,APERSI,tapak,JAMBI,KAB BUNGO,Rimbo Tengah,Sungai Mengkuang,P,PNS,7.083.936,PT SINAR PENYELAMAT UMAT,AL KAUTSAR RESIDENCE 8,30,90,140.000.000,180,5%,100.500.000,"18 December, 2025","22 December, 2025"
3567733,2025,2025,BANK BTN,APERSI,tapak,JAMBI,KAB BUNGO,Rimbo Tengah,Sungai Mengkuang,P,SWASTA,4.500.000,PT AMARDHIKA TUJUH LANGIT,LANGIT RESIDENCE,36,120,162.000.000,240,5%,117.285.000,"18 December, 2025","22 December, 2025"
3567747,2025,2025,BANK BTN,APERSI,tapak,JAMBI,KAB BUNGO,Rimbo Tengah,Sungai Mengkuang,L,SWASTA,9.025.220,PT AMARDHIKA TUJUH LANGIT,LANGIT RESIDENCE,30,90,162.000.000,180,5%,117.285.000,"18 December, 2025","22 December, 2025"
3567748,2025,2025,BANK BTN,APERSI,tapak,JAMBI,KAB BUNGO,Rimbo Tengah,Sungai Mengkuang,L,SWASTA,3.966.717,PT AMARDHIKA TUJUH LANGIT,LANGIT RESIDENCE,36,120,162.000.000,180,5%,117.285.000,"18 December, 2025","22 December, 2025"
3567785,2025,2025,BANK BTN,REI,tapak,JAMBI,KAB BUNGO,Rimbo Tengah,Sungai Mengkuang,L,SWASTA,3.300.000,PT KHOVIZ LANSKAP PROPERTI,PESSONA BUNGO RESIDENCE,36,108,166.000.000,228,5%,118.275.000,"18 December, 2025","22 December, 2025"
3568019,2025,2025,BANK SYARIAH NASIONAL,APERSI,tapak,JAMBI,KAB BUNGO,Rimbo Tengah,Sungai Mengkuang,L,SWASTA,5.600.000,PT SINAR PENYELAMAT UMAT,AL KAUTSAR RESIDENCE 8,30,90,140.000.000,156,5%,100.500.000,"5 December, 2025","19 December, 2025"
3568042,2025,2025,BANK SYARIAH NASIONAL,APERSI,tapak,JAMBI,KAB BUNGO,Rimbo Tengah,Sungai Mengkuang,P,SWASTA,9.700.000,PT SINAR PENYELAMAT UMAT,AL KAUTSAR RESIDENCE 8,30,90,140.000.000,240,5%,100.500.000,"5 December, 2025","19 December, 2025"
3568378,2025,2025,BANK SYARIAH NASIONAL,APERSI,tapak,JAMBI,KAB BUNGO,Rimbo Tengah,Sungai Mengkuang,P,SWASTA,5.100.000,PT SINAR PENYELAMAT UMAT,AL KAUTSAR RESIDENCE 8,30,90,140.000.000,180,5%,100.500.000,"10 December, 2025","19 December, 2025"
3568522,2025,2025,BANK SYARIAH NASIONAL,APERSI,tapak,JAMBI,KAB BUNGO,Rimbo Tengah,Sungai Mengkuang,L,SWASTA,5.300.000,PT SINAR PENYELAMAT UMAT,AL KAUTSAR RESIDENCE 8,30,90,140.000.000,180,5%,100.500.000,"10 December, 2025","19 December, 2025"
3568523,2025,2025,BANK SYARIAH NASIONAL,APERSI,tapak,JAMBI,KAB BUNGO,Rimbo Tengah,Sungai Mengkuang,P,WIRASWASTA,6.600.000,PT SINAR PENYELAMAT UMAT,AL KAUTSAR RESIDENCE 8,30,90,140.000.000,180,5%,100.500.000,"10 December, 2025","19 December, 2025"
3568524,2025,2025,BANK SYARIAH NASIONAL,APERSI,tapak,JAMBI,KAB BUNGO,Rimbo Tengah,Sungai Mengkuang,L,WIRASWASTA,7.600.000,PT SINAR PENYELAMAT UMAT,AL KAUTSAR RESIDENCE 8,30,90,140.000.000,180,5%,100.500.000,"10 December, 2025","19 December, 2025"
3568535,2025,2025,BANK SYARIAH NASIONAL,APERSI,tapak,JAMBI,KAB BUNGO,Rimbo Tengah,Sungai Mengkuang,P,SWASTA,5.300.000,PT SINAR PENYELAMAT UMAT,AL KAUTSAR RESIDENCE 8,30,90,140.000.000,180,5%,100.500.000,"10 December, 2025","19 December, 2025"
3568849,2025,2025,BANK SYARIAH NASIONAL,APERSI,tapak,JAMBI,KAB BUNGO,Rimbo Tengah,Sungai Mengkuang,L,WIRASWASTA,5.500.000,PT SINAR PENYELAMAT UMAT,AL KAUTSAR RESIDENCE 8,36,105,166.000.000,180,5%,120.255.000,"15 December, 2025","19 December, 2025"
3568850,2025,2025,BANK SYARIAH NASIONAL,APERSI,tapak,JAMBI,KAB BUNGO,Rimbo Tengah,Sungai Mengkuang,P,SWASTA,3.200.000,PT SINAR PENYELAMAT UMAT,AL KAUTSAR RESIDENCE 8,30,90,140.000.000,240,5%,100.500.000,"15 December, 2025","19 December, 2025"
3568851,2025,2025,BANK SYARIAH NASIONAL,REI,tapak,JAMBI,KAB BUNGO,Rimbo Tengah,Cadika,L,SWASTA,5.400.000,PT DEFANA PERMATA GROUP,BONGO ANUGRAH RESIDENCE,36,108,166.000.000,180,5%,118.275.000,"15 December, 2025","19 December, 2025"
3568852,2025,2025,BANK SYARIAH NASIONAL,REI,tapak,JAMBI,KAB BUNGO,Rimbo Tengah,Cadika,L,WIRASWASTA,6.500.000,PT DEFANA PERMATA GROUP,BUNGO ANUGRAH RESIDENCE,36,108,166.000.000,240,5%,118.275.000,"15 December, 2025","19 December, 2025"
3568854,2025,2025,BANK SYARIAH NASIONAL,REI,tapak,JAMBI,KAB BUNGO,Rimbo Tengah,Cadika,L,SWASTA,5.300.000,PT BERKAH CIPTA PERKASA,ZAM ZAM RESIDENCE,36,96,166.000.000,240,5%,120.255.000,"15 December, 2025","19 December, 2025"
3568923,2025,2025,BANK SYARIAH NASIONAL,REI,tapak,JAMBI,KAB BUNGO,Rimbo Tengah,Sungai Mengkuang,L,SWASTA,5.300.000,PT BERKAH CIPTA PERKASA,AL MADINAH 2,36,108,166.000.000,240,5%,120.255.000,"16 December, 2025","19 December, 2025"
3568925,2025,2025,BANK SYARIAH NASIONAL,REI,tapak,JAMBI,KAB BUNGO,Rimbo Tengah,Cadika,P,SWASTA,5.600.000,PT DEFANA PERMATA GROUP,BUNGO ANUGRAH RESIDENCE,36,108,166.000.000,240,5%,118.275.000,"16 December, 2025","19 December, 2025"
3568926,2025,2025,BANK SYARIAH NASIONAL,APERSI,tapak,JAMBI,KAB BUNGO,Rimbo Tengah,Sungai Mengkuang,L,WIRASWASTA,9.700.000,PT SINAR PENYELAMAT UMAT,AL KAUTSAR RESIDENCE 8,36,105,166.000.000,204,5%,120.255.000,"16 December, 2025","19 December, 2025"
3568927,2025,2025,BANK SYARIAH NASIONAL,APERSI,tapak,JAMBI,KAB BUNGO,Rimbo Tengah,Sungai Mengkuang,L,SWASTA,5.300.000,PT SINAR PENYELAMAT UMAT,AL KAUTSAR RESIDENCE 8,36,90,166.000.000,180,5%,120.255.000,"16 December, 2025","19 December, 2025"
3568935,2025,2025,BANK SYARIAH NASIONAL,APERSI,tapak,JAMBI,KAB BUNGO,Batin II Babeko,Tanjung Menanti,L,SWASTA,5.300.000,PT NUSANTARA AGUNG PROPERTY,TROPIKANA RESIDENCE,36,117,162.000.000,240,5%,115.425.000,"16 December, 2025","19 December, 2025"
3577141,2025,2025,BANK BNI,APERSI,tapak,JAMBI,KAB BUNGO,Rimbo Tengah,Sungai Mengkuang,L,WIRASWASTA,6.542.667,PT GRIYA MULYA LESTARI,GRIYA DAKSINAPATI ASRI 2,36,104,166.000.000,180,5%,120.255.000,"18 December, 2025","22 December, 2025"
3577142,2025,2025,BANK BNI,APERSI,tapak,JAMBI,KAB BUNGO,Rimbo Tengah,Sungai Mengkuang,P,SWASTA,3.000.000,PT GRIYA MULYA LESTARI,GRIYA DAKSINAPATI ASRI 2,36,104,166.000.000,180,5%,120.255.000,"18 December, 2025","22 December, 2025"
3577143,2025,2025,BANK BNI,APERSI,tapak,JAMBI,KAB BUNGO,Rimbo Tengah,Sungai Mengkuang,L,SWASTA,3.000.000,PT GRIYA MULYA LESTARI,GRIYA DAKSINAPATI ASRI 2,36,104,166.000.000,180,5%,120.255.000,"18 December, 2025","22 December, 2025"
3577188,2025,2025,BANK BNI,REI,tapak,JAMBI,KAB BUNGO,Bathin III,Manggis,P,WIRASWASTA,6.000.000,PT CITRA NAE ZIDNI,CITRA RESIDENCE 4,36,108,166.000.000,180,5%,120.255.000,"18 December, 2025","22 December, 2025"
3577189,2025,2025,BANK BNI,REI,tapak,JAMBI,KAB BUNGO,Bathin III,Manggis,P,SWASTA,3.250.000,PT CITRA NAE ZIDNI,CITRA RESIDENCE 4,36,108,166.000.000,180,5%,120.255.000,"18 December, 2025","22 December, 2025"
3577193,2025,2025,BANK BNI,APERSI,tapak,JAMBI,KAB BUNGO,Rimbo Tengah,Sungai Mengkuang,L,SWASTA,5.000.000,PT GRIYA MULYA LESTARI,GRIYA DAKSINAPATI ASRI 2,36,104,166.000.000,180,5%,120.255.000,"18 December, 2025","22 December, 2025"
3577194,2025,2025,BANK BNI,APERSI,tapak,JAMBI,KAB BUNGO,Rimbo Tengah,Sungai Mengkuang,P,WIRASWASTA,3.001.000,PT GRIYA MULYA LESTARI,GRIYA DAKSINAPATI ASRI 2,36,104,166.000.000,180,5%,120.255.000,"18 December, 2025","22 December, 2025"
3577210,2025,2025,BANK BNI,REI,tapak,JAMBI,KAB BUNGO,Bathin III,Manggis,P,WIRASWASTA,5.086.479,PT CITRA NAE ZIDNI,CITRA RESIDENCE 4,36,108,166.000.000,180,5%,120.255.000,"18 December, 2025","22 December, 2025"
3577261,2025,2025,BANK BNI,REI,tapak,JAMBI,KAB BUNGO,Bathin III,Manggis,L,SWASTA,4.450.000,PT CITRA NAE ZIDNI,CITRA RESIDENCE 4,36,108,166.000.000,180,5%,120.255.000,"19 December, 2025","22 December, 2025"
3577302,2025,2025,BANK BNI,APERSI,tapak,JAMBI,KAB BUNGO,Rimbo Tengah,Sungai Mengkuang,L,WIRASWASTA,4.881.362,PT SINAR PENYELAMAT UMAT,AL KAUTSAR RESIDENCE 8,30,90,140.000.000,180,5%,100.500.000,"19 December, 2025","22 December, 2025"
3577354,2025,2025,BANK BNI,REI,tapak,JAMBI,KAB BUNGO,Bathin III,Manggis,L,SWASTA,5.870.000,PT CITRA NAE ZIDNI,CITRA RESIDENCE 4,36,108,166.000.000,180,5%,120.255.000,"19 December, 2025","22 December, 2025"
3577355,2025,2025,BANK BNI,APERSI,tapak,JAMBI,KAB BUNGO,Rimbo Tengah,Sungai Mengkuang,P,SWASTA,4.000.000,PT GRIYA MULYA LESTARI,GRIYA DAKSINAPATI ASRI 2,36,104,166.000.000,180,5%,120.255.000,"19 December, 2025","22 December, 2025"
3577359,2025,2025,BANK BNI,APERSI,tapak,JAMBI,KAB BUNGO,Rimbo Tengah,Sungai Mengkuang,L,WIRASWASTA,3.638.180,PT GRIYA MULYA LESTARI,GRIYA DAKSINAPATI ASRI 2,36,104,166.000.000,180,5%,120.255.000,"19 December, 2025","22 December, 2025"
3577363,2025,2025,BANK BNI,APERSI,tapak,JAMBI,KAB BUNGO,Rimbo Tengah,Sungai Mengkuang,L,SWASTA,7.550.000,PT GRIYA MULYA LESTARI,GRIYA DAKSINAPATI ASRI 2,36,104,166.000.000,180,5%,120.255.000,"19 December, 2025","22 December, 2025"
3577365,2025,2025,BANK BNI,REI,tapak,JAMBI,KAB BUNGO,Bathin III,Manggis,P,SWASTA,5.204.545,PT CITRA NAE ZIDNI,CITRA RESIDENCE 4,36,113,166.000.000,180,5%,120.255.000,"19 December, 2025","22 December, 2025"
3577381,2025,2025,BANK BNI,REI,tapak,JAMBI,KAB BUNGO,Bathin III,Manggis,P,WIRASWASTA,6.000.000,PT CITRA NAE ZIDNI,CITRA RESIDENCE 2 (PENGEMBANGAN),36,108,166.000.000,180,5%,120.255.000,"19 December, 2025","22 December, 2025"
3579659,2025,2025,BANK BTN,REI,tapak,JAMBI,KAB BUNGO,Rimbo Tengah,Pasir Putih,P,WIRASWASTA,3.400.000,PT MARGA MULYA INDAH ASRI,MULIA INDAH ASRI 2,36,84,150.000.000,240,5%,106.856.250,"19 December, 2025","22 December, 2025"
3579961,2025,2025,BANK BTN,APERSI,tapak,JAMBI,KAB BUNGO,Rimbo Tengah,Sungai Mengkuang,P,WIRASWASTA,5.965.000,PT SINAR PENYELAMAT UMAT,AL KAUTSAR RESIDENCE 8,30,90,140.000.000,180,5%,100.500.000,"19 December, 2025","22 December, 2025"
3579963,2025,2025,BANK BTN,APERSI,tapak,JAMBI,KAB BUNGO,Rimbo Tengah,Sungai Mengkuang,P,PNS,7.437.000,PT SINAR PENYELAMAT UMAT,AL KAUTSAR RESIDENCE 8,36,105,166.000.000,180,5%,120.255.000,"19 December, 2025","22 December, 2025"
3580059,2025,2025,BANK BTN,APERSI,tapak,JAMBI,KAB BUNGO,Bathin III,Manggis,L,SWASTA,4.200.000,PT MITRA SENTOSA MANDIRI,SENTOSA RESIDENCE TAHAP II,36,108,162.000.000,156,5%,115.425.000,"19 December, 2025","22 December, 2025"
3580073,2025,2025,BANK BTN,APERSI,tapak,JAMBI,KAB BUNGO,Bathin III,Manggis,P,SWASTA,3.500.000,PT MITRA SENTOSA MANDIRI,SENTOSA RESIDENCE TAHAP II,36,108,162.000.000,240,5%,115.425.000,"19 December, 2025","22 December, 2025"
3580086,2025,2025,BANK BTN,APERSI,tapak,JAMBI,KAB BUNGO,Bathin III,Manggis,L,SWASTA,4.200.000,PT MITRA SENTOSA MANDIRI,SENTOSA RESIDENCE TAHAP II,36,108,162.000.000,180,5%,115.425.000,"19 December, 2025","22 December, 2025"
3580091,2025,2025,BANK BTN,APERSI,tapak,JAMBI,KAB BUNGO,Bathin III,Manggis,L,SWASTA,3.188.285,PT MITRA SENTOSA MANDIRI,SENTOSA RESIDENCE TAHAP II,36,108,162.000.000,228,5%,115.425.000,"19 December, 2025","22 December, 2025"
3580160,2025,2025,BANK BTN,REI,tapak,JAMBI,KAB BUNGO,Rimbo Tengah,Cadika,P,PNS,4.678.400,PT CANDIKA KAPITAL PROPERTINDO,CANDIKA ASRI,36,108,162.000.000,180,5%,115.500.000,"19 December, 2025","22 December, 2025"
3580164,2025,2025,BANK BTN,REI,tapak,JAMBI,KAB BUNGO,Rimbo Tengah,Sungai Mengkuang,L,SWASTA,4.781.500,PT KHOVIZ LANSKAP PROPERTI,PESSONA BUNGO RESIDENCE 2,36,120,166.000.000,180,5%,118.275.000,"19 December, 2025","22 December, 2025"
3580372,2025,2025,BANK BTN,APERSI,tapak,JAMBI,KAB BUNGO,Rimbo Tengah,Sungai Mengkuang,P,SWASTA,5.673.000,PT SINAR PENYELAMAT UMAT,AL KAUTSAR RESIDENCE 8,30,90,140.000.000,180,5%,100.500.000,"19 December, 2025","22 December, 2025"
3580411,2025,2025,BANK BTN,REI,tapak,JAMBI,KAB BUNGO,Bathin III,Manggis,L,SWASTA,8.460.000,PT CIPTA JAYA EWISA,BUNGO CIPTA GRAHA 5,36,108,166.000.000,120,5%,118.275.000,"19 December, 2025","22 December, 2025"
3586462,2025,2025,BANK BTN,REI,tapak,JAMBI,KAB BUNGO,Bathin III,Manggis,L,SWASTA,3.900.000,PT CITRA NAE ZIDNI,CITRA RESIDENCE 4,36,108,166.000.000,180,5%,120.255.000,"22 December, 2025","23 December, 2025"
3590537,2025,2025,BANK BNI,APERSI,tapak,JAMBI,KAB BUNGO,Rimbo Tengah,Sungai Mengkuang,L,SWASTA,3.700.000,PT GRIYA MULYA LESTARI,GRIYA DAKSINAPATI ASRI 2,36,104,166.000.000,180,5%,120.255.000,"23 December, 2025","24 December, 2025"
3591160,2025,2025,BANK BTN,APERSI,tapak,JAMBI,KAB BUNGO,Rimbo Tengah,Sungai Mengkuang,L,SWASTA,9.500.000,PT SINAR PENYELAMAT UMAT,AL KAUTSAR RESIDENCE 8,36,105,166.000.000,96,5%,120.255.000,"23 December, 2025","24 December, 2025"
3594387,2025,2025,BANK BTN,APERSI,tapak,JAMBI,KAB BUNGO,Rimbo Tengah,Sungai Mengkuang,L,SWASTA,5.137.708,PT SINAR PENYELAMAT UMAT,AL KAUTSAR RESIDENCE 8,36,105,166.000.000,180,5%,120.255.000,"19 December, 2025","24 December, 2025"
3594675,2025,2025,BANK BNI,REI,tapak,JAMBI,KAB BUNGO,Bathin III,Manggis,L,WIRASWASTA,5.993.062,PT CITRA NAE ZIDNI,CITRA RESIDENCE 4,36,108,166.000.000,180,5%,120.255.000,"19 December, 2025","24 December, 2025"
3594783,2025,2025,BANK BNI,REI,tapak,JAMBI,KAB BUNGO,Bathin III,Manggis,P,WIRASWASTA,9.825.983,PT CITRA NAE ZIDNI,CITRA RESIDENCE 4,36,108,166.000.000,144,5%,120.255.000,"23 December, 2025","24 December, 2025"
3600586,2026,2026,BANK BTN,REI,tapak,JAMBI,KAB BUNGO,Bathin III,Sungai Binjai,L,SWASTA,5.537.000,PT KHAIRUNNISA BUNGO DEMPO,DEMPO RESIDENCE 2,36,108,166.000.000,240,5%,118.275.000,"8 January, 2026","14 January, 2026"
3600608,2026,2026,BANK BTN,REI,tapak,JAMBI,KAB BUNGO,Bathin III,Manggis,L,SWASTA,3.199.750,PT CIPTA JAYA EWISA,BUNGO CIPTA GRAHA 6,36,108,166.000.000,240,5%,118.275.000,"9 January, 2026","14 January, 2026"
3600612,2026,2026,BANK BTN,REI,tapak,JAMBI,KAB BUNGO,Bathin III,Manggis,L,SWASTA,4.050.000,PT CIPTA JAYA EWISA,BUNGO CIPTA GRAHA 6,36,108,166.000.000,240,5%,118.275.000,"9 January, 2026","14 January, 2026"
3600664,2026,2026,BANK BTN,REI,tapak,JAMBI,KAB BUNGO,Bathin III,Manggis,L,SWASTA,9.950.000,PT CIPTA JAYA EWISA,BUNGO CIPTA GRAHA 6,36,108,166.000.000,180,5%,118.275.000,"9 January, 2026","14 January, 2026"
3600690,2026,2026,BANK BTN,REI,tapak,JAMBI,KAB BUNGO,Bathin III,Manggis,P,SWASTA,7.500.000,PT CITRA NAE ZIDNI,CITRA RESIDENCE 4,36,108,166.000.000,180,5%,120.255.000,"9 January, 2026","14 January, 2026"
3600741,2026,2026,BANK BTN,REI,tapak,JAMBI,KAB BUNGO,Bathin III,Manggis,L,SWASTA,9.800.000,PT CITRA NAE ZIDNI,CITRA RESIDENCE 4,36,108,166.000.000,120,5%,120.255.000,"9 January, 2026","14 January, 2026"
3600742,2026,2026,BANK BTN,REI,tapak,JAMBI,KAB BUNGO,Bathin III,Manggis,P,WIRASWASTA,5.000.000,PT CITRA NAE ZIDNI,CITRA RESIDENCE 4,36,108,166.000.000,240,5%,120.255.000,"9 January, 2026","14 January, 2026"
3602026,2026,2026,BANK BTN,REI,tapak,JAMBI,KAB BUNGO,Bathin III,Manggis,P,SWASTA,3.800.000,PT CITRA NAE ZIDNI,CITRA RESIDENCE 4,36,108,166.000.000,240,5%,120.255.000,"14 January, 2026","20 January, 2026"
3602175,2026,2026,BANK BTN,REI,tapak,JAMBI,KAB BUNGO,Bathin III,Manggis,P,SWASTA,4.300.000,PT CITRA NAE ZIDNI,CITRA RESIDENCE 4,36,108,166.000.000,180,5%,120.255.000,"15 January, 2026","20 January, 2026"
3602796,2026,2026,BANK BNI,REI,tapak,JAMBI,KAB BUNGO,Bathin III,Manggis,L,SWASTA,3.811.000,PT CITRA NAE ZIDNI,CITRA RESIDENCE 4,36,108,166.000.000,180,5%,120.255.000,"9 January, 2026","21 January, 2026"
3602797,2026,2026,BANK BNI,APERSI,tapak,JAMBI,KAB BUNGO,Rimbo Tengah,Sungai Mengkuang,L,SWASTA,5.000.000,PT GRIYA MULYA LESTARI,GRIYA DAKSINAPATI ASRI 2,36,104,166.000.000,120,5%,120.255.000,"9 January, 2026","21 January, 2026"
3602865,2026,2026,BANK BNI,REI,tapak,JAMBI,KAB BUNGO,Bathin III,Manggis,P,LAINNYA,8.726.833,PT CITRA NAE ZIDNI,CITRA RESIDENCE 4,36,127,166.000.000,120,5%,120.255.000,"14 January, 2026","21 January, 2026"
3602900,2026,2026,BANK BNI,REI,tapak,JAMBI,KAB BUNGO,Bathin III,Manggis,L,LAINNYA,5.400.000,PT CITRA NAE ZIDNI,CITRA RESIDENCE 4,36,116,166.000.000,180,5%,120.255.000,"15 January, 2026","21 January, 2026"
3603778,2026,2026,BANK BTN,REI,tapak,JAMBI,KAB BUNGO,Bathin III,Bungo Taman Agung,P,WIRASWASTA,4.500.000,PT BUNGO GRAHA INDAH,GRAHA NUSA INDAH 2,36,108,160.000.000,180,5%,114.000.000,"20 January, 2026","21 January, 2026"
3604692,2026,2026,BANK BNI,REI,tapak,JAMBI,KAB BUNGO,Bathin III,Manggis,L,WIRASWASTA,4.000.000,PT CITRA NAE ZIDNI,CITRA RESIDENCE 4,36,108,166.000.000,180,5%,120.255.000,"20 January, 2026","23 January, 2026"
3604737,2026,2026,BANK BNI,REI,tapak,JAMBI,KAB BUNGO,Bathin III,Manggis,L,SWASTA,4.850.000,PT CITRA NAE ZIDNI,CITRA RESIDENCE 4,36,108,166.000.000,180,5%,120.255.000,"21 January, 2026","23 January, 2026"
3604981,2026,2026,BANK BTN,REI,tapak,JAMBI,KAB BUNGO,Bathin III,Manggis,L,SWASTA,4.575.000,PT CIPTA JAYA EWISA,BUNGO CIPTA GRAHA 6,36,108,166.000.000,240,5%,118.275.000,"22 January, 2026","23 January, 2026"
3604988,2026,2026,BANK BTN,REI,tapak,JAMBI,KAB BUNGO,Pasar Muaro Bungo,Bungo Timur,P,SWASTA,5.400.000,PT ARAH BANGUN PRESTASI MANDIRI,PURI INDAH SEPAKAT,36,91,166.000.000,120,5%,120.255.000,"22 January, 2026","23 January, 2026"
3606753,2026,2026,BANK BTN,APERSI,tapak,JAMBI,KAB BUNGO,Rimbo Tengah,Cadika,L,WIRASWASTA,4.000.000,PT NATA TJIPTA CITA MANDIRI,GRIYA CADIKA MANDIRI,36,109,166.000.000,180,5%,120.255.000,"22 January, 2026","28 January, 2026"
3607178,2026,2026,BANK BTN,APERSI,tapak,JAMBI,KAB BUNGO,Rimbo Tengah,Sungai Mengkuang,P,SWASTA,5.875.000,PT SINAR PENYELAMAT UMAT,AL KAUTSAR RESIDENCE 8,36,105,166.000.000,180,5%,120.255.000,"23 January, 2026","28 January, 2026"
3607183,2026,2026,BANK BTN,APERSI,tapak,JAMBI,KAB BUNGO,Rimbo Tengah,Sungai Mengkuang,L,SWASTA,5.200.000,PT SINAR PENYELAMAT UMAT,AL KAUTSAR RESIDENCE 8,36,105,166.000.000,120,5%,120.255.000,"23 January, 2026","28 January, 2026"
3607197,2026,2026,BANK BTN,APERSI,tapak,JAMBI,KAB BUNGO,Rimbo Tengah,Sungai Mengkuang,P,SWASTA,3.400.000,PT SINAR PENYELAMAT UMAT,AL KAUTSAR RESIDENCE 8,36,105,166.000.000,240,5%,120.255.000,"23 January, 2026","28 January, 2026"
3607201,2026,2026,BANK BTN,REI,tapak,JAMBI,KAB BUNGO,Bathin III,Manggis,L,SWASTA,8.192.000,PT CITRA NAE ZIDNI,CITRA RESIDENCE 4,36,108,166.000.000,240,5%,120.255.000,"23 January, 2026","28 January, 2026"
3607206,2026,2026,BANK BTN,APERSI,tapak,JAMBI,KAB BUNGO,Rimbo Tengah,Sungai Mengkuang,P,SWASTA,5.000.000,PT AMARDHIKA TUJUH LANGIT,LANGIT RESIDENCE,36,120,162.000.000,180,5%,117.285.000,"23 January, 2026","28 January, 2026"
3607249,2026,2026,BANK BTN,REI,tapak,JAMBI,KAB BUNGO,Bathin III,Manggis,P,WIRASWASTA,4.500.000,PT CITRA NAE ZIDNI,CITRA RESIDENCE 4,36,119,166.000.000,180,5%,120.255.000,"23 January, 2026","28 January, 2026"
3608503,2026,2026,BANK BNI,REI,tapak,JAMBI,KAB BUNGO,Bathin III,Manggis,L,LAINNYA,8.219.411,PT CITRA NAE ZIDNI,CITRA RESIDENCE 4,36,108,166.000.000,120,5%,120.255.000,"22 January, 2026","28 January, 2026"
3608505,2026,2026,BANK BNI,REI,tapak,JAMBI,KAB BUNGO,Bathin III,Manggis,L,SWASTA,3.816.155,PT CITRA NAE ZIDNI,CITRA RESIDENCE 4,36,108,166.000.000,180,5%,120.255.000,"22 January, 2026","28 January, 2026"
3608506,2026,2026,BANK BNI,REI,tapak,JAMBI,KAB BUNGO,Bathin III,Manggis,L,WIRASWASTA,6.000.000,PT CITRA NAE ZIDNI,CITRA RESIDENCE 4,36,108,166.000.000,120,5%,120.255.000,"22 January, 2026","28 January, 2026"
3608536,2026,2026,BANK BNI,REI,tapak,JAMBI,KAB BUNGO,Bathin III,Manggis,L,LAINNYA,8.144.133,PT CITRA NAE ZIDNI,CITRA RESIDENCE 4,36,108,166.000.000,180,5%,120.255.000,"23 January, 2026","28 January, 2026"
3608559,2026,2026,BANK BNI,REI,tapak,JAMBI,KAB BUNGO,Bathin III,Manggis,L,SWASTA,4.000.000,PT CITRA NAE ZIDNI,CITRA RESIDENCE 4,36,108,166.000.000,180,5%,120.255.000,"23 January, 2026","28 January, 2026"
3608560,2026,2026,BANK BNI,REI,tapak,JAMBI,KAB BUNGO,Bathin III,Manggis,P,SWASTA,5.150.000,PT CITRA NAE ZIDNI,CITRA RESIDENCE 3,36,108,166.000.000,120,5%,120.255.000,"23 January, 2026","28 January, 2026"
3608631,2026,2026,BANK BNI,APERSI,tapak,JAMBI,KAB BUNGO,Rimbo Tengah,Sungai Mengkuang,L,WIRASWASTA,6.265.800,PT GRIYA MULYA LESTARI,GRIYA DAKSINAPATI ASRI 2,36,104,166.000.000,180,5%,120.255.000,"27 January, 2026","28 January, 2026"
3608632,2026,2026,BANK BNI,REI,tapak,JAMBI,KAB BUNGO,Bathin III,Manggis,L,LAINNYA,6.750.000,PT CITRA NAE ZIDNI,CITRA RESIDENCE 4,36,115,166.000.000,180,5%,120.255.000,"27 January, 2026","28 January, 2026"
3608634,2026,2026,BANK BNI,APERSI,tapak,JAMBI,KAB BUNGO,Rimbo Tengah,Sungai Mengkuang,L,WIRASWASTA,2.978.833,PT GRIYA MULYA LESTARI,GRIYA DAKSINAPATI ASRI 2,36,104,166.000.000,180,5%,120.255.000,"27 January, 2026","28 January, 2026"
3608635,2026,2026,BANK BNI,APERSI,tapak,JAMBI,KAB BUNGO,Rimbo Tengah,Sungai Mengkuang,L,SWASTA,4.500.000,PT GRIYA MULYA LESTARI,GRIYA DAKSINAPATI ASRI 2,36,104,166.000.000,180,5%,120.255.000,"27 January, 2026","28 January, 2026"
3608636,2026,2026,BANK BNI,APERSI,tapak,JAMBI,KAB BUNGO,Rimbo Tengah,Sungai Mengkuang,L,LAINNYA,3.200.000,PT GRIYA MULYA LESTARI,GRIYA DAKSINAPATI ASRI 2,36,104,166.000.000,180,5%,120.255.000,"27 January, 2026","28 January, 2026"
3608638,2026,2026,BANK BNI,APERSI,tapak,JAMBI,KAB BUNGO,Rimbo Tengah,Sungai Mengkuang,L,SWASTA,3.200.000,PT GRIYA MULYA LESTARI,GRIYA DAKSINAPATI ASRI 2,36,104,166.000.000,180,5%,120.255.000,"27 January, 2026","28 January, 2026"
3609574,2026,2026,BANK BTN,APERSI,tapak,JAMBI,KAB BUNGO,Rimbo Tengah,Sungai Mengkuang,P,SWASTA,4.700.000,PT SINAR PENYELAMAT UMAT,AL KAUTSAR RESIDENCE 8,30,90,140.000.000,240,5%,100.500.000,"26 January, 2026","30 January, 2026"
3611482,2026,2026,BANK BTN,REI,tapak,JAMBI,KAB BUNGO,Bathin III,Manggis,L,SWASTA,4.200.000,PT CITRA NAE ZIDNI,CITRA RESIDENCE 4,36,108,166.000.000,240,5%,106.500.000,"27 January, 2026","30 January, 2026"
3613218,2026,2026,BANK BNI,APERSI,tapak,JAMBI,KAB BUNGO,Rimbo Tengah,Sungai Mengkuang,L,LAINNYA,6.293.975,PT GRIYA MULYA LESTARI,GRIYA DAKSINAPATI ASRI 2,36,104,166.000.000,180,5%,120.255.000,"28 January, 2026","30 January, 2026"
3613219,2026,2026,BANK BNI,REI,tapak,JAMBI,KAB BUNGO,Bathin III,Manggis,P,LAINNYA,3.200.000,PT CITRA NAE ZIDNI,CITRA RESIDENCE 4,36,108,166.000.000,180,5%,120.255.000,"28 January, 2026","30 January, 2026"
3613221,2026,2026,BANK BNI,REI,tapak,JAMBI,KAB BUNGO,Bathin III,Manggis,P,SWASTA,4.500.000,PT CITRA NAE ZIDNI,CITRA RESIDENCE 4,36,108,166.000.000,192,5%,120.255.000,"28 January, 2026","30 January, 2026"
3613249,2026,2026,BANK BNI,REI,tapak,JAMBI,KAB BUNGO,Bathin III,Manggis,L,LAINNYA,6.000.000,PT CITRA NAE ZIDNI,CITRA RESIDENCE 4,36,111,166.000.000,180,5%,120.255.000,"29 January, 2026","30 January, 2026"
3613269,2026,2026,BANK BNI,APERSI,tapak,JAMBI,KAB BUNGO,Rimbo Tengah,Sungai Mengkuang,L,SWASTA,3.000.000,PT GRIYA MULYA LESTARI,GRIYA DAKSINAPATI ASRI 2,36,104,166.000.000,180,5%,120.255.000,"29 January, 2026","30 January, 2026"
3613270,2026,2026,BANK BNI,APERSI,tapak,JAMBI,KAB BUNGO,Rimbo Tengah,Sungai Mengkuang,P,SWASTA,3.000.000,PT GRIYA MULYA LESTARI,GRIYA DAKSINAPATI ASRI 2,36,104,166.000.000,240,5%,120.255.000,"29 January, 2026","30 January, 2026"
3613290,2026,2026,BANK BNI,REI,tapak,JAMBI,KAB BUNGO,Bathin III,Manggis,L,LAINNYA,7.000.000,PT CITRA NAE ZIDNI,CITRA RESIDENCE 4,36,108,166.000.000,180,5%,120.255.000,"29 January, 2026","30 January, 2026"
3613769,2026,2026,BANK BTN,REI,tapak,JAMBI,KAB BUNGO,Rimbo Tengah,Sungai Mengkuang,L,PNS,5.713.780,PT KHOVIZ LANSKAP PROPERTI,PESSONA BUNGO RESIDENCE 2,36,167,166.000.000,240,5%,118.275.000,"27 January, 2026","30 January, 2026"
3613817,2026,2026,BANK BTN,REI,tapak,JAMBI,KAB BUNGO,Rimbo Tengah,Sungai Mengkuang,L,WIRASWASTA,5.000.000,PT KHOVIZ LANSKAP PROPERTI,PESSONA BUNGO RESIDENCE 2,36,120,166.000.000,240,5%,118.275.000,"27 January, 2026","30 January, 2026"
3614097,2026,2026,BANK BTN,APERSI,tapak,JAMBI,KAB BUNGO,Bathin III,Manggis,L,SWASTA,4.900.000,PT MITRA SENTOSA MANDIRI,SENTOSA RESIDENCE TAHAP II,36,108,162.000.000,180,5%,115.425.000,"28 January, 2026","30 January, 2026"
3614112,2026,2026,BANK BTN,APERSI,tapak,JAMBI,KAB BUNGO,Bathin III,Manggis,L,SWASTA,3.024.000,PT MITRA SENTOSA MANDIRI,SENTOSA RESIDENCE TAHAP II,36,108,162.000.000,240,5%,111.557.250,"28 January, 2026","30 January, 2026"
3617050,2026,2026,BANK BNI,REI,tapak,JAMBI,KAB BUNGO,Bathin III,Manggis,P,SWASTA,4.850.000,PT CITRA NAE ZIDNI,CITRA RESIDENCE 4,36,108,166.000.000,180,5%,120.255.000,"30 January, 2026","3 February, 2026"
3617066,2026,2026,BANK BNI,APERSI,tapak,JAMBI,KAB BUNGO,Rimbo Tengah,Sungai Mengkuang,L,SWASTA,5.979.325,PT GRIYA MULYA LESTARI,GRIYA DAKSINAPATI ASRI 2,36,104,166.000.000,180,5%,120.255.000,"30 January, 2026","3 February, 2026"
3617074,2026,2026,BANK BNI,REI,tapak,JAMBI,KAB BUNGO,Bathin III,Manggis,L,LAINNYA,5.000.000,PT CITRA NAE ZIDNI,CITRA RESIDENCE 2 (PENGEMBANGAN),36,108,166.000.000,180,5%,120.255.000,"30 January, 2026","3 February, 2026"
3629615,2026,2026,BANK BNI,REI,tapak,JAMBI,KAB BUNGO,Bathin III,Manggis,L,LAINNYA,5.000.000,PT CITRA NAE ZIDNI,CITRA RESIDENCE 4,36,108,166.000.000,180,5%,120.255.000,"3 February, 2026","5 February, 2026"
3629620,2026,2026,BANK BNI,REI,tapak,JAMBI,KAB BUNGO,Bathin III,Manggis,L,WIRASWASTA,8.500.000,PT CITRA NAE ZIDNI,CITRA RESIDENCE 4,36,108,166.000.000,180,5%,120.255.000,"3 February, 2026","5 February, 2026"
3630883,2026,2026,BANK BTN,REI,tapak,JAMBI,KAB BUNGO,Bathin III,Bungo Taman Agung,P,SWASTA,4.000.000,PT BUNGO GRAHA INDAH,GRAHA NUSA INDAH 2,36,108,160.000.000,180,5%,114.000.000,"29 January, 2026","5 February, 2026"
3631411,2026,2026,BANK BNI,REI,tapak,JAMBI,KAB BUNGO,Bathin III,Manggis,L,SWASTA,3.200.000,PT CITRA NAE ZIDNI,CITRA RESIDENCE 3,36,108,166.000.000,180,5%,120.255.000,"13 January, 2026","5 February, 2026"
3634932,2026,2026,BANK BTN,APERSI,tapak,JAMBI,KAB BUNGO,Bathin III,Manggis,L,SWASTA,7.018.800,PT MITRA SENTOSA MANDIRI,SENTOSA RESIDENCE TAHAP II,36,108,162.000.000,180,5%,115.425.000,"2 February, 2026","9 February, 2026"
3637674,2026,2026,BANK BNI,REI,tapak,JAMBI,KAB BUNGO,Bathin III,Manggis,P,WIRASWASTA,6.336.556,PT CITRA NAE ZIDNI,CITRA RESIDENCE 4,36,108,166.000.000,180,5%,120.255.000,"6 February, 2026","11 February, 2026"
3637676,2026,2026,BANK BNI,REI,tapak,JAMBI,KAB BUNGO,Bathin III,Manggis,P,WIRASWASTA,5.763.806,PT CITRA NAE ZIDNI,CITRA RESIDENCE 2 (PENGEMBANGAN),36,108,166.000.000,180,5%,120.255.000,"6 February, 2026","11 February, 2026"
3637701,2026,2026,BANK BNI,REI,tapak,JAMBI,KAB BUNGO,Bathin III,Manggis,L,SWASTA,4.850.000,PT CITRA NAE ZIDNI,CITRA RESIDENCE 4,36,108,166.000.000,180,5%,120.255.000,"9 February, 2026","11 February, 2026"
3641590,2026,2026,BANK BTN,REI,tapak,JAMBI,KAB BUNGO,Rimbo Tengah,Cadika,L,SWASTA,5.537.000,PT BERKAH CIPTA PERKASA,ZAM ZAM RESIDENCE,36,96,166.000.000,180,5%,120.255.000,"11 February, 2026","18 February, 2026"
3641597,2026,2026,BANK BTN,REI,tapak,JAMBI,KAB BUNGO,Pasar Muaro Bungo,Bungo Timur,L,WIRASWASTA,10.000.000,PT ARAH BANGUN PRESTASI MANDIRI,PURI INDAH SEPAKAT,36,91,166.000.000,240,5%,120.255.000,"11 February, 2026","18 February, 2026"
3642038,2026,2026,BANK BTN,REI,tapak,JAMBI,KAB BUNGO,Bathin III,Manggis,P,SWASTA,7.899.655,PT CIPTA JAYA EWISA,BUNGO CIPTA GRAHA 6,36,108,166.000.000,180,5%,118.275.000,"13 February, 2026","18 February, 2026"
3642131,2026,2026,BANK BTN,REI,tapak,JAMBI,KAB BUNGO,Bathin III,Manggis,P,SWASTA,5.675.000,PT CITRA NAE ZIDNI,CITRA RESIDENCE 4,36,108,166.000.000,240,5%,120.255.000,"13 February, 2026","18 February, 2026"
3642734,2026,2026,BANK BNI,REI,tapak,JAMBI,KAB BUNGO,Bathin III,Manggis,P,WIRASWASTA,4.000.000,PT CITRA NAE ZIDNI,CITRA RESIDENCE 4,30,108,166.000.000,180,5%,120.255.000,"13 February, 2026","20 February, 2026"
3643313,2026,2026,BANK BNI,REI,tapak,JAMBI,KAB BUNGO,Bathin III,Manggis,L,WIRASWASTA,8.000.000,PT CITRA NAE ZIDNI,CITRA RESIDENCE 4,36,108,166.000.000,180,5%,120.255.000,"18 February, 2026","20 February, 2026"
3643325,2026,2026,BANK BNI,REI,tapak,JAMBI,KAB BUNGO,Bathin III,Manggis,P,WIRASWASTA,4.000.000,PT CITRA NAE ZIDNI,CITRA RESIDENCE 4,36,108,166.000.000,180,5%,120.255.000,"18 February, 2026","20 February, 2026"
3643328,2026,2026,BANK BNI,REI,tapak,JAMBI,KAB BUNGO,Bathin III,Manggis,L,SWASTA,4.000.000,PT CITRA NAE ZIDNI,CITRA RESIDENCE 4,36,108,166.000.000,180,5%,120.255.000,"18 February, 2026","20 February, 2026"
3644469,2026,2026,BANK BNI,APERSI,tapak,JAMBI,KAB BUNGO,Rimbo Tengah,Sungai Mengkuang,P,SWASTA,3.000.000,PT GRIYA MULYA LESTARI,GRIYA DAKSINAPATI ASRI 2,36,104,166.000.000,180,5%,120.255.000,"11 February, 2026","25 February, 2026"
3644512,2026,2026,BANK BNI,APERSI,tapak,JAMBI,KAB BUNGO,Rimbo Tengah,Sungai Mengkuang,L,SWASTA,3.000.000,PT GRIYA MULYA LESTARI,GRIYA DAKSINAPATI ASRI 2,36,104,166.000.000,180,5%,120.255.000,"20 February, 2026","25 February, 2026"
3645041,2026,2026,BANK BTN,REI,tapak,JAMBI,KAB BUNGO,Bathin III,Manggis,L,WIRASWASTA,3.780.000,PT CITRA NAE ZIDNI,CITRA RESIDENCE 4,36,108,166.000.000,240,5%,120.255.000,"20 February, 2026","25 February, 2026"
3645138,2026,2026,BANK BTN,REI,tapak,JAMBI,KAB BUNGO,Bathin III,Manggis,L,SWASTA,9.647.585,PT CIPTA JAYA EWISA,BUNGO CIPTA GRAHA 6,36,108,166.000.000,180,5%,118.275.000,"20 February, 2026","25 February, 2026"
3647435,2026,2026,BANK SYARIAH NASIONAL,APERSI,tapak,JAMBI,KAB BUNGO,Batin II Babeko,Tanjung Menanti,L,WIRASWASTA,8.000.000,PT NUSANTARA AGUNG PROPERTY,TROPIKANA RESIDENCE,36,117,162.000.000,240,5%,115.425.000,"22 January, 2026","25 February, 2026"
3648131,2026,2026,BANK BTN,REI,tapak,JAMBI,KAB BUNGO,Bathin III,Manggis,L,SWASTA,4.100.000,PT CITRA NAE ZIDNI,CITRA RESIDENCE 4,36,108,166.000.000,180,5%,120.255.000,"23 February, 2026","27 February, 2026"
3648226,2026,2026,BANK BTN,REI,tapak,JAMBI,KAB BUNGO,Rimbo Tengah,Cadika,P,SWASTA,4.500.000,PT CANDIKA KAPITAL PROPERTINDO,CANDIKA ASRI,36,108,162.000.000,180,5%,115.500.000,"24 February, 2026","27 February, 2026"
3648241,2026,2026,BANK BTN,REI,tapak,JAMBI,KAB BUNGO,Rimbo Tengah,Sungai Mengkuang,P,SWASTA,4.120.000,PT CIPTA JAYA EWISA,BUNGO CIPTA GRAHA 2,36,108,140.000.000,180,5%,100.950.000,"24 February, 2026","27 February, 2026"
3649428,2026,2026,BANK BNI,REI,tapak,JAMBI,KAB BUNGO,Bathin III,Manggis,P,WIRASWASTA,5.763.806,PT CITRA NAE ZIDNI,CITRA RESIDENCE 4,36,108,166.000.000,180,5%,120.255.000,"23 February, 2026","27 February, 2026"
3649431,2026,2026,BANK BNI,REI,tapak,JAMBI,KAB BUNGO,Bathin III,Manggis,P,WIRASWASTA,5.837.500,PT CITRA NAE ZIDNI,CITRA RESIDENCE 2 (PENGEMBANGAN),36,108,166.000.000,180,5%,120.255.000,"23 February, 2026","27 February, 2026"
3649433,2026,2026,BANK BNI,APERSI,tapak,JAMBI,KAB BUNGO,Rimbo Tengah,Sungai Mengkuang,L,SWASTA,4.000.000,PT GRIYA MULYA LESTARI,GRIYA DAKSINAPATI ASRI 2,36,104,166.000.000,180,5%,120.255.000,"23 February, 2026","27 February, 2026"
3649479,2026,2026,BANK BNI,APERSI,tapak,JAMBI,KAB BUNGO,Rimbo Tengah,Sungai Mengkuang,L,SWASTA,3.100.000,PT GRIYA MULYA LESTARI,GRIYA DAKSINAPATI ASRI 2,36,104,166.000.000,180,5%,120.255.000,"24 February, 2026","27 February, 2026"
3649480,2026,2026,BANK BNI,APERSI,tapak,JAMBI,KAB BUNGO,Rimbo Tengah,Sungai Mengkuang,L,WIRASWASTA,7.000.000,PT GRIYA MULYA LESTARI,GRIYA DAKSINAPATI ASRI 2,36,104,166.000.000,120,5%,120.255.000,"24 February, 2026","27 February, 2026"
3649529,2026,2026,BANK BNI,REI,tapak,JAMBI,KAB BUNGO,Bathin III,Manggis,L,SWASTA,5.000.000,PT CITRA NAE ZIDNI,CITRA RESIDENCE 4,36,108,166.000.000,180,5%,120.255.000,"25 February, 2026","27 February, 2026"
3649530,2026,2026,BANK BNI,APERSI,tapak,JAMBI,KAB BUNGO,Rimbo Tengah,Sungai Mengkuang,P,WIRASWASTA,3.500.000,PT GRIYA MULYA LESTARI,GRIYA DAKSINAPATI ASRI 2,36,104,166.000.000,180,5%,120.255.000,"25 February, 2026","27 February, 2026"
3649531,2026,2026,BANK BNI,REI,tapak,JAMBI,KAB BUNGO,Bathin III,Manggis,P,WIRASWASTA,6.000.000,PT CITRA NAE ZIDNI,CITRA RESIDENCE 4,36,108,166.000.000,120,5%,120.255.000,"25 February, 2026","27 February, 2026"
3649532,2026,2026,BANK BNI,REI,tapak,JAMBI,KAB BUNGO,Bathin III,Manggis,L,SWASTA,2.600.000,PT CITRA NAE ZIDNI,CITRA RESIDENCE 4,36,108,166.000.000,180,5%,120.255.000,"25 February, 2026","27 February, 2026"
3650691,2026,2026,BANK BTN,REI,tapak,JAMBI,KAB BUNGO,Rimbo Tengah,Sungai Mengkuang,P,PNS,6.590.000,PT KHOVIZ LANSKAP PROPERTI,PESSONA BUNGO RESIDENCE 2,36,112,166.000.000,180,5%,118.275.000,"25 February, 2026","27 February, 2026"
3650699,2026,2026,BANK BTN,REI,tapak,JAMBI,KAB BUNGO,Bathin III,Manggis,L,WIRASWASTA,6.000.000,PT CITRA NAE ZIDNI,CITRA RESIDENCE 4,36,131,166.000.000,180,5%,120.255.000,"25 February, 2026","27 February, 2026"
3651574,2026,2026,BANK BTN,APERSI,tapak,JAMBI,KAB BUNGO,Rimbo Tengah,Sungai Mengkuang,L,SWASTA,5.100.000,PT AMARDHIKA TUJUH LANGIT,LANGIT RESIDENCE,36,120,162.000.000,180,5%,117.285.000,"25 February, 2026","27 February, 2026"
3651575,2026,2026,BANK BTN,APERSI,tapak,JAMBI,KAB BUNGO,Rimbo Tengah,Sungai Mengkuang,L,SWASTA,5.700.000,PT AMARDHIKA TUJUH LANGIT,LANGIT RESIDENCE,36,120,162.000.000,180,5%,117.285.000,"25 February, 2026","27 February, 2026"
3651603,2026,2026,BANK BTN,REI,tapak,JAMBI,KAB BUNGO,Bathin III,Bungo Taman Agung,L,WIRASWASTA,3.800.000,PT BUNGO GRAHA INDAH,GRAHA NUSA INDAH 2,36,108,160.000.000,180,5%,114.000.000,"26 February, 2026","27 February, 2026"
3651606,2026,2026,BANK BTN,REI,tapak,JAMBI,KAB BUNGO,Bathin III,Bungo Taman Agung,L,WIRASWASTA,7.500.000,PT BUNGO GRAHA INDAH,GRAHA NUSA INDAH 2,36,108,160.000.000,180,5%,114.000.000,"26 February, 2026","27 February, 2026"
3651609,2026,2026,BANK BTN,REI,tapak,JAMBI,KAB BUNGO,Bathin III,Bungo Taman Agung,P,WIRASWASTA,4.500.000,PT BUNGO GRAHA INDAH,GRAHA NUSA INDAH 2,36,108,160.000.000,180,5%,114.000.000,"26 February, 2026","27 February, 2026"
3651667,2026,2026,BANK BTN,REI,tapak,JAMBI,KAB BUNGO,Rimbo Tengah,Sungai Mengkuang,L,SWASTA,3.414.000,PT KHOVIZ LANSKAP PROPERTI,PESSONA BUNGO RESIDENCE 2,36,120,166.000.000,240,5%,118.275.000,"26 February, 2026","27 February, 2026"
3651699,2026,2026,BANK BTN,REI,tapak,JAMBI,KAB BUNGO,Bathin III,Manggis,L,SWASTA,4.700.000,PT CITRA NAE ZIDNI,CITRA RESIDENCE 4,36,108,166.000.000,192,5%,120.255.000,"26 February, 2026","27 February, 2026"
3651700,2026,2026,BANK BTN,REI,tapak,JAMBI,KAB BUNGO,Bathin III,Bungo Taman Agung,P,PNS,3.870.500,PT BUNGO GRAHA INDAH,GRAHA NUSA INDAH 2,36,108,160.000.000,216,5%,114.000.000,"26 February, 2026","27 February, 2026"
3652322,2026,2026,BANK BTN,REI,tapak,JAMBI,KAB BUNGO,Bathin III,Manggis,L,SWASTA,4.810.000,PT CITRA NAE ZIDNI,CITRA RESIDENCE 2 (PENGEMBANGAN),36,108,166.000.000,240,5%,120.255.000,"26 February, 2026","2 March, 2026"
3652741,2026,2026,BANK BNI,REI,tapak,JAMBI,KAB BUNGO,Bathin III,Manggis,L,WIRASWASTA,5.000.000,PT CITRA NAE ZIDNI,CITRA RESIDENCE 4,36,108,166.000.000,180,5%,120.255.000,"27 February, 2026","4 March, 2026"
3652742,2026,2026,BANK BNI,REI,tapak,JAMBI,KAB BUNGO,Bathin III,Manggis,P,WIRASWASTA,9.000.000,PT CITRA NAE ZIDNI,CITRA RESIDENCE 4,36,108,166.000.000,180,5%,120.255.000,"27 February, 2026","4 March, 2026"
3652754,2026,2026,BANK BNI,REI,tapak,JAMBI,KAB BUNGO,Bathin III,Manggis,P,SWASTA,5.000.000,PT CITRA NAE ZIDNI,CITRA RESIDENCE 4,36,108,166.000.000,180,5%,120.255.000,"27 February, 2026","4 March, 2026"
3662497,2026,2026,BANK BTN,PI,tapak,JAMBI,KAB BUNGO,Bathin III,Manggis,L,SWASTA,4.100.000,PT MITRA SENTOSA MANDIRI,SENTOSA RESIDENCE TAHAP II,36,108,162.000.000,240,5%,115.425.000,"26 February, 2026","2 March, 2026"
3662498,2026,2026,BANK BTN,PI,tapak,JAMBI,KAB BUNGO,Bathin III,Manggis,P,SWASTA,3.600.000,PT MITRA SENTOSA MANDIRI,SENTOSA RESIDENCE TAHAP II,36,108,162.000.000,240,5%,115.425.000,"26 February, 2026","2 March, 2026"
3662499,2026,2026,BANK BTN,PI,tapak,JAMBI,KAB BUNGO,Bathin III,Manggis,L,SWASTA,4.700.000,PT MITRA SENTOSA MANDIRI,SENTOSA RESIDENCE TAHAP II,36,108,162.000.000,168,5%,115.425.000,"26 February, 2026","2 March, 2026"
3662500,2026,2026,BANK BTN,PI,tapak,JAMBI,KAB BUNGO,Bathin III,Manggis,P,SWASTA,3.700.000,PT MITRA SENTOSA MANDIRI,SENTOSA RESIDENCE TAHAP II,36,108,162.000.000,228,5%,115.425.000,"26 February, 2026","2 March, 2026"
3662501,2026,2026,BANK BTN,PI,tapak,JAMBI,KAB BUNGO,Bathin III,Manggis,L,WIRASWASTA,4.100.000,PT MITRA SENTOSA MANDIRI,SENTOSA RESIDENCE TAHAP II,36,108,162.000.000,180,5%,115.425.000,"26 February, 2026","2 March, 2026"
3662502,2026,2026,BANK BTN,PI,tapak,JAMBI,KAB BUNGO,Bathin III,Manggis,L,SWASTA,4.750.000,PT MITRA SENTOSA MANDIRI,SENTOSA RESIDENCE TAHAP II,36,108,162.000.000,240,5%,115.425.000,"26 February, 2026","2 March, 2026"
3663619,2026,2026,BANK SYARIAH NASIONAL,PI,tapak,JAMBI,KAB BUNGO,Rimbo Tengah,Pasir Putih,L,WIRASWASTA,8.300.000,PT DUPAN BERKAH SEJAHTERA,KENZIE RESIDENCE,36,108,166.000.000,180,5%,118.275.000,"13 January, 2026","6 March, 2026"
3663647,2026,2026,BANK SYARIAH NASIONAL,PI,tapak,JAMBI,KAB BUNGO,Rimbo Tengah,Sungai Mengkuang,P,SWASTA,5.300.000,PT SINAR PENYELAMAT UMAT,AL KAUTSAR RESIDENCE 8,30,90,140.000.000,180,5%,100.500.000,"23 January, 2026","6 March, 2026"
3663657,2026,2026,BANK SYARIAH NASIONAL,PI,tapak,JAMBI,KAB BUNGO,Rimbo Tengah,Sungai Mengkuang,L,WIRASWASTA,8.000.000,PT SINAR PENYELAMAT UMAT,AL KAUTSAR RESIDENCE 8,30,90,140.000.000,180,5%,100.500.000,"26 January, 2026","6 March, 2026"
3663663,2026,2026,BANK SYARIAH NASIONAL,REI,tapak,JAMBI,KAB BUNGO,Batin II Babeko,Tanjung Menanti,P,SWASTA,3.900.000,PT PETRA CIPTA UTAMA,GREEN PETRA 3,36,108,166.000.000,240,5%,118.500.000,"27 January, 2026","6 March, 2026"
3663664,2026,2026,BANK SYARIAH NASIONAL,PI,tapak,JAMBI,KAB BUNGO,Rimbo Tengah,Sungai Mengkuang,L,SWASTA,7.000.000,PT AMARDHIKA TUJUH LANGIT,LANGIT RESIDENCE,36,120,162.000.000,240,5%,117.285.000,"27 January, 2026","6 March, 2026"
3665165,2026,2026,BANK BTN,PI,tapak,JAMBI,KAB BUNGO,Rimbo Tengah,Sungai Mengkuang,P,SWASTA,3.925.000,PT AMARDHIKA TUJUH LANGIT,LANGIT RESIDENCE,36,120,162.000.000,180,5%,117.285.000,"27 February, 2026","4 March, 2026"
3665169,2026,2026,BANK BTN,REI,tapak,JAMBI,KAB BUNGO,Bathin III,Manggis,L,SWASTA,4.450.000,PT CIPTA JAYA EWISA,BUNGO CIPTA GRAHA 5,36,98,166.000.000,240,5%,118.275.000,"27 February, 2026","4 March, 2026"
3665882,2026,2026,BANK BTN,REI,tapak,JAMBI,KAB BUNGO,Bathin III,Manggis,P,WIRASWASTA,6.400.000,PT CITRA NAE ZIDNI,CITRA RESIDENCE 4,36,108,166.000.000,180,5%,120.255.000,"27 February, 2026","4 March, 2026"
3669756,2026,2026,BANK SYARIAH NASIONAL,PI,tapak,JAMBI,KAB BUNGO,Rimbo Tengah,Sungai Mengkuang,L,SWASTA,3.800.000,PT SINAR PENYELAMAT UMAT,AL KAUTSAR RESIDENCE 8,30,90,140.000.000,180,5%,100.500.000,"21 January, 2026","6 March, 2026"
3671182,2026,2026,BANK BTN,REI,tapak,JAMBI,KAB BUNGO,Batin II Babeko,Tanjung Menanti,L,SWASTA,3.300.000,PT PETRA CIPTA UTAMA,GREEN PETRA 3,36,108,166.000.000,240,5%,118.500.000,"3 March, 2026","6 March, 2026"
3671219,2026,2026,BANK BTN,REI,tapak,JAMBI,KAB BUNGO,Bathin III,Manggis,P,SWASTA,9.000.000,PT CITRA NAE ZIDNI,CITRA RESIDENCE 4,36,108,166.000.000,180,5%,120.255.000,"3 March, 2026","6 March, 2026"
3671220,2026,2026,BANK BTN,REI,tapak,JAMBI,KAB BUNGO,Bathin III,Manggis,P,WIRASWASTA,7.400.000,PT CITRA NAE ZIDNI,CITRA RESIDENCE 4,36,108,166.000.000,180,5%,120.255.000,"3 March, 2026","6 March, 2026"
3671228,2026,2026,BANK BTN,REI,tapak,JAMBI,KAB BUNGO,Bathin III,Manggis,L,PNS,6.153.550,PT CIPTA JAYA EWISA,BUNGO CIPTA GRAHA 5,36,133,166.000.000,240,5%,118.275.000,"3 March, 2026","6 March, 2026"
3672725,2026,2026,BANK BTN,REI,tapak,JAMBI,KAB BUNGO,Rimbo Tengah,Sungai Mengkuang,L,SWASTA,4.109.535,PT KHOVIZ LANSKAP PROPERTI,PESSONA BUNGO RESIDENCE 2,36,156,166.000.000,180,5%,118.275.000,"5 March, 2026","9 March, 2026"
3672726,2026,2026,BANK BTN,APERSI,tapak,JAMBI,KAB BUNGO,Bathin III,Sungai Binjai,L,WIRASWASTA,4.000.000,PT ADIAN RATU,VILLA ADIAN RATU,36,150,162.000.000,240,5%,115.425.000,"5 March, 2026","9 March, 2026"
3672741,2026,2026,BANK BTN,REI,tapak,JAMBI,KAB BUNGO,Bathin III,Manggis,P,SWASTA,7.000.000,PT CITRA NAE ZIDNI,CITRA RESIDENCE 4,36,108,166.000.000,180,5%,120.255.000,"5 March, 2026","9 March, 2026"
3672794,2026,2026,BANK BTN,REI,tapak,JAMBI,KAB BUNGO,Bathin III,Manggis,L,WIRASWASTA,5.065.000,PT CITRA NAE ZIDNI,CITRA RESIDENCE 4,36,108,166.000.000,180,5%,120.255.000,"6 March, 2026","9 March, 2026"
3674752,2026,2026,BANK BTN,REI,tapak,JAMBI,KAB BUNGO,Bathin III,Manggis,P,WIRASWASTA,5.700.000,PT BUNGO BATHIN DAMAI,TAMAN CENDANA,36,146,162.000.000,180,5%,117.285.000,"6 March, 2026","11 March, 2026"
3674952,2026,2026,BANK BTN,REI,tapak,JAMBI,KAB BUNGO,Rimbo Tengah,Pasir Putih,L,SWASTA,4.300.000,PT MITRA HARAPAN KENTJANA,GRAHA BUNGO KENTJANA TAHAP 2,36,91,166.000.000,240,5%,120.255.000,"6 March, 2026","11 March, 2026"
3678568,2026,2026,BANK BNI,REI,tapak,JAMBI,KAB BUNGO,Bathin III,Manggis,L,SWASTA,3.204.167,PT CIPTA JAYA EWISA,BUNGO CIPTA GRAHA 6,36,108,166.000.000,180,5%,118.275.000,"6 March, 2026","11 March, 2026"
3678598,2026,2026,BANK BNI,REI,tapak,JAMBI,KAB BUNGO,Bathin III,Manggis,P,WIRASWASTA,5.000.000,PT CITRA NAE ZIDNI,CITRA RESIDENCE 4,36,108,166.000.000,180,5%,120.255.000,"9 March, 2026","11 March, 2026"
3678627,2026,2026,BANK BNI,REI,tapak,JAMBI,KAB BUNGO,Bungo Dani,Sungai Kerjan,L,LAINNYA,6.514.823,PT PERMATA REAL ESTATE,PERMATA SEI KERJAN,36,108,166.000.000,120,5%,120.255.000,"10 March, 2026","11 March, 2026"
3678629,2026,2026,BANK BNI,REI,tapak,JAMBI,KAB BUNGO,Bungo Dani,Sungai Kerjan,L,LAINNYA,4.838.200,PT PERMATA REAL ESTATE,PERMATA SEI KERJAN,36,108,166.000.000,120,5%,120.255.000,"10 March, 2026","11 March, 2026"
3679282,2026,2026,BANK SYARIAH NASIONAL,PI,tapak,JAMBI,KAB BUNGO,Rimbo Tengah,Sungai Mengkuang,P,SWASTA,5.000.000,PT SINAR PENYELAMAT UMAT,AL KAUTSAR RESIDENCE 8,30,90,140.000.000,180,5%,100.500.000,"21 January, 2026","13 March, 2026"
3679306,2026,2026,BANK SYARIAH NASIONAL,PI,tapak,JAMBI,KAB BUNGO,Batin II Babeko,Tanjung Menanti,L,SWASTA,5.300.000,PT NUSANTARA AGUNG PROPERTY,TROPIKANA RESIDENCE,36,117,162.000.000,96,5%,115.425.000,"27 January, 2026","13 March, 2026"
3679360,2026,2026,BANK SYARIAH NASIONAL,REI,tapak,JAMBI,KAB BUNGO,Bathin III,Bungo Taman Agung,P,WIRASWASTA,8.000.000,PT BUNGO GRAHA INDAH,GRAHA NUSA INDAH 2,36,108,160.000.000,180,5%,114.000.000,"5 February, 2026","13 March, 2026"
3679397,2026,2026,BANK SYARIAH NASIONAL,REI,tapak,JAMBI,KAB BUNGO,Rimbo Tengah,Cadika,P,SWASTA,5.300.000,PT BERKAH CIPTA PERKASA,ZAM ZAM RESIDENCE,36,96,166.000.000,156,5%,120.255.000,"6 February, 2026","13 March, 2026"
3679404,2026,2026,BANK SYARIAH NASIONAL,REI,tapak,JAMBI,KAB BUNGO,Bathin III,Manggis,P,SWASTA,5.300.000,PT CITRA NAE ZIDNI,CITRA RESIDENCE 4,36,112,166.000.000,180,5%,120.255.000,"6 February, 2026","13 March, 2026"
3679520,2026,2026,BANK SYARIAH NASIONAL,REI,tapak,JAMBI,KAB BUNGO,Rimbo Tengah,Cadika,L,SWASTA,5.300.000,PT BERKAH CIPTA PERKASA,ZAM ZAM RESIDENCE,36,108,166.000.000,216,5%,120.255.000,"19 February, 2026","13 March, 2026"
3679549,2026,2026,BANK SYARIAH NASIONAL,PI,tapak,JAMBI,KAB BUNGO,Rimbo Tengah,Sungai Mengkuang,P,PNS,3.700.000,PT AMARDHIKA TUJUH LANGIT,LANGIT RESIDENCE,36,120,162.000.000,240,5%,117.285.000,"20 February, 2026","13 March, 2026"
3679798,2026,2026,BANK SYARIAH NASIONAL,PI,tapak,JAMBI,KAB BUNGO,Rimbo Tengah,Sungai Mengkuang,P,WIRASWASTA,5.300.000,PT SINAR PENYELAMAT UMAT,AL KAUTSAR 7 PENGEMBANGAN,36,98,166.000.000,180,5%,120.255.000,"26 February, 2026","13 March, 2026"
3683440,2026,2026,BANK BTN,REI,tapak,JAMBI,KAB BUNGO,Bathin III,Manggis,L,SWASTA,5.000.000,PT CIPTA JAYA EWISA,BUNGO CIPTA GRAHA 6,36,108,166.000.000,240,5%,117.225.000,"11 March, 2026","17 March, 2026"
3683594,2026,2026,BANK BTN,REI,tapak,JAMBI,KAB BUNGO,Bathin III,Manggis,L,SWASTA,4.600.000,PT CIPTA JAYA EWISA,BUNGO CIPTA GRAHA 6,36,108,166.000.000,240,5%,118.275.000,"11 March, 2026","17 March, 2026"
3684885,2026,2026,BANK SYARIAH NASIONAL,PI,tapak,JAMBI,KAB BUNGO,Batin II Babeko,Tanjung Menanti,P,SWASTA,5.300.000,PT NUSANTARA AGUNG PROPERTY,TROPIKANA RESIDENCE,36,117,162.000.000,240,5%,115.425.000,"11 February, 2026","16 March, 2026"
3684938,2026,2026,BANK SYARIAH NASIONAL,REI,tapak,JAMBI,KAB BUNGO,Bathin III,Manggis,L,SWASTA,6.000.000,PT CITRA NAE ZIDNI,CITRA RESIDENCE 2 PENGEMBANGAN,36,108,166.000.000,240,5%,120.255.000,"20 February, 2026","16 March, 2026"
3685049,2026,2026,BANK SYARIAH NASIONAL,PI,tapak,JAMBI,KAB BUNGO,Batin II Babeko,Tanjung Menanti,P,SWASTA,5.300.000,PT NUSANTARA AGUNG PROPERTY,TROPIKANA RESIDENCE,36,117,162.000.000,192,5%,115.425.000,"26 February, 2026","16 March, 2026"
3685052,2026,2026,BANK SYARIAH NASIONAL,PI,tapak,JAMBI,KAB BUNGO,Rimbo Tengah,Sungai Mengkuang,L,WIRASWASTA,10.000.000,PT SINAR PENYELAMAT UMAT,AL KAUTSAR 7 PENGEMBANGAN,36,98,166.000.000,180,5%,120.255.000,"26 February, 2026","16 March, 2026"
3690892,2026,2026,BANK BTN,PI,tapak,JAMBI,KAB BUNGO,Rimbo Tengah,Sungai Mengkuang,L,SWASTA,4.300.000,PT AMARDHIKA TUJUH LANGIT,LANGIT RESIDENCE,36,120,162.000.000,180,5%,117.285.000,"12 March, 2026","17 March, 2026"
3690893,2026,2026,BANK BTN,PI,tapak,JAMBI,KAB BUNGO,Rimbo Tengah,Sungai Mengkuang,P,SWASTA,6.000.000,PT AMARDHIKA TUJUH LANGIT,LANGIT RESIDENCE,36,120,162.000.000,180,5%,117.285.000,"12 March, 2026","17 March, 2026"
3690929,2026,2026,BANK BTN,REI,tapak,JAMBI,KAB BUNGO,Pasar Muaro Bungo,Bungo Timur,P,PNS,9.751.484,PT ARAH BANGUN PRESTASI MANDIRI,PURI INDAH SEPAKAT,36,91,166.000.000,240,5%,120.255.000,"12 March, 2026","17 March, 2026"
3691419,2026,2026,BANK BTN,PI,tapak,JAMBI,KAB BUNGO,Bathin III,Manggis,L,WIRASWASTA,6.000.000,PT MITRA SENTOSA MANDIRI,SENTOSA RESIDENCE TAHAP II,36,108,162.000.000,240,5%,115.425.000,"13 March, 2026","17 March, 2026"
3691429,2026,2026,BANK BTN,PI,tapak,JAMBI,KAB BUNGO,Bathin III,Manggis,P,WIRASWASTA,8.000.000,PT MITRA SENTOSA MANDIRI,SENTOSA RESIDENCE TAHAP II,36,108,162.000.000,180,5%,115.425.000,"13 March, 2026","17 March, 2026"
3691430,2026,2026,BANK BTN,PI,tapak,JAMBI,KAB BUNGO,Bathin III,Manggis,L,SWASTA,4.000.000,PT MITRA SENTOSA MANDIRI,SENTOSA RESIDENCE TAHAP II,36,108,162.000.000,240,5%,115.425.000,"13 March, 2026","17 March, 2026"
3691431,2026,2026,BANK BTN,PI,tapak,JAMBI,KAB BUNGO,Bathin III,Manggis,P,SWASTA,3.900.000,PT MITRA SENTOSA MANDIRI,SENTOSA RESIDENCE TAHAP II,36,108,162.000.000,180,5%,115.425.000,"13 March, 2026","17 March, 2026"
3691432,2026,2026,BANK BTN,PI,tapak,JAMBI,KAB BUNGO,Bathin III,Manggis,L,WIRASWASTA,4.900.000,PT MITRA SENTOSA MANDIRI,SENTOSA RESIDENCE TAHAP II,36,108,162.000.000,180,5%,115.425.000,"13 March, 2026","17 March, 2026"
3691460,2026,2026,BANK BTN,REI,tapak,JAMBI,KAB BUNGO,Bathin III,Manggis,L,WIRASWASTA,7.900.000,PT CITRA NAE ZIDNI,CITRA RESIDENCE 4,36,108,166.000.000,240,5%,119.512.500,"13 March, 2026","17 March, 2026"
3691530,2026,2026,BANK BTN,APERSI,tapak,JAMBI,KAB BUNGO,Bathin III,Bungo Taman Agung,L,SWASTA,5.866.000,PT JAYA BAKTI PERMATA SARI,PURWOBAKTI INDAH DUO,36,200,150.500.000,180,5%,107.231.250,"13 March, 2026","17 March, 2026"
3691694,2026,2026,BANK BTN,REI,tapak,JAMBI,KAB BUNGO,Rimbo Tengah,Cadika,P,SWASTA,5.000.000,PT BERKAH CIPTA PERKASA,ZAM ZAM RESIDENCE,36,150,166.000.000,180,5%,120.255.000,"13 March, 2026","17 March, 2026"
3694274,2026,2026,BANK BTN,REI,tapak,JAMBI,KAB BUNGO,Bathin III,Manggis,P,SWASTA,4.400.000,PT CITRA NAE ZIDNI,CITRA RESIDENCE 4,36,120,166.000.000,180,5%,120.255.000,"27 January, 2026","26 March, 2026"
3694308,2026,2026,BANK BTN,REI,tapak,JAMBI,KAB BUNGO,Bathin III,Manggis,P,WIRASWASTA,5.270.000,PT CITRA NAE ZIDNI,CITRA RESIDENCE 4,36,108,166.000.000,180,5%,120.255.000,"30 January, 2026","26 March, 2026"
3697949,2026,2026,BANK BTN,REI,tapak,JAMBI,KAB BUNGO,Rimbo Tengah,Cadika,P,PNS,6.395.000,PT DEFANA PERMATA GROUP,BUNGO ANUGRAH RESIDENCE,36,108,166.000.000,180,5%,120.255.000,"16 March, 2026","26 March, 2026"
3698001,2026,2026,BANK BTN,REI,tapak,JAMBI,KAB BUNGO,Batin II Babeko,Tanjung Menanti,P,SWASTA,5.048.333,PT PETRA CIPTA UTAMA,GREEN PETRA 3,36,108,166.000.000,240,5%,120.255.000,"16 March, 2026","26 March, 2026"
3699726,2026,2026,BANK BTN,REI,tapak,JAMBI,KAB BUNGO,Batin II Babeko,Tanjung Menanti,L,SWASTA,7.000.000,PT PETRA CIPTA UTAMA,GREEN PETRA 3,36,108,166.000.000,240,5%,120.255.000,"16 March, 2026","26 March, 2026"
3699810,2026,2026,BANK BTN,REI,tapak,JAMBI,KAB BUNGO,Rimbo Tengah,Cadika,P,PNS,9.182.500,PT CANDIKA KAPITAL PROPERTINDO,CANDIKA ASRI,36,164,162.000.000,240,5%,115.500.000,"16 March, 2026","26 March, 2026"
3699893,2026,2026,BANK BTN,REI,tapak,JAMBI,KAB BUNGO,Rimbo Tengah,Cadika,L,WIRASWASTA,6.800.000,PT DEFANA PERMATA GROUP,BUNGO ANUGRAH RESIDENCE,36,108,166.000.000,180,5%,120.255.000,"16 March, 2026","26 March, 2026"
3699911,2026,2026,BANK BTN,REI,tapak,JAMBI,KAB BUNGO,Bathin III,Manggis,P,SWASTA,9.999.900,PT CITRA NAE ZIDNI,CITRA RESIDENCE 4,36,108,166.000.000,156,5%,120.255.000,"16 March, 2026","26 March, 2026"
3699986,2026,2026,BANK BTN,PI,tapak,JAMBI,KAB BUNGO,Rimbo Tengah,Pasir Putih,P,SWASTA,3.642.315,PT DUPAN BERKAH SEJAHTERA,KENZIE RESIDENCE,36,108,166.000.000,240,5%,104.250.000,"16 March, 2026","26 March, 2026"
3700012,2026,2026,BANK BTN,REI,tapak,JAMBI,KAB BUNGO,Rimbo Tengah,Sungai Mengkuang,L,SWASTA,6.400.000,PT KHOVIZ LANSKAP PROPERTI,PESSONA BUNGO RESIDENCE,36,108,166.000.000,120,5%,118.275.000,"16 March, 2026","26 March, 2026"
3700023,2026,2026,BANK BTN,APERSI,tapak,JAMBI,KAB BUNGO,Rimbo Tengah,Cadika,L,SWASTA,4.175.466,PT NATA TJIPTA CITA MANDIRI,GRIYA CADIKA MANDIRI,36,104,166.000.000,240,5%,120.255.000,"16 March, 2026","26 March, 2026"
3700509,2026,2026,BANK BTN,REI,tapak,JAMBI,KAB BUNGO,Bathin III,Manggis,L,SWASTA,4.695.000,PT CITRA NAE ZIDNI,CITRA RESIDENCE 4,36,108,166.000.000,180,5%,120.255.000,"17 March, 2026","26 March, 2026"
3700552,2026,2026,BANK BTN,REI,tapak,JAMBI,KAB BUNGO,Batin II Babeko,Tanjung Menanti,P,SWASTA,4.994.764,PT PETRA CIPTA UTAMA,GREEN PETRA 3,36,108,166.000.000,240,5%,120.255.000,"17 March, 2026","26 March, 2026"
3703841,2026,2026,BANK BNI,REI,tapak,JAMBI,KAB BUNGO,Bungo Dani,Sungai Kerjan,L,WIRASWASTA,4.500.000,PT PERMATA REAL ESTATE,PERMATA SEI KERJAN,36,108,166.000.000,180,5%,120.255.000,"12 March, 2026","27 March, 2026"
3703943,2026,2026,BANK BNI,REI,tapak,JAMBI,KAB BUNGO,Bathin III,Manggis,P,WIRASWASTA,4.500.000,PT CIPTA JAYA EWISA,BUNGO CIPTA GRAHA 6,36,108,166.000.000,144,5%,118.275.000,"13 March, 2026","27 March, 2026"
3703945,2026,2026,BANK BNI,REI,tapak,JAMBI,KAB BUNGO,Bathin III,Manggis,P,LAINNYA,5.000.000,PT CITRA NAE ZIDNI,CITRA RESIDENCE 4,36,108,166.000.000,180,5%,120.255.000,"13 March, 2026","27 March, 2026"
3703955,2026,2026,BANK BNI,REI,tapak,JAMBI,KAB BUNGO,Bungo Dani,Sungai Kerjan,P,WIRASWASTA,8.478.426,PT PERMATA REAL ESTATE,PERMATA SEI KERJAN,36,108,166.000.000,228,5%,120.255.000,"13 March, 2026","27 March, 2026"
3703959,2026,2026,BANK BNI,REI,tapak,JAMBI,KAB BUNGO,Bathin III,Manggis,L,WIRASWASTA,6.000.000,PT CITRA NAE ZIDNI,CITRA RESIDENCE 4,36,108,166.000.000,180,5%,120.255.000,"13 March, 2026","27 March, 2026"
3703961,2026,2026,BANK BNI,REI,tapak,JAMBI,KAB BUNGO,Bathin III,Manggis,L,SWASTA,4.000.000,PT CITRA NAE ZIDNI,CITRA RESIDENCE 4,36,108,166.000.000,180,5%,120.255.000,"13 March, 2026","27 March, 2026"
3703964,2026,2026,BANK BNI,REI,tapak,JAMBI,KAB BUNGO,Bathin III,Manggis,L,SWASTA,4.000.000,PT CITRA NAE ZIDNI,CITRA RESIDENCE 4,36,108,166.000.000,180,5%,120.255.000,"13 March, 2026","27 March, 2026"
3703968,2026,2026,BANK BNI,REI,tapak,JAMBI,KAB BUNGO,Bathin III,Manggis,P,WIRASWASTA,5.000.000,PT CITRA NAE ZIDNI,CITRA RESIDENCE 4,36,108,166.000.000,180,5%,120.255.000,"13 March, 2026","27 March, 2026"
3703996,2026,2026,BANK BNI,REI,tapak,JAMBI,KAB BUNGO,Bungo Dani,Sungai Kerjan,P,WIRASWASTA,7.000.000,PT PERMATA REAL ESTATE,PERMATA SEI KERJAN,36,108,166.000.000,180,5%,120.255.000,"16 March, 2026","27 March, 2026"
3704027,2026,2026,BANK BNI,REI,tapak,JAMBI,KAB BUNGO,Bathin III,Manggis,P,LAINNYA,5.000.000,PT CITRA NAE ZIDNI,CITRA RESIDENCE 4,36,108,166.000.000,180,5%,120.255.000,"16 March, 2026","27 March, 2026"
3704037,2026,2026,BANK BNI,REI,tapak,JAMBI,KAB BUNGO,Bathin III,Manggis,P,SWASTA,4.000.000,PT CITRA NAE ZIDNI,CITRA RESIDENCE 4,36,108,166.000.000,180,5%,120.255.000,"16 March, 2026","27 March, 2026"
3704039,2026,2026,BANK BNI,REI,tapak,JAMBI,KAB BUNGO,Bathin III,Manggis,P,WIRASWASTA,6.000.000,PT CITRA NAE ZIDNI,CITRA RESIDENCE 4,36,108,166.000.000,180,5%,120.255.000,"16 March, 2026","27 March, 2026"
3705379,2026,2026,BANK SYARIAH NASIONAL,PI,tapak,JAMBI,KAB BUNGO,Rimbo Tengah,Sungai Mengkuang,L,SWASTA,4.500.000,PT SINAR PENYELAMAT UMAT,AL KAUTSAR RESIDENCE 8,30,90,140.000.000,180,5%,100.500.000,"3 March, 2026","30 March, 2026"
3705559,2026,2026,BANK SYARIAH NASIONAL,PI,tapak,JAMBI,KAB BUNGO,Rimbo Tengah,Sungai Mengkuang,L,SWASTA,5.000.000,PT SINAR PENYELAMAT UMAT,AL KAUTSAR RESIDENCE 8,30,90,140.000.000,108,5%,100.500.000,"12 March, 2026","30 March, 2026"
3705824,2026,2026,BANK BNI,REI,tapak,JAMBI,KAB BUNGO,Bathin III,Manggis,P,WIRASWASTA,6.000.000,PT CITRA NAE ZIDNI,CITRA RESIDENCE 4,36,108,166.000.000,180,5%,120.255.000,"27 March, 2026","30 March, 2026"
3708394,2026,2026,BANK SYARIAH NASIONAL,PI,tapak,JAMBI,KAB BUNGO,Rimbo Tengah,Sungai Mengkuang,P,WIRASWASTA,8.000.000,PT SINAR PENYELAMAT UMAT,AL KAUTSAR RESIDENCE 8,30,90,140.000.000,240,5%,100.500.000,"23 February, 2026","31 March, 2026"
3710390,2026,2026,BANK BTN,PI,tapak,JAMBI,KAB BUNGO,Rimbo Tengah,Sungai Mengkuang,P,SWASTA,5.699.337,PT SINAR PENYELAMAT UMAT,AL KAUTSAR RESIDENCE 8,30,90,140.000.000,180,5%,100.500.000,"30 March, 2026","2 April, 2026"
3715594,2026,2026,BANK BTN,REI,tapak,JAMBI,KAB BUNGO,Bathin III,Manggis,L,SWASTA,6.500.000,PT CITRA NAE ZIDNI,CITRA RESIDENCE 4,36,108,166.000.000,180,5%,120.255.000,"31 March, 2026","2 April, 2026"
3716320,2026,2026,BANK BTN,REI,tapak,JAMBI,KAB BUNGO,Rimbo Tengah,Pasir Putih,P,SWASTA,4.450.000,PT MARGA MULYA INDAH ASRI,MULIA INDAH ASRI 2,36,84,150.500.000,240,5%,107.231.250,"31 March, 2026","6 April, 2026"
3718421,2026,2026,BANK BTN,PI,tapak,JAMBI,KAB BUNGO,Rimbo Tengah,Pasir Putih,L,PNS,7.073.300,PT DUPAN BERKAH SEJAHTERA,KENZIE RESIDENCE,36,108,166.000.000,180,5%,118.275.000,"2 April, 2026","8 April, 2026"
3719188,2026,2026,BANK BNI,REI,tapak,JAMBI,KAB BUNGO,Bathin III,Manggis,L,WIRASWASTA,6.000.000,PT CITRA NAE ZIDNI,CITRA RESIDENCE 4,36,108,166.000.000,180,5%,120.255.000,"31 March, 2026","8 April, 2026"
3719230,2026,2026,BANK BNI,REI,tapak,JAMBI,KAB BUNGO,Bathin III,Manggis,L,SWASTA,4.400.000,PT CIPTA JAYA EWISA,BUNGO CIPTA GRAHA 6,36,108,166.000.000,180,5%,120.255.000,"2 April, 2026","8 April, 2026"
3719231,2026,2026,BANK BNI,REI,tapak,JAMBI,KAB BUNGO,Bathin III,Manggis,P,SWASTA,3.725.000,PT CIPTA JAYA EWISA,BUNGO CIPTA GRAHA 6,36,108,166.000.000,180,5%,118.275.000,"2 April, 2026","8 April, 2026"
3723448,2026,2026,BANK SYARIAH NASIONAL,REI,tapak,JAMBI,KAB BUNGO,Batin II Babeko,Tanjung Menanti,L,PNS,5.600.000,PT PETRA CIPTA UTAMA,GREEN PETRA 3,36,108,166.000.000,240,5%,118.500.000,"20 February, 2026","10 April, 2026"
3723465,2026,2026,BANK SYARIAH NASIONAL,REI,tapak,JAMBI,KAB BUNGO,Batin II Babeko,Tanjung Menanti,P,WIRASWASTA,6.000.000,PT PETRA CIPTA UTAMA,GREEN PETRA 3,36,108,166.000.000,180,5%,118.500.000,"20 February, 2026","10 April, 2026"
3723618,2026,2026,BANK SYARIAH NASIONAL,REI,tapak,JAMBI,KAB BUNGO,Bathin III,Manggis,L,SWASTA,8.000.000,PT CITRA NAE ZIDNI,CITRA RESIDENCE 4,36,108,166.000.000,180,5%,120.255.000,"6 March, 2026","10 April, 2026"
3723619,2026,2026,BANK SYARIAH NASIONAL,REI,tapak,JAMBI,KAB BUNGO,Rimbo Tengah,Cadika,L,SWASTA,5.300.000,PT BERKAH CIPTA PERKASA,ZAM ZAM RESIDENCE,36,96,166.000.000,180,5%,120.255.000,"6 March, 2026","10 April, 2026"
3723684,2026,2026,BANK SYARIAH NASIONAL,REI,tapak,JAMBI,KAB BUNGO,Rimbo Tengah,Sungai Mengkuang,L,SWASTA,4.450.000,PT BERKAH CIPTA PERKASA,AL MADINAH 2,36,108,166.000.000,180,5%,120.255.000,"10 March, 2026","10 April, 2026"
3723747,2026,2026,BANK SYARIAH NASIONAL,PI,tapak,JAMBI,KAB BUNGO,Rimbo Tengah,Sungai Mengkuang,L,SWASTA,5.580.000,PT SINAR PENYELAMAT UMAT,AL KAUTSAR RESIDENCE 4,30,90,140.000.000,216,5%,100.500.000,"12 March, 2026","10 April, 2026"
3723748,2026,2026,BANK SYARIAH NASIONAL,PI,tapak,JAMBI,KAB BUNGO,Rimbo Tengah,Sungai Mengkuang,L,SWASTA,5.100.000,PT SINAR PENYELAMAT UMAT,AL KAUTSAR RESIDENCE 4,30,90,140.000.000,240,5%,100.500.000,"12 March, 2026","10 April, 2026"
3723749,2026,2026,BANK SYARIAH NASIONAL,PI,tapak,JAMBI,KAB BUNGO,Rimbo Tengah,Sungai Mengkuang,L,SWASTA,1.800.000,PT SINAR PENYELAMAT UMAT,AL KAUTSAR 7 PENGEMBANGAN,36,98,166.000.000,180,5%,120.255.000,"12 March, 2026","10 April, 2026"
3723778,2026,2026,BANK SYARIAH NASIONAL,PI,tapak,JAMBI,KAB BUNGO,Rimbo Tengah,Sungai Mengkuang,L,SWASTA,5.300.000,PT SINAR PENYELAMAT UMAT,AL KAUTSAR RESIDENCE 4,30,90,140.000.000,240,5%,100.500.000,"12 March, 2026","10 April, 2026"
3723779,2026,2026,BANK SYARIAH NASIONAL,PI,tapak,JAMBI,KAB BUNGO,Batin II Babeko,Tanjung Menanti,P,SWASTA,5.300.000,PT NUSANTARA AGUNG PROPERTY,TROPIKANA RESIDENCE,36,117,162.000.000,240,5%,117.285.000,"12 March, 2026","10 April, 2026"
3723780,2026,2026,BANK SYARIAH NASIONAL,PI,tapak,JAMBI,KAB BUNGO,Rimbo Tengah,Sungai Mengkuang,P,WIRASWASTA,6.500.000,PT SINAR PENYELAMAT UMAT,AL KAUTSAR 7 PENGEMBANGAN,36,98,166.000.000,240,5%,120.255.000,"12 March, 2026","10 April, 2026"
3723849,2026,2026,BANK SYARIAH NASIONAL,PI,tapak,JAMBI,KAB BUNGO,Bathin III,Manggis,L,SWASTA,5.300.000,PT MITRA SENTOSA MANDIRI,SENTOSA RESIDENCE TAHAP 2,36,108,162.000.000,180,5%,115.425.000,"13 March, 2026","10 April, 2026"
3725927,2026,2026,BANK BTN,REI,tapak,JAMBI,KAB BUNGO,Bathin III,Bungo Taman Agung,L,SWASTA,3.600.000,PT BUNGO GRAHA INDAH,GRAHA NUSA INDAH 2,36,108,160.000.000,240,5%,114.000.000,"8 April, 2026","10 April, 2026"
3726749,2026,2026,BANK SYARIAH NASIONAL,REI,tapak,JAMBI,KAB BUNGO,Bathin III,Manggis,L,SWASTA,7.800.000,PT CITRA NAE ZIDNI,CITRA RESIDENCE 4,36,122,166.000.000,180,5%,120.255.000,"11 February, 2026","13 April, 2026"
3726964,2026,2026,BANK SYARIAH NASIONAL,PI,tapak,JAMBI,KAB BUNGO,Rimbo Tengah,Sungai Mengkuang,L,SWASTA,4.200.000,PT SINAR PENYELAMAT UMAT,AL KAUTSAR RESIDENCE 8,30,90,140.000.000,180,5%,100.500.000,"12 March, 2026","13 April, 2026"
3730409,2026,2026,BANK SYARIAH NASIONAL,REI,tapak,JAMBI,KAB BUNGO,Jujuhan,Sirih Sekapur,P,SWASTA,5.300.000,PT CAHAYA BINTANG FENDRA,ARSENAL RESIDENCE,36,117,166.000.000,240,5%,118.275.000,"6 February, 2026","13 April, 2026"
3730567,2026,2026,BANK SYARIAH NASIONAL,PI,tapak,JAMBI,KAB BUNGO,Rimbo Tengah,Sungai Mengkuang,L,WIRASWASTA,7.000.000,PT SINAR PENYELAMAT UMAT,AL KAUTSAR 7 PENGEMBANGAN,36,98,166.000.000,180,5%,120.255.000,"26 February, 2026","13 April, 2026"
3730568,2026,2026,BANK SYARIAH NASIONAL,REI,tapak,JAMBI,KAB BUNGO,Rimbo Tengah,Cadika,P,SWASTA,5.900.000,PT DEFANA PERMATA GROUP,BUNGO ANUGRAH RESIDENCE,36,108,166.000.000,240,5%,120.255.000,"3 March, 2026","13 April, 2026"
3730570,2026,2026,BANK SYARIAH NASIONAL,REI,tapak,JAMBI,KAB BUNGO,Rimbo Tengah,Cadika,L,WIRASWASTA,7.000.000,PT DEFANA PERMATA GROUP,BUNGO ANUGRAH RESIDENCE,36,108,166.000.000,120,5%,120.255.000,"4 March, 2026","13 April, 2026"
3730653,2026,2026,BANK SYARIAH NASIONAL,PI,tapak,JAMBI,KAB BUNGO,Rimbo Tengah,Sungai Mengkuang,L,SWASTA,4.500.000,PT SINAR PENYELAMAT UMAT,AL KAUTSAR RESIDENCE 4,30,90,140.000.000,240,5%,99.750.000,"12 March, 2026","13 April, 2026"
3730675,2026,2026,BANK SYARIAH NASIONAL,REI,tapak,JAMBI,KAB BUNGO,Rimbo Tengah,Cadika,P,SWASTA,7.660.792,PT BERKAH CIPTA PERKASA,ZAM ZAM RESIDENCE,36,200,166.000.000,180,5%,120.255.000,"13 March, 2026","13 April, 2026"
3730676,2026,2026,BANK SYARIAH NASIONAL,PI,tapak,JAMBI,KAB BUNGO,Bathin III,Manggis,P,SWASTA,4.200.000,PT MITRA SENTOSA MANDIRI,SENTOSA RESIDENCE TAHAP 2,36,108,162.000.000,240,5%,115.425.000,"13 March, 2026","13 April, 2026"
3734729,2026,2026,BANK BNI,REI,tapak,JAMBI,KAB BUNGO,Bathin III,Manggis,P,SWASTA,4.528.437,PT CITRA NAE ZIDNI,CITRA RESIDENCE 4,36,108,166.000.000,144,5%,120.255.000,"9 April, 2026","15 April, 2026"
3734730,2026,2026,BANK BNI,REI,tapak,JAMBI,KAB BUNGO,Bathin III,Manggis,P,SWASTA,4.100.000,PT CITRA NAE ZIDNI,CITRA RESIDENCE 4,36,108,166.000.000,180,5%,120.255.000,"9 April, 2026","15 April, 2026"
3736816,2026,2026,BANK BTN,REI,tapak,JAMBI,KAB BUNGO,Bathin III,Manggis,P,SWASTA,4.250.000,PT CITRA NAE ZIDNI,CITRA RESIDENCE 4,36,108,166.000.000,180,5%,120.255.000,"13 April, 2026","15 April, 2026"
3736821,2026,2026,BANK BTN,REI,tapak,JAMBI,KAB BUNGO,Bathin III,Manggis,P,WIRASWASTA,7.250.000,PT CITRA NAE ZIDNI,CITRA RESIDENCE 4,36,146,166.000.000,180,5%,120.255.000,"13 April, 2026","15 April, 2026"
3736828,2026,2026,BANK BTN,REI,tapak,JAMBI,KAB BUNGO,Bathin III,Manggis,L,SWASTA,4.250.000,PT CITRA NAE ZIDNI,CITRA RESIDENCE 4,36,108,166.000.000,240,5%,120.255.000,"13 April, 2026","15 April, 2026"
3739509,2026,2026,BANK BTN,REI,tapak,JAMBI,KAB BUNGO,Rimbo Tengah,Pasir Putih,P,SWASTA,9.221.900,PT MITRA HARAPAN KENTJANA,GRAHA BUNGO KENTJANA TAHAP 2,36,114,166.000.000,180,5%,120.255.000,"28 January, 2026","24 April, 2026"
3739510,2026,2026,BANK BTN,REI,tapak,JAMBI,KAB BUNGO,Rimbo Tengah,Pasir Putih,L,SWASTA,8.750.255,PT MITRA HARAPAN KENTJANA,GRAHA BUNGO KENTJANA TAHAP 2,36,91,166.000.000,240,5%,120.255.000,"28 January, 2026","24 April, 2026"
3739516,2026,2026,BANK BTN,REI,tapak,JAMBI,KAB BUNGO,Bathin III,Manggis,P,SWASTA,5.825.000,PT CITRA NAE ZIDNI,CITRA RESIDENCE 4,36,108,166.000.000,180,5%,120.255.000,"30 January, 2026","24 April, 2026"
3739590,2026,2026,BANK BTN,REI,tapak,JAMBI,KAB BUNGO,Bathin III,Manggis,P,WIRASWASTA,7.600.000,PT CITRA NAE ZIDNI,CITRA RESIDENCE 4,36,108,166.000.000,180,5%,120.255.000,"31 March, 2026","24 April, 2026"
3753425,2026,2026,BANK MANDIRI,REI,tapak,JAMBI,KAB BUNGO,Bathin III,Manggis,L,SWASTA,4.600.000,"PT CIPTA JAYA EWISA, PT",Bungo Cipta Graha 6,36,108,166.000.000,180,5%,118.275.000,"20 April, 2026","4 May, 2026"
3754329,2026,2026,BANK BTN,REI,tapak,JAMBI,KAB BUNGO,Bathin III,Manggis,P,SWASTA,4.200.000,PT CIPTA JAYA EWISA,BUNGO CIPTA GRAHA 6,36,108,166.000.000,180,5%,118.275.000,"23 April, 2026","4 May, 2026"
3754330,2026,2026,BANK BTN,REI,tapak,JAMBI,KAB BUNGO,Bathin III,Bungo Taman Agung,P,WIRASWASTA,5.400.000,PT BUNGO GRAHA INDAH,GRAHA NUSA INDAH 2,36,108,160.000.000,144,5%,114.000.000,"23 April, 2026","4 May, 2026"
3754332,2026,2026,BANK BTN,REI,tapak,JAMBI,KAB BUNGO,Bathin III,Bungo Taman Agung,L,SWASTA,4.000.000,PT BUNGO GRAHA INDAH,GRAHA NUSA INDAH 2,36,108,160.000.000,180,5%,114.000.000,"23 April, 2026","4 May, 2026"
3754421,2026,2026,BANK BTN,REI,tapak,JAMBI,KAB BUNGO,Bathin III,Sungai Binjai,P,SWASTA,8.600.000,PT GRAHA PRATAMA GEMILANG,PURI BINJAI RESIDENCE,36,130,166.000.000,204,5%,120.255.000,"28 April, 2026","6 May, 2026"
3754424,2026,2026,BANK BTN,REI,tapak,JAMBI,KAB BUNGO,Bathin III,Manggis,P,SWASTA,4.500.000,PT CITRA NAE ZIDNI,CITRA RESIDENCE 4,36,108,166.000.000,240,5%,120.255.000,"28 April, 2026","6 May, 2026"
3757732,2026,2026,BANK BTN,REI,tapak,JAMBI,KAB BUNGO,Batin II Babeko,Tanjung Menanti,P,WIRASWASTA,5.585.000,PT PETRA CIPTA UTAMA,GREEN PETRA 3,36,108,166.000.000,240,5%,120.255.000,"30 April, 2026","8 May, 2026"
3764200,2026,2026,BANK SYARIAH NASIONAL,REI,tapak,JAMBI,KAB BUNGO,Bathin III,Bungo Taman Agung,L,SWASTA,3.700.000,PT BUNGO GRAHA INDAH,GRAHA NUSA INDAH 2,36,116,160.000.000,180,5%,114.000.000,"15 April, 2026","8 May, 2026"
3764294,2026,2026,BANK SYARIAH NASIONAL,PI,tapak,JAMBI,KAB BUNGO,Rimbo Tengah,Sungai Mengkuang,P,WIRASWASTA,7.100.000,PT SINAR PENYELAMAT UMAT,AL KAUTSAR RESIDENCE 8,30,90,140.000.000,180,5%,100.500.000,"6 April, 2026","8 May, 2026"
3764743,2026,2026,BANK SYARIAH NASIONAL,REI,tapak,JAMBI,KAB BUNGO,Bathin III,Manggis,L,SWASTA,5.000.000,PT CITRA NAE ZIDNI,CITRA RESIDENCE 2 (PENGEMBANGAN),36,108,166.000.000,240,5%,120.255.000,"28 April, 2026","8 May, 2026"
3764917,2026,2026,BANK SYARIAH NASIONAL,PI,tapak,JAMBI,KAB BUNGO,Rimbo Tengah,Sungai Mengkuang,P,PNS,1.400.000,PT SINAR PENYELAMAT UMAT,AL KAUTSAR 7 PENGEMBANGAN,36,98,166.000.000,240,5%,120.255.000,"6 April, 2026","8 May, 2026"
3764980,2026,2026,BANK SYARIAH NASIONAL,PI,tapak,JAMBI,KAB BUNGO,Rimbo Tengah,Sungai Mengkuang,P,WIRASWASTA,6.600.000,PT SINAR PENYELAMAT UMAT,AL KAUTSAR 7 PENGEMBANGAN,36,98,166.000.000,180,5%,120.255.000,"6 April, 2026","8 May, 2026"
3765119,2026,2026,BANK SYARIAH NASIONAL,REI,tapak,JAMBI,KAB BUNGO,Batin II Babeko,Tanjung Menanti,L,WIRASWASTA,5.500.000,PT PETRA CIPTA UTAMA,GREEN PETRA 3,36,108,166.000.000,216,5%,120.255.000,"27 April, 2026","8 May, 2026"
3765166,2026,2026,BANK SYARIAH NASIONAL,REI,tapak,JAMBI,KAB BUNGO,Bathin III,Manggis,P,SWASTA,5.000.000,PT CITRA NAE ZIDNI,CITRA RESIDENCE 4,36,108,166.000.000,240,5%,120.255.000,"2 April, 2026","8 May, 2026"
3777706,2026,2026,BANK BNI,REI,tapak,JAMBI,KAB BUNGO,Bathin III,Manggis,P,SWASTA,5.000.000,PT CITRA NAE ZIDNI,CITRA RESIDENCE 4,36,108,166.000.000,120,5%,120.255.000,"6 May, 2026","18 May, 2026"
3777711,2026,2026,BANK BNI,REI,tapak,JAMBI,KAB BUNGO,Bathin III,Manggis,P,WIRASWASTA,5.000.000,PT CITRA NAE ZIDNI,CITRA RESIDENCE 4,36,108,166.000.000,180,5%,120.255.000,"11 May, 2026","18 May, 2026"
3777768,2026,2026,BANK BNI,REI,tapak,JAMBI,KAB BUNGO,Bathin III,Manggis,L,LAINNYA,6.000.000,PT CITRA NAE ZIDNI,CITRA RESIDENCE 4,36,108,166.000.000,180,5%,120.255.000,"30 April, 2026","18 May, 2026"
3777810,2026,2026,BANK BNI,REI,tapak,JAMBI,KAB BUNGO,Bathin III,Manggis,L,LAINNYA,6.000.000,CIPTA JAYA EWISA,Bungo Cipta Graha 6,36,108,166.000.000,180,5%,120.255.000,"12 May, 2026","18 May, 2026"
3777814,2026,2026,BANK BNI,REI,tapak,JAMBI,KAB BUNGO,Bathin III,Manggis,P,LAINNYA,4.050.000,PT CITRA NAE ZIDNI,CITRA RESIDENCE 4,36,108,166.000.000,180,5%,120.255.000,"30 April, 2026","18 May, 2026"
3777888,2026,2026,BANK BNI,REI,tapak,JAMBI,KAB BUNGO,Bathin III,Manggis,L,LAINNYA,6.000.000,PT CITRA NAE ZIDNI,CITRA RESIDENCE 4,36,108,166.000.000,180,5%,120.255.000,"29 April, 2026","18 May, 2026"
3777949,2026,2026,BANK BNI,PI,tapak,JAMBI,KAB BUNGO,Rimbo Tengah,Sungai Mengkuang,L,WIRASWASTA,5.000.000,PT GRIYA MULYA LESTARI,GRIYA DAKSINAPATI ASRI 2,36,104,166.000.000,180,5%,120.255.000,"30 April, 2026","18 May, 2026"
3777966,2026,2026,BANK BNI,REI,tapak,JAMBI,KAB BUNGO,Bathin III,Manggis,L,WIRASWASTA,8.000.000,PT CITRA NAE ZIDNI,CITRA RESIDENCE 4,36,108,166.000.000,120,5%,120.255.000,"28 April, 2026","18 May, 2026"
3778013,2026,2026,BANK BNI,PI,tapak,JAMBI,KAB BUNGO,Rimbo Tengah,Sungai Mengkuang,P,WIRASWASTA,4.000.000,PT GRIYA MULYA LESTARI,GRIYA DAKSINAPATI ASRI 2,36,104,166.000.000,180,5%,120.255.000,"30 April, 2026","18 May, 2026"
3778014,2026,2026,BANK BNI,PI,tapak,JAMBI,KAB BUNGO,Rimbo Tengah,Sungai Mengkuang,P,WIRASWASTA,8.500.000,PT GRIYA MULYA LESTARI,GRIYA DAKSINAPATI ASRI 2,36,104,166.000.000,84,5%,120.255.000,"30 April, 2026","18 May, 2026"
3778017,2026,2026,BANK BNI,PI,tapak,JAMBI,KAB BUNGO,Rimbo Tengah,Sungai Mengkuang,L,SWASTA,8.500.000,PT GRIYA MULYA LESTARI,GRIYA DAKSINAPATI ASRI 2,36,104,166.000.000,180,5%,120.255.000,"30 April, 2026","18 May, 2026"
3778041,2026,2026,BANK BNI,REI,tapak,JAMBI,KAB BUNGO,Bungo Dani,Talang Pantai,P,SWASTA,5.000.000,PT BANGUN PESONA INDAH,HARMONI NUSA INDAH,36,104,166.000.000,180,5%,120.255.000,"23 April, 2026","18 May, 2026"
3778065,2026,2026,BANK BNI,PI,tapak,JAMBI,KAB BUNGO,Rimbo Tengah,Sungai Mengkuang,P,WIRASWASTA,6.000.000,PT GRIYA MULYA LESTARI,GRIYA DAKSINAPATI ASRI 2,36,104,166.000.000,180,5%,120.255.000,"30 April, 2026","18 May, 2026"
3778077,2026,2026,BANK BNI,PI,tapak,JAMBI,KAB BUNGO,Rimbo Tengah,Sungai Mengkuang,P,LAINNYA,4.000.000,PT GRIYA MULYA LESTARI,GRIYA DAKSINAPATI ASRI 2,36,104,166.000.000,180,5%,120.255.000,"30 April, 2026","18 May, 2026"
3778100,2026,2026,BANK BNI,REI,tapak,JAMBI,KAB BUNGO,Bungo Dani,Talang Pantai,P,LAINNYA,7.000.000,PT BANGUN PESONA INDAH,HARMONI NUSA INDAH,36,104,166.000.000,120,5%,120.255.000,"30 April, 2026","18 May, 2026"
3778107,2026,2026,BANK BNI,REI,tapak,JAMBI,KAB BUNGO,Bathin III,Manggis,L,LAINNYA,8.000.000,PT CITRA NAE ZIDNI,CITRA RESIDENCE 4,36,108,166.000.000,84,5%,120.255.000,"28 April, 2026","18 May, 2026"
3778201,2026,2026,BANK BNI,REI,tapak,JAMBI,KAB BUNGO,Bungo Dani,Talang Pantai,P,PNS,5.000.000,PT BANGUN PESONA INDAH,HARMONI NUSA INDAH,36,117,166.000.000,120,5%,120.255.000,"29 April, 2026","18 May, 2026"
3778223,2026,2026,BANK BNI,REI,tapak,JAMBI,KAB BUNGO,Bungo Dani,Talang Pantai,P,SWASTA,6.000.000,PT BANGUN PESONA INDAH,HARMONI NUSA INDAH,36,104,166.000.000,180,5%,120.255.000,"24 April, 2026","18 May, 2026"
3778228,2026,2026,BANK BNI,REI,tapak,JAMBI,KAB BUNGO,Bungo Dani,Talang Pantai,P,LAINNYA,5.000.000,PT BANGUN PESONA INDAH,HARMONI NUSA INDAH,36,117,166.000.000,120,5%,120.255.000,"29 April, 2026","18 May, 2026"
3778257,2026,2026,BANK BNI,REI,tapak,JAMBI,KAB BUNGO,Bungo Dani,Talang Pantai,L,WIRASWASTA,6.000.000,PT BANGUN PESONA INDAH,HARMONI NUSA INDAH,36,117,166.000.000,180,5%,120.255.000,"27 April, 2026","18 May, 2026"
3778264,2026,2026,BANK BNI,REI,tapak,JAMBI,KAB BUNGO,Bungo Dani,Talang Pantai,P,SWASTA,5.000.000,PT BANGUN PESONA INDAH,HARMONI NUSA INDAH,36,115,166.000.000,240,5%,120.255.000,"6 May, 2026","18 May, 2026"
3778268,2026,2026,BANK BNI,REI,tapak,JAMBI,KAB BUNGO,Bungo Dani,Talang Pantai,L,WIRASWASTA,5.000.000,PT BANGUN PESONA INDAH,HARMONI NUSA INDAH,36,117,166.000.000,180,5%,120.255.000,"23 April, 2026","18 May, 2026"
3795200,2026,2026,BANK BNI,REI,tapak,JAMBI,KAB BUNGO,Bungo Dani,Talang Pantai,P,SWASTA,6.000.000,PT BANGUN PESONA INDAH,HARMONI NUSA INDAH,36,104,166.000.000,180,5%,120.255.000,"20 May, 2026","22 May, 2026"
3795330,2026,2026,BANK BNI,REI,tapak,JAMBI,KAB BUNGO,Bungo Dani,Talang Pantai,L,WIRASWASTA,4.000.000,PT BANGUN PESONA INDAH,HARMONI NUSA INDAH,36,104,166.000.000,180,5%,120.255.000,"19 May, 2026","22 May, 2026"
3798033,2026,2026,BANK BTN,PI,tapak,JAMBI,KAB BUNGO,Bathin III,Manggis,P,SWASTA,3.500.000,PT MITRA SENTOSA MANDIRI,SENTOSA RESIDENCE TAHAP 2,36,108,162.000.000,240,5%,115.425.000,"29 April, 2026","22 May, 2026"
3798185,2026,2026,BANK BTN,REI,tapak,JAMBI,KAB BUNGO,Bathin III,Manggis,P,SWASTA,3.500.000,PT CITRA NAE ZIDNI,CITRA RESIDENCE 2 (PENGEMBANGAN),36,108,166.000.000,240,5%,114.750.000,"29 April, 2026","22 May, 2026"
3798530,2026,2026,BANK BTN,REI,tapak,JAMBI,KAB BUNGO,Rimbo Tengah,Cadika,L,SWASTA,3.833.654,PT CANDIKA KAPITAL PROPERTINDO,CANDIKA ASRI,36,108,162.000.000,240,5%,115.500.000,"24 April, 2026","25 May, 2026"
3806176,2026,2026,BANK BTN,PI,tapak,JAMBI,KAB BUNGO,Bathin III,Manggis,L,SWASTA,4.000.000,PT MITRA SENTOSA MANDIRI,SENTOSA RESIDENCE,36,108,150.500.000,180,5%,107.231.250,"29 April, 2026","26 May, 2026"
3806194,2026,2026,BANK BTN,REI,tapak,JAMBI,KAB BUNGO,Bathin III,Manggis,P,LAINNYA,4.000.000,PT CITRA NAE ZIDNI,CITRA RESIDENCE 4,36,108,166.000.000,180,5%,120.255.000,"29 April, 2026","26 May, 2026"
3806202,2026,2026,BANK BTN,PI,tapak,JAMBI,KAB BUNGO,Bathin III,Manggis,L,SWASTA,4.000.000,PT MITRA SENTOSA MANDIRI,SENTOSA RESIDENCE TAHAP 2,36,108,162.000.000,180,5%,115.425.000,"29 April, 2026","26 May, 2026"
3806209,2026,2026,BANK BTN,PI,tapak,JAMBI,KAB BUNGO,Rimbo Tengah,Sungai Mengkuang,L,SWASTA,4.000.000,PT AMARDHIKA TUJUH LANGIT,LANGIT RESIDENCE,36,120,162.000.000,180,5%,117.285.000,"25 April, 2026","26 May, 2026"
3806219,2026,2026,BANK BTN,PI,tapak,JAMBI,KAB BUNGO,Batin II Babeko,Tanjung Menanti,P,SWASTA,4.000.000,PT NUSANTARA AGUNG PROPERTY,TROPIKANA RESIDENCE,36,117,162.000.000,240,5%,117.285.000,"8 May, 2026","26 May, 2026"
3806359,2026,2026,BANK BTN,REI,tapak,JAMBI,KAB BUNGO,Rimbo Tengah,Sungai Mengkuang,L,SWASTA,4.050.000,PT KHOVIZ LANSKAP PROPERTI,Pessona Bungo Residence,36,108,166.000.000,180,5%,118.275.000,"30 April, 2026","26 May, 2026"
3806383,2026,2026,BANK BTN,REI,tapak,JAMBI,KAB BUNGO,Rimbo Tengah,Sungai Mengkuang,P,SWASTA,4.100.000,PT KHOVIZ LANSKAP PROPERTI,PESSONA BUNGO RESIDENCE 2,36,156,166.000.000,180,5%,118.275.000,"30 April, 2026","26 May, 2026"
3806389,2026,2026,BANK BTN,PI,tapak,JAMBI,KAB BUNGO,Rimbo Tengah,Sungai Mengkuang,L,SWASTA,4.100.000,PT AMARDHIKA TUJUH LANGIT,LANGIT RESIDENCE,36,120,162.000.000,180,5%,117.285.000,"25 April, 2026","26 May, 2026"
3806404,2026,2026,BANK BTN,REI,tapak,JAMBI,KAB BUNGO,Bathin III,Manggis,P,SWASTA,4.108.000,CIPTA JAYA EWISA,BUNGO CIPTA GRAHA 5,36,108,166.000.000,240,5%,118.275.000,"12 May, 2026","26 May, 2026"
3806466,2026,2026,BANK BTN,APERSI,tapak,JAMBI,KAB BUNGO,Bathin III,Sungai Binjai,L,SWASTA,4.200.000,PT CHYNTA AZZUHRA SEJAHTERA,SKB RESIDENCE,36,106,162.000.000,180,5%,115.425.000,"30 April, 2026","26 May, 2026"
3806603,2026,2026,BANK BTN,REI,tapak,JAMBI,KAB BUNGO,Bathin III,Manggis,L,WIRASWASTA,4.350.000,PT CITRA NAE ZIDNI,CITRA RESIDENCE 4,36,108,166.000.000,240,5%,120.255.000,"28 April, 2026","26 May, 2026"
3807317,2026,2026,BANK BTN,APERSI,tapak,JAMBI,KAB BUNGO,Bathin III,Manggis,L,SWASTA,4.700.000,PT LIDYA JAYA ABADI,BUNGO GRIA ABADI,36,108,162.000.000,240,5%,115.425.000,"30 April, 2026","29 May, 2026"
3807500,2026,2026,BANK BTN,PI,tapak,JAMBI,KAB BUNGO,Bathin III,Manggis,L,SWASTA,4.950.000,PT MITRA SENTOSA MANDIRI,SENTOSA RESIDENCE TAHAP -2,36,108,162.000.000,180,5%,115.425.000,"29 April, 2026","29 May, 2026"
3807926,2026,2026,BANK BTN,PI,tapak,JAMBI,KAB BUNGO,Rimbo Tengah,Sungai Mengkuang,L,SWASTA,5.000.000,PT SINAR PENYELAMAT UMAT,AL KAUTSAR RESIDENCE 8,30,90,140.000.000,180,5%,100.500.000,"30 April, 2026","29 May, 2026"
3807960,2026,2026,BANK BTN,REI,tapak,JAMBI,KAB BUNGO,Rimbo Tengah,Cadika,P,WIRASWASTA,5.000.000,PT BERKAH CIPTA PERKASA,ZAM - ZAM RESIDENCE,36,96,166.000.000,180,5%,120.255.000,"12 May, 2026","29 May, 2026"
3808119,2026,2026,BANK BTN,PI,tapak,JAMBI,KAB BUNGO,Rimbo Tengah,Sungai Mengkuang,P,SWASTA,5.000.000,PT AMARDHIKA TUJUH LANGIT,LANGIT RESIDENCE,36,120,162.000.000,240,5%,117.285.000,"25 April, 2026","29 May, 2026"
3808780,2026,2026,BANK BTN,REI,tapak,JAMBI,KAB BUNGO,Bathin III,Manggis,L,LAINNYA,5.500.000,PT CITRA NAE ZIDNI,CITRA RESIDENCE 4,36,108,166.000.000,180,5%,120.255.000,"29 April, 2026","29 May, 2026"
3808952,2026,2026,BANK BTN,PI,tapak,JAMBI,KAB BUNGO,Rimbo Tengah,Sungai Mengkuang,L,SWASTA,5.700.000,PT AMARDHIKA TUJUH LANGIT,LANGIT RESIDENCE,36,120,162.000.000,180,5%,117.285.000,"25 April, 2026","29 May, 2026"
3808958,2026,2026,BANK BTN,PI,tapak,JAMBI,KAB BUNGO,Rimbo Tengah,Sungai Mengkuang,P,WIRASWASTA,5.700.000,PT GRIYA MULYA LESTARI,GRIYA DAKSINAPATI ASRI 2,36,104,166.000.000,180,5%,118.275.000,"29 April, 2026","29 May, 2026"
3811095,2026,2026,BANK BTN,PI,tapak,JAMBI,KAB BUNGO,Rimbo Tengah,Sungai Mengkuang,L,SWASTA,6.000.000,PT SINAR PENYELAMAT UMAT,AL KAUTSAR RESIDENCE 8,30,90,140.000.000,120,5%,100.500.000,"30 April, 2026","2 June, 2026"
3811289,2026,2026,BANK BTN,REI,tapak,JAMBI,KAB BUNGO,Bathin III,Manggis,P,LAINNYA,6.000.000,PT CITRA NAE ZIDNI,CITRA RESIDENCE 4,36,108,166.000.000,240,5%,120.255.000,"28 April, 2026","2 June, 2026"
3811358,2026,2026,BANK BTN,REI,tapak,JAMBI,KAB BUNGO,Bathin III,Manggis,P,SWASTA,6.000.000,PT CITRA NAE ZIDNI,CITRA RESIDENCE 4,36,108,166.000.000,180,5%,120.255.000,"30 April, 2026","2 June, 2026"
3811568,2026,2026,BANK BTN,REI,tapak,JAMBI,KAB BUNGO,Bathin III,Manggis,P,PNS,6.348.984,CIPTA JAYA EWISA,Bungo Cipta Graha 6,36,108,166.000.000,180,5%,120.255.000,"24 April, 2026","2 June, 2026"
3811644,2026,2026,BANK BTN,REI,tapak,JAMBI,KAB BUNGO,Bathin III,Manggis,P,LAINNYA,6.500.000,PT CITRA NAE ZIDNI,CITRA RESIDENCE 4,36,108,166.000.000,240,5%,120.255.000,"30 April, 2026","2 June, 2026"
3811912,2026,2026,BANK BTN,REI,tapak,JAMBI,KAB BUNGO,Rimbo Tengah,Sungai Mengkuang,L,SWASTA,7.000.000,PT KHOVIZ LANSKAP PROPERTI,Pessona Bungo Residence,36,108,166.000.000,180,5%,118.275.000,"30 April, 2026","2 June, 2026"
3813462,2026,2026,BANK BTN,REI,tapak,JAMBI,KAB BUNGO,Bathin III,Manggis,P,SWASTA,7.000.000,PT CITRA NAE ZIDNI,CITRA RESIDENCE 4,36,143,166.000.000,180,5%,120.255.000,"30 April, 2026","3 June, 2026"
3813700,2026,2026,BANK BTN,REI,tapak,JAMBI,KAB BUNGO,Bathin III,Manggis,P,LAINNYA,7.500.000,PT CITRA NAE ZIDNI,CITRA RESIDENCE 4,36,108,166.000.000,180,5%,120.255.000,"28 April, 2026","3 June, 2026"
3813767,2026,2026,BANK BTN,REI,tapak,JAMBI,KAB BUNGO,Bathin III,Manggis,P,LAINNYA,7.700.000,PT CITRA NAE ZIDNI,CITRA RESIDENCE 4,36,108,166.000.000,180,5%,120.255.000,"30 April, 2026","3 June, 2026"
3813871,2026,2026,BANK BTN,PI,tapak,JAMBI,KAB BUNGO,Rimbo Tengah,Sungai Mengkuang,P,LAINNYA,8.000.000,PT SINAR PENYELAMAT UMAT,AL KAUTSAR RESIDENCE 8,30,90,140.000.000,180,5%,100.500.000,"30 April, 2026","3 June, 2026"
3813931,2026,2026,BANK BTN,REI,tapak,JAMBI,KAB BUNGO,Bathin III,Manggis,P,WIRASWASTA,8.000.000,PT CITRA NAE ZIDNI,CITRA RESIDENCE 4,36,108,166.000.000,180,5%,120.255.000,"30 April, 2026","3 June, 2026"
3826079,2026,2026,BANK BTN,APERSI,tapak,JAMBI,KAB BUNGO,Rimbo Tengah,Cadika,P,SWASTA,4.200.000,PT NATA TJIPTA CITA MANDIRI,Griya Cadika Mandiri,36,128,166.000.000,180,5%,120.255.000,"25 May, 2026","5 June, 2026"
3826523,2026,2026,BANK BTN,PI,tapak,JAMBI,KAB BUNGO,Rimbo Tengah,Sungai Mengkuang,P,SWASTA,3.800.000,PT GRIYA MULYA LESTARI,GRIYA DAKSINAPATI ASRI 2,36,104,166.000.000,180,5%,118.275.000,"23 May, 2026","5 June, 2026"
3826612,2026,2026,BANK BTN,PI,tapak,JAMBI,KAB BUNGO,Bathin III,Manggis,L,SWASTA,3.900.000,PT MITRA SENTOSA MANDIRI,SENTOSA RESIDENCE TAHAP 2,36,108,162.000.000,240,5%,115.425.000,"25 May, 2026","5 June, 2026"
3827214,2026,2026,BANK BTN,REI,tapak,JAMBI,KAB BUNGO,Bathin III,Manggis,P,WIRASWASTA,4.800.000,CIPTA JAYA EWISA,Bungo Cipta Graha 6,36,108,166.000.000,180,5%,120.255.000,"19 May, 2026","5 June, 2026"
3827239,2026,2026,BANK BTN,REI,tapak,JAMBI,KAB BUNGO,Bathin III,Manggis,P,LAINNYA,4.800.000,PT CITRA NAE ZIDNI,CITRA RESIDENCE 2 (PENGEMBANGAN),36,108,166.000.000,180,5%,120.255.000,"18 May, 2026","5 June, 2026"
3827302,2026,2026,BANK BTN,APERSI,tapak,JAMBI,KAB BUNGO,Rimbo Tengah,Cadika,P,SWASTA,4.900.000,PT NATA TJIPTA CITA MANDIRI,Griya Cadika Mandiri,36,93,166.000.000,180,5%,120.255.000,"19 May, 2026","5 June, 2026"
3827489,2026,2026,BANK BTN,APERSI,tapak,JAMBI,KAB BUNGO,Bathin III,Sungai Binjai,L,WIRASWASTA,5.000.000,PT CHYNTA AZZUHRA SEJAHTERA,SKB RESIDENCE,36,104,162.000.000,180,5%,115.425.000,"23 May, 2026","5 June, 2026"
3827664,2026,2026,BANK BTN,PI,tapak,JAMBI,KAB BUNGO,Rimbo Tengah,Sungai Mengkuang,P,SWASTA,5.000.000,PT AMARDHIKA TUJUH LANGIT,LANGIT RESIDENCE,36,120,162.000.000,180,5%,117.285.000,"20 May, 2026","5 June, 2026"
3827714,2026,2026,BANK BTN,REI,tapak,JAMBI,KAB BUNGO,Bathin III,Manggis,L,SWASTA,5.000.000,CIPTA JAYA EWISA,Bungo Cipta Graha 6,36,108,166.000.000,180,5%,120.255.000,"19 May, 2026","5 June, 2026"
3827722,2026,2026,BANK BTN,REI,tapak,JAMBI,KAB BUNGO,Bathin III,Manggis,P,SWASTA,5.000.000,PT CITRA NAE ZIDNI,CITRA RESIDENCE 4,36,108,166.000.000,180,5%,120.255.000,"23 May, 2026","5 June, 2026"
3827748,2026,2026,BANK BTN,REI,tapak,JAMBI,KAB BUNGO,Bathin III,Manggis,P,SWASTA,5.000.000,CIPTA JAYA EWISA,Bungo Cipta Graha 6,36,117,166.000.000,180,5%,120.255.000,"19 May, 2026","5 June, 2026"
3827808,2026,2026,BANK BTN,REI,tapak,JAMBI,KAB BUNGO,Bathin III,Manggis,L,SWASTA,5.000.000,CIPTA JAYA EWISA,Bungo Cipta Graha 6,36,120,166.000.000,120,5%,120.255.000,"19 May, 2026","5 June, 2026"
3828165,2026,2026,BANK BTN,REI,tapak,JAMBI,KAB BUNGO,Bathin III,Manggis,P,SWASTA,5.000.000,PT CITRA NAE ZIDNI,CITRA RESIDENCE 4,36,108,166.000.000,240,5%,120.255.000,"23 May, 2026","8 June, 2026"
3828494,2026,2026,BANK BTN,REI,tapak,JAMBI,KAB BUNGO,Bathin III,Manggis,P,LAINNYA,5.000.000,PT CITRA NAE ZIDNI,CITRA RESIDENCE 4,36,108,166.000.000,240,5%,120.255.000,"23 May, 2026","8 June, 2026"
3828511,2026,2026,BANK BTN,REI,tapak,JAMBI,KAB BUNGO,Bathin III,Manggis,P,LAINNYA,5.000.000,PT CITRA NAE ZIDNI,CITRA RESIDENCE 4,36,108,166.000.000,192,5%,120.255.000,"20 May, 2026","8 June, 2026"
3828553,2026,2026,BANK BTN,PI,tapak,JAMBI,KAB BUNGO,Rimbo Tengah,Pasir Putih,P,PNS,5.000.000,PT DUPAN BERKAH SEJAHTERA,KENZIE RESIDENCE,36,108,166.000.000,180,5%,118.275.000,"13 May, 2026","8 June, 2026"
3828595,2026,2026,BANK BTN,PI,tapak,JAMBI,KAB BUNGO,Rimbo Tengah,Sungai Mengkuang,L,SWASTA,5.000.000,PT AMARDHIKA TUJUH LANGIT,LANGIT RESIDENCE,36,120,162.000.000,240,5%,117.285.000,"22 May, 2026","8 June, 2026"
3828615,2026,2026,BANK BTN,REI,tapak,JAMBI,KAB BUNGO,Bathin III,Bungo Taman Agung,L,WIRASWASTA,5.000.000,PT BUNGO GRAHA INDAH,GRAHA NUSA INDAH 2,36,108,160.000.000,240,5%,114.000.000,"13 May, 2026","8 June, 2026"
3828622,2026,2026,BANK BTN,REI,tapak,JAMBI,KAB BUNGO,Bathin III,Manggis,L,WIRASWASTA,5.000.000,PT CITRA NAE ZIDNI,CITRA RESIDENCE 4,36,108,166.000.000,180,5%,120.255.000,"23 May, 2026","8 June, 2026"
3828725,2026,2026,BANK BTN,REI,tapak,JAMBI,KAB BUNGO,Bathin III,Manggis,L,LAINNYA,5.150.000,PT CITRA NAE ZIDNI,CITRA RESIDENCE 4,36,108,166.000.000,180,5%,120.255.000,"18 May, 2026","8 June, 2026"
3829173,2026,2026,BANK BTN,REI,tapak,JAMBI,KAB BUNGO,Batin II Babeko,Tanjung Menanti,P,SWASTA,5.465.000,PT PETRA CIPTA UTAMA,GREEN PETRA 3,36,108,166.000.000,240,5%,120.255.000,"26 May, 2026","8 June, 2026"
3829292,2026,2026,BANK BTN,REI,tapak,JAMBI,KAB BUNGO,Rimbo Tengah,Sungai Mengkuang,L,SWASTA,5.500.000,PT KHOVIZ LANSKAP PROPERTI,PESSONA BUNGO RESIDENCE 2,36,110,166.000.000,180,5%,118.275.000,"26 May, 2026","8 June, 2026"
3829397,2026,2026,BANK BTN,REI,tapak,JAMBI,KAB BUNGO,Bathin III,Manggis,L,SWASTA,5.646.967,CIPTA JAYA EWISA,Bungo Cipta Graha 6,36,108,166.000.000,180,5%,120.255.000,"19 May, 2026","8 June, 2026"
3829455,2026,2026,BANK BTN,REI,tapak,JAMBI,KAB BUNGO,Bathin III,Bungo Taman Agung,L,WIRASWASTA,5.700.000,PT BUNGO GRAHA INDAH,GRAHA NUSA INDAH 2,36,108,160.000.000,180,5%,114.000.000,"13 May, 2026","8 June, 2026"
3829629,2026,2026,BANK BTN,REI,tapak,JAMBI,KAB BUNGO,Bathin III,Bungo Taman Agung,L,WIRASWASTA,5.900.000,PT BUNGO GRAHA INDAH,GRAHA NUSA INDAH 2,36,108,160.000.000,240,5%,114.000.000,"13 May, 2026","8 June, 2026"
3829923,2026,2026,BANK BTN,APERSI,tapak,JAMBI,KAB BUNGO,Bathin III,Sungai Binjai,L,WIRASWASTA,6.000.000,PT CHYNTA AZZUHRA SEJAHTERA,SKB RESIDENCE,36,106,162.000.000,180,5%,115.425.000,"23 May, 2026","8 June, 2026"
3832286,2026,2026,BANK BTN,PI,tapak,JAMBI,KAB BUNGO,Bathin III,Manggis,L,SWASTA,8.000.000,PT MITRA SENTOSA MANDIRI,SENTOSA RESIDENCE TAHAP 2,36,108,162.000.000,120,5%,115.425.000,"25 May, 2026","8 June, 2026"
3832358,2026,2026,BANK BTN,REI,tapak,JAMBI,KAB BUNGO,Bathin III,Bungo Taman Agung,P,WIRASWASTA,8.000.000,PT BUNGO GRAHA INDAH,GRAHA NUSA INDAH 2,36,108,160.000.000,240,5%,114.000.000,"13 May, 2026","8 June, 2026"
3845780,2026,2026,BANK BTN,APERSI,tapak,JAMBI,KAB BUNGO,Rimbo Tengah,Cadika,L,WIRASWASTA,7.000.000,PT NATA TJIPTA CITA MANDIRI,Griya Cadika Mandiri,36,91,166.000.000,180,5%,120.255.000,"19 May, 2026","9 June, 2026"
3845834,2026,2026,BANK BNI,PI,tapak,JAMBI,KAB BUNGO,Rimbo Tengah,Sungai Mengkuang,L,SWASTA,4.050.000,PT GRIYA MULYA LESTARI,GRIYA DAKSINAPATI ASRI 2,36,104,166.000.000,180,5%,120.255.000,"29 May, 2026","9 June, 2026"
3845835,2026,2026,BANK BNI,PI,tapak,JAMBI,KAB BUNGO,Rimbo Tengah,Sungai Mengkuang,L,SWASTA,5.000.000,PT GRIYA MULYA LESTARI,GRIYA DAKSINAPATI ASRI 2,36,104,166.000.000,180,5%,120.255.000,"26 May, 2026","9 June, 2026"
3845836,2026,2026,BANK BNI,PI,tapak,JAMBI,KAB BUNGO,Rimbo Tengah,Sungai Mengkuang,L,SWASTA,4.000.000,PT GRIYA MULYA LESTARI,GRIYA DAKSINAPATI ASRI 2,36,104,166.000.000,120,5%,120.255.000,"26 May, 2026","9 June, 2026"
3845838,2026,2026,BANK BNI,PI,tapak,JAMBI,KAB BUNGO,Rimbo Tengah,Sungai Mengkuang,L,SWASTA,3.000.000,PT GRIYA MULYA LESTARI,GRIYA DAKSINAPATI ASRI 2,36,104,166.000.000,180,5%,120.255.000,"29 May, 2026","9 June, 2026"
3845839,2026,2026,BANK BNI,PI,tapak,JAMBI,KAB BUNGO,Rimbo Tengah,Sungai Mengkuang,L,SWASTA,4.000.000,PT GRIYA MULYA LESTARI,GRIYA DAKSINAPATI ASRI 2,36,104,166.000.000,180,5%,120.255.000,"26 May, 2026","9 June, 2026"
3845841,2026,2026,BANK BNI,REI,tapak,JAMBI,KAB BUNGO,Bathin III,Manggis,L,SWASTA,5.000.000,PT CITRA NAE ZIDNI,CITRA RESIDENCE 4,36,108,166.000.000,180,5%,120.255.000,"2 June, 2026","9 June, 2026"
3845849,2026,2026,BANK BNI,REI,tapak,JAMBI,KAB BUNGO,Bungo Dani,Talang Pantai,L,SWASTA,4.300.000,PT BANGUN PESONA INDAH,HARMONI NUSA INDAH,36,104,166.000.000,180,5%,120.255.000,"5 June, 2026","9 June, 2026"
3845884,2026,2026,BANK BNI,REI,tapak,JAMBI,KAB BUNGO,Bungo Dani,Talang Pantai,L,WIRASWASTA,5.000.000,PT BANGUN PESONA INDAH,HARMONI NUSA INDAH,36,104,166.000.000,180,5%,120.255.000,"25 May, 2026","9 June, 2026"
3845956,2026,2026,BANK BNI,PI,tapak,JAMBI,KAB BUNGO,Rimbo Tengah,Sungai Mengkuang,L,LAINNYA,4.000.000,PT GRIYA MULYA LESTARI,GRIYA DAKSINAPATI ASRI 2,36,104,166.000.000,180,5%,120.255.000,"21 May, 2026","9 June, 2026"
3845958,2026,2026,BANK BNI,PI,tapak,JAMBI,KAB BUNGO,Rimbo Tengah,Sungai Mengkuang,L,LAINNYA,5.000.000,PT GRIYA MULYA LESTARI,GRIYA DAKSINAPATI ASRI 2,36,104,166.000.000,180,5%,120.255.000,"21 May, 2026","9 June, 2026"
3846706,2026,2026,BANK BTN,REI,tapak,JAMBI,KAB BUNGO,Rimbo Tengah,Sungai Mengkuang,L,WIRASWASTA,9.947.000,PT KHOVIZ LANSKAP PROPERTI,Pessona Bungo Residence,36,108,166.000.000,204,5%,118.275.000,"26 May, 2026","9 June, 2026"
3848747,2026,2026,BANK BTN,REI,tapak,JAMBI,KAB BUNGO,Bathin III,Manggis,P,LAINNYA,3.385.400,PT CITRA NAE ZIDNI,CITRA RESIDENCE 4,36,108,166.000.000,180,5%,120.255.000,"26 May, 2026","11 June, 2026"
3848748,2026,2026,BANK BTN,REI,tapak,JAMBI,KAB BUNGO,Bathin III,Manggis,L,WIRASWASTA,3.500.000,PT CITRA NAE ZIDNI,CITRA RESIDENCE 4,36,108,166.000.000,180,5%,120.255.000,"4 June, 2026","11 June, 2026"
3848843,2026,2026,BANK BTN,REI,tapak,JAMBI,KAB BUNGO,Rimbo Tengah,Pasir Putih,P,SWASTA,3.300.000,PT MARGA MULYA INDAH ASRI,MULIA INDAH ASRI 2,36,84,150.500.000,240,5%,104.250.000,"19 May, 2026","11 June, 2026"
3848900,2026,2026,BANK BTN,REI,tapak,JAMBI,KAB BUNGO,Batin II Babeko,Tanjung Menanti,L,SWASTA,3.500.000,PT PETRA CIPTA UTAMA,GREEN PETRA 3,36,108,166.000.000,240,5%,120.255.000,"26 May, 2026","11 June, 2026"
3848901,2026,2026,BANK BTN,REI,tapak,JAMBI,KAB BUNGO,Rimbo Tengah,Pasir Putih,L,LAINNYA,3.500.000,PT MITRA HARAPAN KENTJANA,Graha Bungo Kentjana tahap 2,36,91,166.000.000,180,5%,120.255.000,"26 May, 2026","11 June, 2026"
3848903,2026,2026,BANK BTN,REI,tapak,JAMBI,KAB BUNGO,Rimbo Tengah,Cadika,L,WIRASWASTA,3.500.000,PT DEFANA PERMATA GROUP,BUNGO ANUGRAH RESIDENCE,36,108,166.000.000,240,5%,120.255.000,"26 May, 2026","11 June, 2026"
3848911,2026,2026,BANK BTN,REI,tapak,JAMBI,KAB BUNGO,Batin II Babeko,Tanjung Menanti,P,SWASTA,3.500.000,PT PETRA CIPTA UTAMA,GREEN PETRA 3,36,108,166.000.000,240,5%,120.255.000,"26 May, 2026","11 June, 2026"
3848918,2026,2026,BANK BTN,REI,tapak,JAMBI,KAB BUNGO,Bathin III,Manggis,L,WIRASWASTA,3.500.000,PT CITRA NAE ZIDNI,CITRA RESIDENCE 4,36,108,166.000.000,180,5%,120.255.000,"23 May, 2026","11 June, 2026"
3849533,2026,2026,BANK BTN,HIMPERRA,tapak,JAMBI,KAB BUNGO,Bathin III,Sungai Binjai,P,SWASTA,5.413.000,PT ADIAN RATU,VILLA ADIAN RATU,36,150,166.000.000,240,5%,120.255.000,"2 June, 2026","11 June, 2026"
3850597,2026,2026,BANK BTN,REI,tapak,JAMBI,KAB BUNGO,Bathin III,Manggis,L,WIRASWASTA,3.500.000,PT CITRA NAE ZIDNI,CITRA RESIDENCE 4,36,108,166.000.000,180,5%,120.255.000,"8 June, 2026","11 June, 2026"
3856983,2026,2026,BANK BTN,REI,tapak,JAMBI,KAB BUNGO,Bathin III,Manggis,P,WIRASWASTA,3.500.000,CIPTA JAYA EWISA,BUNGO CIPTA GRAHA 5,36,108,166.000.000,240,5%,118.275.000,"11 June, 2026","19 June, 2026"
3856991,2026,2026,BANK BTN,REI,tapak,JAMBI,KAB BUNGO,Bathin III,Manggis,L,WIRASWASTA,3.500.000,PT CITRA NAE ZIDNI,CITRA RESIDENCE 4,36,108,166.000.000,240,5%,120.255.000,"10 June, 2026","19 June, 2026"
3856993,2026,2026,BANK BTN,HIMPERRA,tapak,JAMBI,KAB BUNGO,Bathin III,Sungai Binjai,L,SWASTA,3.500.000,PT ADIAN RATU,VILLA ADIAN RATU,36,150,166.000.000,156,5%,120.255.000,"12 June, 2026","19 June, 2026"
3858607,2026,2026,BANK BTN,REI,tapak,JAMBI,KAB BUNGO,Bathin III,Manggis,P,WIRASWASTA,5.000.000,PT CITRA NAE ZIDNI,CITRA RESIDENCE 4,36,108,166.000.000,180,5%,120.255.000,"12 June, 2026","19 June, 2026"
3869190,2026,2026,BANK BTN,REI,tapak,JAMBI,KAB BUNGO,Bathin III,Manggis,L,WIRASWASTA,3.500.000,PT CITRA NAE ZIDNI,CITRA RESIDENCE 4,36,108,166.000.000,180,5%,120.255.000,"19 June, 2026","26 June, 2026"
3869192,2026,2026,BANK BTN,PI,tapak,JAMBI,KAB BUNGO,Rimbo Tengah,Sungai Mengkuang,P,WIRASWASTA,3.500.000,PT SINAR PENYELAMAT UMAT,AL KAUTSAR RESIDENCE 8,36,105,166.000.000,180,5%,120.255.000,"19 June, 2026","26 June, 2026"
3869193,2026,2026,BANK BTN,PI,tapak,JAMBI,KAB BUNGO,Rimbo Tengah,Sungai Mengkuang,P,WIRASWASTA,3.500.000,PT SINAR PENYELAMAT UMAT,AL KAUTSAR RESIDENCE 8,30,90,140.000.000,240,5%,100.500.000,"19 June, 2026","26 June, 2026"
3869202,2026,2026,BANK BTN,REI,tapak,JAMBI,KAB BUNGO,Bathin III,Manggis,L,SWASTA,3.500.000,PT CITRA NAE ZIDNI,CITRA RESIDENCE 4,36,108,166.000.000,240,5%,120.255.000,"12 June, 2026","26 June, 2026"
3869223,2026,2026,BANK BTN,REI,tapak,JAMBI,KAB BUNGO,Bathin III,Manggis,L,SWASTA,3.500.000,CIPTA JAYA EWISA,Bungo Cipta Graha 6,36,120,166.000.000,180,5%,120.255.000,"18 June, 2026","26 June, 2026"
3869317,2026,2026,BANK BTN,REI,tapak,JAMBI,KAB BUNGO,Bathin III,Manggis,L,SWASTA,4.000.000,CIPTA JAYA EWISA,Bungo Cipta Graha 6,36,108,166.000.000,240,5%,118.275.000,"17 June, 2026","26 June, 2026"
3869327,2026,2026,BANK BTN,REI,tapak,JAMBI,KAB BUNGO,Bathin III,Manggis,P,SWASTA,4.000.000,CIPTA JAYA EWISA,Bungo Cipta Graha 6,36,108,166.000.000,240,5%,120.225.000,"18 June, 2026","26 June, 2026"
3870571,2026,2026,BANK BTN,REI,tapak,JAMBI,KAB BUNGO,Bungo Dani,Talang Pantai,L,WIRASWASTA,5.000.000,PT ANUGERAH REZEKI BERSAUDARA MADANI,Bungo Dani Residence 3,36,107,162.000.000,180,5%,115.387.500,"18 June, 2026","26 June, 2026"
3870626,2026,2026,BANK BTN,HIMPERRA,tapak,JAMBI,KAB BUNGO,Bathin III,Sungai Binjai,P,SWASTA,5.077.000,PT ADIAN RATU,VILLA ADIAN RATU,36,150,166.000.000,240,5%,118.275.000,"19 June, 2026","26 June, 2026"
3870756,2026,2026,BANK BTN,REI,tapak,JAMBI,KAB BUNGO,Batin II Babeko,Tanjung Menanti,P,SWASTA,5.565.000,PT PETRA CIPTA UTAMA,GREEN PETRA 3,36,108,166.000.000,240,5%,120.255.000,"18 June, 2026","26 June, 2026"
3871226,2026,2026,BANK BTN,REI,tapak,JAMBI,KAB BUNGO,Rimbo Tengah,Sungai Mengkuang,L,WIRASWASTA,7.550.000,PT KHOVIZ LANSKAP PROPERTI,PESSONA BUNGO RESIDENCE 2,36,118,166.000.000,180,5%,118.275.000,"18 June, 2026","26 June, 2026"
3871228,2026,2026,BANK BTN,REI,tapak,JAMBI,KAB BUNGO,Rimbo Tengah,Sungai Mengkuang,L,SWASTA,7.596.497,PT KHOVIZ LANSKAP PROPERTI,Pessona Bungo Residence,36,108,166.000.000,180,5%,118.275.000,"18 June, 2026","26 June, 2026"
3873795,2026,2026,BANK BTN,REI,tapak,JAMBI,KAB BUNGO,Bathin III,Manggis,P,SWASTA,4.800.000,CIPTA JAYA EWISA,Bungo Cipta Graha 6,36,108,166.000.000,240,5%,118.275.000,"18 June, 2026","26 June, 2026"
3876528,2026,2026,BANK BTN,REI,tapak,JAMBI,KAB BUNGO,Bathin III,Manggis,P,SWASTA,5.400.000,CIPTA JAYA EWISA,Bungo Cipta Graha 6,36,108,166.000.000,120,5%,120.255.000,"24 June, 2026","29 June, 2026"
3876877,2026,2026,BANK BTN,PI,tapak,JAMBI,KAB BUNGO,Batin II Babeko,Tanjung Menanti,L,SWASTA,6.520.814,PT NUSANTARA AGUNG PROPERTY,TROPIKANA RESIDENCE,36,144,166.000.000,180,5%,120.255.000,"17 June, 2026","29 June, 2026"
3879896,2026,2026,BANK BTN,REI,tapak,JAMBI,KAB BUNGO,Bathin III,Manggis,P,WIRASWASTA,3.500.000,PT CITRA NAE ZIDNI,CITRA RESIDENCE 4,36,108,166.000.000,240,5%,120.255.000,"22 June, 2026","29 June, 2026"
3879987,2026,2026,BANK BTN,REI,tapak,JAMBI,KAB BUNGO,Bathin III,Manggis,P,SWASTA,4.000.000,CIPTA JAYA EWISA,Bungo Cipta Graha 6,36,108,166.000.000,180,5%,120.255.000,"24 June, 2026","29 June, 2026"
3880015,2026,2026,BANK BTN,PI,tapak,JAMBI,KAB BUNGO,Rimbo Tengah,Sungai Mengkuang,P,SWASTA,4.000.000,PT AMARDHIKA TUJUH LANGIT,LANGIT RESIDENCE,36,120,162.000.000,180,5%,117.285.000,"24 June, 2026","29 June, 2026"
3884237,2026,2026,BANK BNI,REI,tapak,JAMBI,KAB BUNGO,Bungo Dani,Talang Pantai,L,WIRASWASTA,6.000.000,PT BANGUN PESONA INDAH,HARMONI NUSA INDAH,36,104,166.000.000,180,5%,120.255.000,"24 June, 2026","30 June, 2026"
3884242,2026,2026,BANK BNI,PI,tapak,JAMBI,KAB BUNGO,Rimbo Tengah,Sungai Mengkuang,P,WIRASWASTA,4.000.000,PT GRIYA MULYA LESTARI,GRIYA DAKSINAPATI ASRI 2,36,104,166.000.000,180,5%,120.255.000,"26 June, 2026","30 June, 2026"
3884245,2026,2026,BANK BNI,REI,tapak,JAMBI,KAB BUNGO,Bungo Dani,Talang Pantai,P,WIRASWASTA,3.000.000,PT BANGUN PESONA INDAH,HARMONI NUSA INDAH,36,104,166.000.000,156,5%,120.255.000,"24 June, 2026","30 June, 2026"
3884361,2026,2026,BANK BNI,PI,tapak,JAMBI,KAB BUNGO,Rimbo Tengah,Sungai Mengkuang,P,SWASTA,3.500.000,PT GRIYA MULYA LESTARI,GRIYA DAKSINAPATI ASRI 2,36,104,166.000.000,180,5%,120.255.000,"12 June, 2026","30 June, 2026"
3884370,2026,2026,BANK BNI,PI,tapak,JAMBI,KAB BUNGO,Rimbo Tengah,Sungai Mengkuang,L,LAINNYA,4.000.000,PT GRIYA MULYA LESTARI,GRIYA DAKSINAPATI ASRI 2,36,104,166.000.000,180,5%,120.255.000,"12 June, 2026","30 June, 2026"
3884384,2026,2026,BANK BNI,REI,tapak,JAMBI,KAB BUNGO,Bathin III,Manggis,P,WIRASWASTA,9.000.000,PT CITRA NAE ZIDNI,CITRA RESIDENCE 4,36,108,166.000.000,180,5%,120.255.000,"15 June, 2026","30 June, 2026"
3884421,2026,2026,BANK BNI,REI,tapak,JAMBI,KAB BUNGO,Bathin III,Manggis,L,WIRASWASTA,6.000.000,PT CITRA NAE ZIDNI,CITRA RESIDENCE 4,36,108,166.000.000,180,5%,120.255.000,"10 June, 2026","30 June, 2026"
3884454,2026,2026,BANK BNI,REI,tapak,JAMBI,KAB BUNGO,Bathin III,Manggis,L,WIRASWASTA,5.000.000,PT CITRA NAE ZIDNI,CITRA RESIDENCE 2 (PENGEMBANGAN),36,108,166.000.000,180,5%,120.255.000,"11 June, 2026","30 June, 2026"
3884458,2026,2026,BANK BNI,REI,tapak,JAMBI,KAB BUNGO,Bathin III,Manggis,L,WIRASWASTA,4.000.000,PT CITRA NAE ZIDNI,CITRA RESIDENCE 4,36,108,166.000.000,180,5%,120.255.000,"12 June, 2026","30 June, 2026"
3884471,2026,2026,BANK BNI,REI,tapak,JAMBI,KAB BUNGO,Bathin III,Manggis,L,LAINNYA,4.000.000,PT CITRA NAE ZIDNI,CITRA RESIDENCE 4,36,108,166.000.000,144,5%,120.255.000,"12 June, 2026","30 June, 2026"
3884486,2026,2026,BANK BNI,PI,tapak,JAMBI,KAB BUNGO,Rimbo Tengah,Sungai Mengkuang,P,WIRASWASTA,4.000.000,PT GRIYA MULYA LESTARI,GRIYA DAKSINAPATI ASRI 2,36,104,166.000.000,180,5%,120.255.000,"12 June, 2026","30 June, 2026"
3884498,2026,2026,BANK BNI,REI,tapak,JAMBI,KAB BUNGO,Bathin III,Manggis,L,WIRASWASTA,9.000.000,PT CITRA NAE ZIDNI,CITRA RESIDENCE 4,36,108,166.000.000,180,5%,120.255.000,"9 June, 2026","30 June, 2026"
3884584,2026,2026,BANK BNI,REI,tapak,JAMBI,KAB BUNGO,Bathin III,Manggis,L,SWASTA,6.000.000,PT CITRA NAE ZIDNI,CITRA RESIDENCE 4,36,108,166.000.000,180,5%,120.255.000,"25 June, 2026","30 June, 2026"
3884661,2026,2026,BANK BNI,PI,tapak,JAMBI,KAB BUNGO,Rimbo Tengah,Sungai Mengkuang,L,SWASTA,4.000.000,PT GRIYA MULYA LESTARI,GRIYA DAKSINAPATI ASRI 2,36,104,166.000.000,180,5%,120.255.000,"17 June, 2026","30 June, 2026"
3884663,2026,2026,BANK BNI,PI,tapak,JAMBI,KAB BUNGO,Rimbo Tengah,Sungai Mengkuang,P,SWASTA,5.000.000,PT GRIYA MULYA LESTARI,GRIYA DAKSINAPATI ASRI 2,36,104,166.000.000,144,5%,120.255.000,"12 June, 2026","30 June, 2026"
3884676,2026,2026,BANK BNI,REI,tapak,JAMBI,KAB BUNGO,Bungo Dani,Talang Pantai,L,WIRASWASTA,5.000.000,PT BANGUN PESONA INDAH,HARMONI NUSA INDAH,36,126,166.000.000,180,5%,120.255.000,"23 June, 2026","30 June, 2026"
3884687,2026,2026,BANK BNI,REI,tapak,JAMBI,KAB BUNGO,Bathin III,Manggis,P,WIRASWASTA,7.000.000,PT CITRA NAE ZIDNI,CITRA RESIDENCE 4,36,108,166.000.000,180,5%,120.255.000,"17 June, 2026","30 June, 2026"
3884971,2026,2026,BANK BNI,REI,tapak,JAMBI,KAB BUNGO,Bungo Dani,Talang Pantai,L,SWASTA,5.500.000,PT BANGUN PESONA INDAH,HARMONI NUSA INDAH,36,104,166.000.000,228,5%,120.255.000,"9 June, 2026","30 June, 2026"
3886306,2026,2026,BANK MANDIRI,REI,tapak,JAMBI,KAB BUNGO,Bathin III,Manggis,L,WIRASWASTA,4.500.000,CIPTA JAYA EWISA,Bungo Cipta Graha 6,36,108,166.000.000,180,5%,120.255.000,"20 May, 2026","30 June, 2026"
3887173,2026,2026,BANK BTN,REI,tapak,JAMBI,KAB BUNGO,Bathin III,Manggis,P,LAINNYA,4.700.000,PT CITRA NAE ZIDNI,CITRA RESIDENCE 4,36,192,166.000.000,240,5%,120.255.000,"28 April, 2026","30 June, 2026"
3889680,2026,2026,BANK BTN,PI,tapak,JAMBI,KAB BUNGO,Bathin III,Manggis,L,SWASTA,5.800.000,PT MITRA SENTOSA MANDIRI,SENTOSA RESIDENCE TAHAP 2,36,108,162.000.000,156,5%,115.425.000,"29 June, 2026","30 June, 2026"
